subject,hemisphere,reference_rank,same_rank_abs_spatial_r,best_local_rank,best_local_abs_spatial_r,local_rank_shift,template_eigenvalue,subject_same_rank_eigenvalue,subject_best_local_eigenvalue,local_radius,metric,local_search_note
sub-22,left,1,0.9973680973052979,1,0.9973680973052979,0,0.00020565901145301255,9.258943260608693e-05,9.258943260608693e-05,3,absolute Pearson r across 29696 matched cortical vertices,descriptive ceiling; candidate reuse allowed
sub-22,left,2,0.9900052547454834,2,0.9900052547454834,0,0.00038267504967507554,0.00023950502735650692,0.00023950502735650692,3,absolute Pearson r across 29696 matched cortical vertices,descriptive ceiling; candidate reuse allowed
sub-22,left,3,0.9780964255332947,3,0.9780964255332947,0,0.0006062518629979027,0.0003077768850563885,0.0003077768850563885,3,absolute Pearson r across 29696 matched cortical vertices,descriptive ceiling; candidate reuse allowed
sub-22,left,4,0.95738685131073,4,0.95738685131073,0,0.000841480452014565,0.0004639654768088305,0.0004639654768088305,3,absolute Pearson r across 29696 matched cortical vertices,descriptive ceiling; candidate reuse allowed
sub-22,left,5,0.8997748494148254,5,0.8997748494148254,0,0.0011684756727802642,0.0005386280396512677,0.0005386280396512677,3,absolute Pearson r across 29696 matched cortical vertices,descriptive ceiling; candidate reuse allowed
sub-22,left,6,0.8825777769088745,6,0.8825777769088745,0,0.0013515353614201274,0.000614718846606712,0.000614718846606712,3,absolute Pearson r across 29696 matched cortical vertices,descriptive ceiling; candidate reuse allowed
sub-22,left,7,0.5737782716751099,9,0.5843502879142761,2,0.001480783907712743,0.0008598312086082072,0.0010036352039894253,3,absolute Pearson r across 29696 matched cortical vertices,descriptive ceiling; candidate reuse allowed
sub-22,left,8,0.01759212091565132,9,0.6183062195777893,1,0.0019474177261556147,0.0009549614455784533,0.0010036352039894253,3,absolute Pearson r across 29696 matched cortical vertices,descriptive ceiling; candidate reuse allowed
sub-22,left,9,0.3137725293636322,10,0.7880719304084778,1,0.0020111487185026575,0.0010036352039894253,0.0010903383898028876,3,absolute Pearson r across 29696 matched cortical vertices,descriptive ceiling; candidate reuse allowed
sub-22,left,10,0.06375307589769363,8,0.7074655294418335,-2,0.0021551664932082156,0.0010903383898028876,0.0009549614455784533,3,absolute Pearson r across 29696 matched cortical vertices,descriptive ceiling; candidate reuse allowed
sub-22,left,11,0.7658162713050842,11,0.7658162713050842,0,0.0023572565884631257,0.001274998642864185,0.001274998642864185,3,absolute Pearson r across 29696 matched cortical vertices,descriptive ceiling; candidate reuse allowed
sub-22,left,12,0.6680994629859924,12,0.6680994629859924,0,0.0026593902933269072,0.0013585730655762875,0.0013585730655762875,3,absolute Pearson r across 29696 matched cortical vertices,descriptive ceiling; candidate reuse allowed
sub-22,left,13,0.7127830386161804,13,0.7127830386161804,0,0.0028597015410241483,0.0014271693647976563,0.0014271693647976563,3,absolute Pearson r across 29696 matched cortical vertices,descriptive ceiling; candidate reuse allowed
sub-22,left,14,0.38659656047821045,15,0.6599670052528381,1,0.0032586204357158526,0.0016669283501616148,0.0017212413169921895,3,absolute Pearson r across 29696 matched cortical vertices,descriptive ceiling; candidate reuse allowed
sub-22,left,15,0.336630642414093,13,0.49904245138168335,-2,0.0034445164632125377,0.0017212413169921895,0.0014271693647976563,3,absolute Pearson r across 29696 matched cortical vertices,descriptive ceiling; candidate reuse allowed
sub-22,left,16,0.030479993671178818,14,0.7906920313835144,-2,0.003549326509246848,0.0017889136174741305,0.0016669283501616148,3,absolute Pearson r across 29696 matched cortical vertices,descriptive ceiling; candidate reuse allowed
sub-22,left,17,0.0699055939912796,18,0.5480443239212036,1,0.0038856954586902193,0.0018914498726721723,0.002079054834522304,3,absolute Pearson r across 29696 matched cortical vertices,descriptive ceiling; candidate reuse allowed
sub-22,left,18,0.017709627747535706,21,0.548399806022644,3,0.004167180015573861,0.002079054834522304,0.002497645051078804,3,absolute Pearson r across 29696 matched cortical vertices,descriptive ceiling; candidate reuse allowed
sub-22,left,19,0.1587572991847992,17,0.6302297711372375,-2,0.004357478673110543,0.0021606515271847433,0.0018914498726721723,3,absolute Pearson r across 29696 matched cortical vertices,descriptive ceiling; candidate reuse allowed
sub-22,left,20,0.047086745500564575,19,0.5663394927978516,-1,0.004562219236205376,0.0024368281792968172,0.0021606515271847433,3,absolute Pearson r across 29696 matched cortical vertices,descriptive ceiling; candidate reuse allowed
sub-22,left,21,0.2972989082336426,24,0.4315028488636017,3,0.00497325606312444,0.002497645051078804,0.002700537763022152,3,absolute Pearson r across 29696 matched cortical vertices,descriptive ceiling; candidate reuse allowed
sub-22,left,22,0.1245889961719513,24,0.500677227973938,2,0.005045633085375879,0.0025141301574679517,0.002700537763022152,3,absolute Pearson r across 29696 matched cortical vertices,descriptive ceiling; candidate reuse allowed
sub-22,left,23,0.5275724530220032,23,0.5275724530220032,0,0.0052988304614609676,0.0026543389176421454,0.0026543389176421454,3,absolute Pearson r across 29696 matched cortical vertices,descriptive ceiling; candidate reuse allowed
sub-22,left,24,0.248933807015419,23,0.39132970571517944,-1,0.005463586189295228,0.002700537763022152,0.0026543389176421454,3,absolute Pearson r across 29696 matched cortical vertices,descriptive ceiling; candidate reuse allowed
sub-22,left,25,0.26745522022247314,23,0.3852316439151764,-2,0.005555909635911229,0.0027240388709961223,0.0026543389176421454,3,absolute Pearson r across 29696 matched cortical vertices,descriptive ceiling; candidate reuse allowed
sub-22,left,26,0.01761789061129093,28,0.3332780599594116,2,0.006081045007653803,0.003023478041775893,0.0032229007075569045,3,absolute Pearson r across 29696 matched cortical vertices,descriptive ceiling; candidate reuse allowed
sub-22,left,27,0.11749373376369476,26,0.563844621181488,-1,0.006278933982889126,0.0031068593437081366,0.003023478041775893,3,absolute Pearson r across 29696 matched cortical vertices,descriptive ceiling; candidate reuse allowed
sub-22,left,28,0.3791148066520691,28,0.3791148066520691,0,0.006598257882186343,0.0032229007075569045,0.0032229007075569045,3,absolute Pearson r across 29696 matched cortical vertices,descriptive ceiling; candidate reuse allowed
sub-22,left,29,0.005735017359256744,32,0.1606442630290985,3,0.006834151802751135,0.0033219244514959695,0.0037514465927279035,3,absolute Pearson r across 29696 matched cortical vertices,descriptive ceiling; candidate reuse allowed
sub-22,left,30,0.03641756623983383,29,0.4856843948364258,-1,0.0070411674526587534,0.0034873051460021388,0.0033219244514959695,3,absolute Pearson r across 29696 matched cortical vertices,descriptive ceiling; candidate reuse allowed
sub-22,left,31,0.17550231516361237,32,0.4294939637184143,1,0.007222766143896614,0.0036975891498458834,0.0037514465927279035,3,absolute Pearson r across 29696 matched cortical vertices,descriptive ceiling; candidate reuse allowed
sub-22,left,32,0.06961958110332489,31,0.5724492073059082,-1,0.007447032950282947,0.0037514465927279035,0.0036975891498458834,3,absolute Pearson r across 29696 matched cortical vertices,descriptive ceiling; candidate reuse allowed
sub-22,left,33,0.18065187335014343,30,0.48675134778022766,-3,0.007537177260847365,0.0038011642947080038,0.0034873051460021388,3,absolute Pearson r across 29696 matched cortical vertices,descriptive ceiling; candidate reuse allowed
sub-22,left,34,0.39429187774658203,34,0.39429187774658203,0,0.007635569393654474,0.0038512606552361522,0.0038512606552361522,3,absolute Pearson r across 29696 matched cortical vertices,descriptive ceiling; candidate reuse allowed
sub-22,left,35,0.09916284680366516,38,0.21941523253917694,3,0.008136704446688311,0.0039932719414371015,0.00443939211866335,3,absolute Pearson r across 29696 matched cortical vertices,descriptive ceiling; candidate reuse allowed
sub-22,left,36,0.11029906570911407,39,0.3990406095981598,3,0.00830018563254256,0.004103654955955001,0.004585305614457757,3,absolute Pearson r across 29696 matched cortical vertices,descriptive ceiling; candidate reuse allowed
sub-22,left,37,0.18430101871490479,40,0.3104473054409027,3,0.008591118800951326,0.0042485765209936705,0.0046059388712547545,3,absolute Pearson r across 29696 matched cortical vertices,descriptive ceiling; candidate reuse allowed
sub-22,left,38,0.1652093380689621,36,0.6687753796577454,-2,0.008881681138766329,0.00443939211866335,0.004103654955955001,4,absolute Pearson r across 29696 matched cortical vertices,descriptive ceiling; candidate reuse allowed
sub-22,left,39,0.01821652613580227,37,0.2685854732990265,-2,0.009166860845564671,0.004585305614457757,0.0042485765209936705,4,absolute Pearson r across 29696 matched cortical vertices,descriptive ceiling; candidate reuse allowed
sub-22,left,40,0.08494957536458969,38,0.3656572997570038,-2,0.009359357206284032,0.0046059388712547545,0.00443939211866335,4,absolute Pearson r across 29696 matched cortical vertices,descriptive ceiling; candidate reuse allowed
sub-22,left,41,0.3208055794239044,41,0.3208055794239044,0,0.009524807443460346,0.004779798041475844,0.004779798041475844,4,absolute Pearson r across 29696 matched cortical vertices,descriptive ceiling; candidate reuse allowed
sub-22,left,42,0.37958481907844543,42,0.37958481907844543,0,0.009881571195856887,0.00492481763884086,0.00492481763884086,4,absolute Pearson r across 29696 matched cortical vertices,descriptive ceiling; candidate reuse allowed
sub-22,left,43,0.32304394245147705,43,0.32304394245147705,0,0.010167280482346415,0.004987880549472058,0.004987880549472058,4,absolute Pearson r across 29696 matched cortical vertices,descriptive ceiling; candidate reuse allowed
sub-22,left,44,0.21637074649333954,47,0.33166953921318054,3,0.01037568303532056,0.005111086532850124,0.005582292605107928,4,absolute Pearson r across 29696 matched cortical vertices,descriptive ceiling; candidate reuse allowed
sub-22,left,45,0.09310214966535568,44,0.3425334692001343,-1,0.010575490728550982,0.005208276347019945,0.005111086532850124,4,absolute Pearson r across 29696 matched cortical vertices,descriptive ceiling; candidate reuse allowed
sub-22,left,46,0.07573762536048889,45,0.3261908292770386,-1,0.010809721024404332,0.005308444829319308,0.005208276347019945,4,absolute Pearson r across 29696 matched cortical vertices,descriptive ceiling; candidate reuse allowed
sub-22,left,47,0.1703624278306961,43,0.3258579671382904,-4,0.011127797000159664,0.005582292605107928,0.004987880549472058,4,absolute Pearson r across 29696 matched cortical vertices,descriptive ceiling; candidate reuse allowed
sub-22,left,48,0.005961273331195116,52,0.2365732640028,4,0.011248270393938808,0.00570113650589958,0.006117527129300011,4,absolute Pearson r across 29696 matched cortical vertices,descriptive ceiling; candidate reuse allowed
sub-22,left,49,0.3145265281200409,50,0.3187437653541565,1,0.011569046818967648,0.005786463773247855,0.005843622284898898,4,absolute Pearson r across 29696 matched cortical vertices,descriptive ceiling; candidate reuse allowed
sub-22,left,50,0.22695404291152954,46,0.2783430516719818,-4,0.011897096679555274,0.005843622284898898,0.005308444829319308,4,absolute Pearson r across 29696 matched cortical vertices,descriptive ceiling; candidate reuse allowed
sub-22,left,51,0.10242509841918945,48,0.3462282419204712,-3,0.012134083551319721,0.005965046796144109,0.00570113650589958,5,absolute Pearson r across 29696 matched cortical vertices,descriptive ceiling; candidate reuse allowed
sub-22,left,52,0.18258559703826904,55,0.3628057837486267,3,0.012186847134240212,0.006117527129300011,0.006420111307465908,5,absolute Pearson r across 29696 matched cortical vertices,descriptive ceiling; candidate reuse allowed
sub-22,left,53,0.09485691040754318,58,0.49162566661834717,5,0.012241293195609891,0.006257095998095178,0.0067078063393647604,5,absolute Pearson r across 29696 matched cortical vertices,descriptive ceiling; candidate reuse allowed
sub-22,left,54,0.2638172209262848,54,0.2638172209262848,0,0.01257369790897715,0.006306742314729366,0.006306742314729366,5,absolute Pearson r across 29696 matched cortical vertices,descriptive ceiling; candidate reuse allowed
sub-22,left,55,0.14132852852344513,51,0.2832099199295044,-4,0.012882109454582612,0.006420111307465908,0.005965046796144109,5,absolute Pearson r across 29696 matched cortical vertices,descriptive ceiling; candidate reuse allowed
sub-22,left,56,0.2827814519405365,53,0.3356564939022064,-3,0.01313902733765602,0.006577934749741972,0.006257095998095178,5,absolute Pearson r across 29696 matched cortical vertices,descriptive ceiling; candidate reuse allowed
sub-22,left,57,0.10154657065868378,52,0.23351889848709106,-5,0.013347014220723196,0.006617338407703665,0.006117527129300011,5,absolute Pearson r across 29696 matched cortical vertices,descriptive ceiling; candidate reuse allowed
sub-22,left,58,0.07331753522157669,57,0.2361006736755371,-1,0.0137520867201161,0.0067078063393647604,0.006617338407703665,5,absolute Pearson r across 29696 matched cortical vertices,descriptive ceiling; candidate reuse allowed
sub-22,left,59,0.30629128217697144,57,0.36566925048828125,-2,0.01384725178745694,0.006832850616104587,0.006617338407703665,5,absolute Pearson r across 29696 matched cortical vertices,descriptive ceiling; candidate reuse allowed
sub-22,left,60,0.07089893519878387,64,0.37759488821029663,4,0.014194399935886797,0.006902636659253064,0.007476000873991426,5,absolute Pearson r across 29696 matched cortical vertices,descriptive ceiling; candidate reuse allowed
sub-22,left,61,0.20608732104301453,56,0.23345373570919037,-5,0.01431472255921965,0.007188028623419272,0.006577934749741972,5,absolute Pearson r across 29696 matched cortical vertices,descriptive ceiling; candidate reuse allowed
sub-22,left,62,0.22988292574882507,62,0.22988292574882507,0,0.01474375241825831,0.007276851064788042,0.007276851064788042,5,absolute Pearson r across 29696 matched cortical vertices,descriptive ceiling; candidate reuse allowed
sub-22,left,63,0.22556047141551971,69,0.31391170620918274,6,0.014998630764491814,0.007350661335307892,0.008186704870806244,6,absolute Pearson r across 29696 matched cortical vertices,descriptive ceiling; candidate reuse allowed
sub-22,left,64,0.06299205124378204,60,0.3480835258960724,-4,0.015036485738692677,0.007476000873991426,0.006902636659253064,6,absolute Pearson r across 29696 matched cortical vertices,descriptive ceiling; candidate reuse allowed
sub-22,left,65,0.07161451876163483,71,0.25945761799812317,6,0.015475529228502807,0.00766483198324963,0.008428340254563736,6,absolute Pearson r across 29696 matched cortical vertices,descriptive ceiling; candidate reuse allowed
sub-22,left,66,0.15974798798561096,65,0.25568443536758423,-1,0.015610051415530705,0.007707355252273068,0.00766483198324963,6,absolute Pearson r across 29696 matched cortical vertices,descriptive ceiling; candidate reuse allowed
sub-22,left,67,0.01957862265408039,63,0.22920888662338257,-4,0.015946451185797357,0.007796667458979197,0.007350661335307892,6,absolute Pearson r across 29696 matched cortical vertices,descriptive ceiling; candidate reuse allowed
sub-22,left,68,0.1770704835653305,73,0.351268470287323,5,0.01616313380155085,0.007868478964982424,0.008621934675423082,6,absolute Pearson r across 29696 matched cortical vertices,descriptive ceiling; candidate reuse allowed
sub-22,left,69,0.12839968502521515,67,0.24263855814933777,-2,0.016241806371952473,0.008186704870806244,0.007796667458979197,6,absolute Pearson r across 29696 matched cortical vertices,descriptive ceiling; candidate reuse allowed
sub-22,left,70,0.20646652579307556,72,0.29128298163414,2,0.016565084505222046,0.008219023855820766,0.008574151064235482,6,absolute Pearson r across 29696 matched cortical vertices,descriptive ceiling; candidate reuse allowed
sub-22,left,71,0.18642114102840424,72,0.20546317100524902,1,0.016787232079567074,0.008428340254563736,0.008574151064235482,6,absolute Pearson r across 29696 matched cortical vertices,descriptive ceiling; candidate reuse allowed
sub-22,left,72,0.07301179319620132,66,0.26746001839637756,-6,0.017057092461766794,0.008574151064235482,0.007707355252273068,6,absolute Pearson r across 29696 matched cortical vertices,descriptive ceiling; candidate reuse allowed
sub-22,left,73,0.20867981016635895,75,0.24757550656795502,2,0.017209511764835914,0.008621934675423082,0.008778931029405612,6,absolute Pearson r across 29696 matched cortical vertices,descriptive ceiling; candidate reuse allowed
sub-22,left,74,0.08813710510730743,69,0.2212374061346054,-5,0.017548350344876014,0.008696956330966605,0.008186704870806244,6,absolute Pearson r across 29696 matched cortical vertices,descriptive ceiling; candidate reuse allowed
sub-22,left,75,0.11589019000530243,74,0.15381689369678497,-1,0.017856040219907984,0.008778931029405612,0.008696956330966605,6,absolute Pearson r across 29696 matched cortical vertices,descriptive ceiling; candidate reuse allowed
sub-22,left,76,0.20936085283756256,77,0.302530974149704,1,0.01812497031019341,0.008882268218375669,0.008967470535116045,7,absolute Pearson r across 29696 matched cortical vertices,descriptive ceiling; candidate reuse allowed
sub-22,left,77,0.2357369363307953,77,0.2357369363307953,0,0.018377879023876775,0.008967470535116045,0.008967470535116045,7,absolute Pearson r across 29696 matched cortical vertices,descriptive ceiling; candidate reuse allowed
sub-22,left,78,0.29486560821533203,78,0.29486560821533203,0,0.01840346709926559,0.009103029879383764,0.009103029879383764,7,absolute Pearson r across 29696 matched cortical vertices,descriptive ceiling; candidate reuse allowed
sub-22,left,79,0.003253352362662554,74,0.21188600361347198,-5,0.018571719597166775,0.009225038866399695,0.008696956330966605,7,absolute Pearson r across 29696 matched cortical vertices,descriptive ceiling; candidate reuse allowed
sub-22,left,80,0.3106359541416168,80,0.3106359541416168,0,0.018757059212192007,0.009370292166167403,0.009370292166167403,7,absolute Pearson r across 29696 matched cortical vertices,descriptive ceiling; candidate reuse allowed
sub-22,left,81,0.21804852783679962,81,0.21804852783679962,0,0.019232289151369875,0.009512970294705594,0.009512970294705594,7,absolute Pearson r across 29696 matched cortical vertices,descriptive ceiling; candidate reuse allowed
sub-22,left,82,0.06395114958286285,81,0.2294495403766632,-1,0.019639567522678404,0.009626827900588124,0.009512970294705594,7,absolute Pearson r across 29696 matched cortical vertices,descriptive ceiling; candidate reuse allowed
sub-22,left,83,0.12876999378204346,90,0.24040071666240692,7,0.019753204706037544,0.009763786042619757,0.010568002560412912,7,absolute Pearson r across 29696 matched cortical vertices,descriptive ceiling; candidate reuse allowed
sub-22,left,84,0.026054130867123604,78,0.24023333191871643,-6,0.020060049457248173,0.009908623126972113,0.009103029879383764,7,absolute Pearson r across 29696 matched cortical vertices,descriptive ceiling; candidate reuse allowed
sub-22,left,85,0.06304490566253662,92,0.1392253041267395,7,0.020206596216117152,0.009987607270068812,0.010778488976856944,7,absolute Pearson r across 29696 matched cortical vertices,descriptive ceiling; candidate reuse allowed
sub-22,left,86,0.05398772284388542,83,0.14655812084674835,-3,0.020597647561743516,0.010052634852016245,0.009763786042619757,7,absolute Pearson r across 29696 matched cortical vertices,descriptive ceiling; candidate reuse allowed
sub-22,left,87,0.00971883162856102,85,0.22224287688732147,-2,0.02063593248333373,0.010162223721341035,0.009987607270068812,7,absolute Pearson r across 29696 matched cortical vertices,descriptive ceiling; candidate reuse allowed
sub-22,left,88,0.021586325019598007,87,0.3104524612426758,-1,0.020957425272828907,0.010309287090771257,0.010162223721341035,8,absolute Pearson r across 29696 matched cortical vertices,descriptive ceiling; candidate reuse allowed
sub-22,left,89,0.31806421279907227,89,0.31806421279907227,0,0.021038558032899876,0.01042015138041604,0.01042015138041604,8,absolute Pearson r across 29696 matched cortical vertices,descriptive ceiling; candidate reuse allowed
sub-22,left,90,0.020127154886722565,84,0.23755165934562683,-6,0.02133446048101107,0.010568002560412912,0.009908623126972113,8,absolute Pearson r across 29696 matched cortical vertices,descriptive ceiling; candidate reuse allowed
sub-22,left,91,0.050457656383514404,93,0.1893002837896347,2,0.021392072533719872,0.010603136551708003,0.01094251725122026,8,absolute Pearson r across 29696 matched cortical vertices,descriptive ceiling; candidate reuse allowed
sub-22,left,92,0.09550531953573227,99,0.25367775559425354,7,0.02186895879832912,0.010778488976856944,0.011638675444241518,8,absolute Pearson r across 29696 matched cortical vertices,descriptive ceiling; candidate reuse allowed
sub-22,left,93,0.0452050045132637,91,0.19394253194332123,-2,0.02196371977876474,0.01094251725122026,0.010603136551708003,8,absolute Pearson r across 29696 matched cortical vertices,descriptive ceiling; candidate reuse allowed
sub-22,left,94,0.10629354417324066,86,0.17564593255519867,-8,0.022475422945285074,0.011038720518499768,0.010052634852016245,8,absolute Pearson r across 29696 matched cortical vertices,descriptive ceiling; candidate reuse allowed
sub-22,left,95,0.09700017422437668,103,0.3300456702709198,8,0.02261009428258423,0.011208210031763895,0.012222718936780329,8,absolute Pearson r across 29696 matched cortical vertices,descriptive ceiling; candidate reuse allowed
sub-22,left,96,0.05104345455765724,99,0.24691711366176605,3,0.023105862272115932,0.011303263807264327,0.011638675444241518,8,absolute Pearson r across 29696 matched cortical vertices,descriptive ceiling; candidate reuse allowed
sub-22,left,97,0.0600423589348793,94,0.18272267282009125,-3,0.02326749769552689,0.011448286475013373,0.011038720518499768,8,absolute Pearson r across 29696 matched cortical vertices,descriptive ceiling; candidate reuse allowed
sub-22,left,98,0.060478124767541885,92,0.29760679602622986,-6,0.023448914073844876,0.011518225428386463,0.010778488976856944,8,absolute Pearson r across 29696 matched cortical vertices,descriptive ceiling; candidate reuse allowed
sub-22,left,99,0.08476049453020096,96,0.17185598611831665,-3,0.02356913890590189,0.011638675444241518,0.011303263807264327,8,absolute Pearson r across 29696 matched cortical vertices,descriptive ceiling; candidate reuse allowed
sub-22,left,100,0.009639516472816467,98,0.3219687342643738,-2,0.023914413198294696,0.011664605325531199,0.011518225428386463,8,absolute Pearson r across 29696 matched cortical vertices,descriptive ceiling; candidate reuse allowed
sub-22,left,101,0.005776351783424616,105,0.2507171630859375,4,0.024222277101975866,0.01177525803355676,0.012338271521406543,9,absolute Pearson r across 29696 matched cortical vertices,descriptive ceiling; candidate reuse allowed
sub-22,left,102,0.01882201060652733,99,0.17667937278747559,-3,0.02433752113607842,0.011952356818207012,0.011638675444241518,9,absolute Pearson r across 29696 matched cortical vertices,descriptive ceiling; candidate reuse allowed
sub-22,left,103,0.01524171233177185,105,0.2302960306406021,2,0.024519395108867685,0.012222718936780329,0.012338271521406543,9,absolute Pearson r across 29696 matched cortical vertices,descriptive ceiling; candidate reuse allowed
sub-22,left,104,0.18489471077919006,104,0.18489471077919006,0,0.02483095823795925,0.012242921997505008,0.012242921997505008,9,absolute Pearson r across 29696 matched cortical vertices,descriptive ceiling; candidate reuse allowed
sub-22,left,105,0.043973833322525024,110,0.23830345273017883,5,0.025152860141817626,0.012338271521406543,0.01292004431130316,9,absolute Pearson r across 29696 matched cortical vertices,descriptive ceiling; candidate reuse allowed
sub-22,left,106,0.023770174011588097,113,0.24334374070167542,7,0.02525849410403598,0.012462164678435821,0.013251562204608066,9,absolute Pearson r across 29696 matched cortical vertices,descriptive ceiling; candidate reuse allowed
sub-22,left,107,0.034723326563835144,112,0.16091479361057281,5,0.025392938636572424,0.012553085881776347,0.013230315462989606,9,absolute Pearson r across 29696 matched cortical vertices,descriptive ceiling; candidate reuse allowed
sub-22,left,108,0.0969250500202179,102,0.2353709489107132,-6,0.02575865946031878,0.012700839536745568,0.011952356818207012,9,absolute Pearson r across 29696 matched cortical vertices,descriptive ceiling; candidate reuse allowed
sub-22,left,109,0.02116677351295948,106,0.25227639079093933,-3,0.02597548000796949,0.012824381112895867,0.012462164678435821,9,absolute Pearson r across 29696 matched cortical vertices,descriptive ceiling; candidate reuse allowed
sub-22,left,110,0.21691597998142242,104,0.21856650710105896,-6,0.026226081064210933,0.01292004431130316,0.012242921997505008,9,absolute Pearson r across 29696 matched cortical vertices,descriptive ceiling; candidate reuse allowed
sub-22,left,111,0.028931042179465294,117,0.20946179330348969,6,0.02643665543560081,0.012999911221759778,0.013834727203299287,9,absolute Pearson r across 29696 matched cortical vertices,descriptive ceiling; candidate reuse allowed
sub-22,left,112,0.032733310014009476,111,0.28719285130500793,-1,0.02659218576167674,0.013230315462989606,0.012999911221759778,9,absolute Pearson r across 29696 matched cortical vertices,descriptive ceiling; candidate reuse allowed
sub-22,left,113,0.1925799399614334,113,0.1925799399614334,0,0.02683045296741289,0.013251562204608066,0.013251562204608066,10,absolute Pearson r across 29696 matched cortical vertices,descriptive ceiling; candidate reuse allowed
sub-22,left,114,0.16440518200397491,110,0.21293585002422333,-4,0.027508419244096395,0.013455894172597524,0.01292004431130316,10,absolute Pearson r across 29696 matched cortical vertices,descriptive ceiling; candidate reuse allowed
sub-22,left,115,0.01512230560183525,114,0.17982135713100433,-1,0.02773287221106837,0.013605350363273734,0.013455894172597524,10,absolute Pearson r across 29696 matched cortical vertices,descriptive ceiling; candidate reuse allowed
sub-22,left,116,0.056506458669900894,124,0.2049781084060669,8,0.027829998276731778,0.013733045063005966,0.014545496026454894,10,absolute Pearson r across 29696 matched cortical vertices,descriptive ceiling; candidate reuse allowed
sub-22,left,117,0.18572820723056793,117,0.18572820723056793,0,0.02815284258099303,0.013834727203299287,0.013834727203299287,10,absolute Pearson r across 29696 matched cortical vertices,descriptive ceiling; candidate reuse allowed
sub-22,left,118,0.05118407681584358,108,0.261740505695343,-10,0.02832285114819459,0.0138877616804337,0.012700839536745568,10,absolute Pearson r across 29696 matched cortical vertices,descriptive ceiling; candidate reuse allowed
sub-22,left,119,0.1640099436044693,109,0.16829724609851837,-10,0.028771090361315775,0.014065459368694308,0.012824381112895867,10,absolute Pearson r across 29696 matched cortical vertices,descriptive ceiling; candidate reuse allowed
sub-22,left,120,0.03436821326613426,127,0.17648616433143616,7,0.02882083058288159,0.014186219584837916,0.014944272359676105,10,absolute Pearson r across 29696 matched cortical vertices,descriptive ceiling; candidate reuse allowed
sub-22,left,121,0.11342133581638336,116,0.2211044579744339,-5,0.02896486927838513,0.014295614469618223,0.013733045063005966,10,absolute Pearson r across 29696 matched cortical vertices,descriptive ceiling; candidate reuse allowed
sub-22,left,122,0.06895559281110764,121,0.24958835542201996,-1,0.029238972278422606,0.014347969678222374,0.014295614469618223,10,absolute Pearson r across 29696 matched cortical vertices,descriptive ceiling; candidate reuse allowed
sub-22,left,123,0.09346524626016617,132,0.24447162449359894,9,0.029334414704985087,0.014453316728701654,0.015584501725320785,10,absolute Pearson r across 29696 matched cortical vertices,descriptive ceiling; candidate reuse allowed
sub-22,left,124,0.05925745144486427,132,0.1853383183479309,8,0.029523973959077514,0.014545496026454894,0.015584501725320785,10,absolute Pearson r across 29696 matched cortical vertices,descriptive ceiling; candidate reuse allowed
sub-22,left,125,0.012983303517103195,132,0.171108677983284,7,0.029733846163295274,0.014606917642968969,0.015584501725320785,10,absolute Pearson r across 29696 matched cortical vertices,descriptive ceiling; candidate reuse allowed
sub-22,left,126,0.0632077232003212,130,0.16144613921642303,4,0.030040033262100432,0.014800461695574326,0.01537677621979477,11,absolute Pearson r across 29696 matched cortical vertices,descriptive ceiling; candidate reuse allowed
sub-22,left,127,0.11020578444004059,137,0.2439694106578827,10,0.030259780231272432,0.014944272359676105,0.016292909405629802,11,absolute Pearson r across 29696 matched cortical vertices,descriptive ceiling; candidate reuse allowed
sub-22,left,128,0.07252819091081619,139,0.16380718350410461,11,0.030485100151042777,0.015195861466787015,0.0163690057768332,11,absolute Pearson r across 29696 matched cortical vertices,descriptive ceiling; candidate reuse allowed
sub-22,left,129,0.10489552468061447,139,0.22634252905845642,10,0.031177764494722156,0.015284553945336647,0.0163690057768332,11,absolute Pearson r across 29696 matched cortical vertices,descriptive ceiling; candidate reuse allowed
sub-22,left,130,0.009048603475093842,141,0.292693555355072,11,0.03143015815300503,0.01537677621979477,0.01676472460180721,11,absolute Pearson r across 29696 matched cortical vertices,descriptive ceiling; candidate reuse allowed
sub-22,left,131,0.16963280737400055,132,0.27728497982025146,1,0.03154508088004278,0.015507697920501039,0.015584501725320785,11,absolute Pearson r across 29696 matched cortical vertices,descriptive ceiling; candidate reuse allowed
sub-22,left,132,0.10845113545656204,143,0.18897566199302673,11,0.03182125280591155,0.015584501725320785,0.017047534357446034,11,absolute Pearson r across 29696 matched cortical vertices,descriptive ceiling; candidate reuse allowed
sub-22,left,133,0.06366080045700073,126,0.1132020577788353,-7,0.031978038762710354,0.015786975750739896,0.014800461695574326,11,absolute Pearson r across 29696 matched cortical vertices,descriptive ceiling; candidate reuse allowed
sub-22,left,134,0.08919824659824371,145,0.15445846319198608,11,0.03214125622808523,0.015880126473101545,0.017207001227758256,11,absolute Pearson r across 29696 matched cortical vertices,descriptive ceiling; candidate reuse allowed
sub-22,left,135,0.07879673689603806,144,0.20499111711978912,9,0.03238856553634026,0.0160167760024161,0.01709885998999392,11,absolute Pearson r across 29696 matched cortical vertices,descriptive ceiling; candidate reuse allowed
sub-22,left,136,0.1557423174381256,125,0.17370674014091492,-11,0.03248595000007616,0.016109880751650034,0.014606917642968969,11,absolute Pearson r across 29696 matched cortical vertices,descriptive ceiling; candidate reuse allowed
sub-22,left,137,0.00949673168361187,140,0.23957134783267975,3,0.03301202792721565,0.016292909405629802,0.016652678681023367,11,absolute Pearson r across 29696 matched cortical vertices,descriptive ceiling; candidate reuse allowed
sub-22,left,138,0.04630909115076065,139,0.16942155361175537,1,0.0331037997325877,0.016321109650569474,0.0163690057768332,12,absolute Pearson r across 29696 matched cortical vertices,descriptive ceiling; candidate reuse allowed
sub-22,left,139,0.003886125050485134,138,0.17078974843025208,-1,0.0334273247064478,0.0163690057768332,0.016321109650569474,12,absolute Pearson r across 29696 matched cortical vertices,descriptive ceiling; candidate reuse allowed
sub-22,left,140,0.13169877231121063,146,0.19313856959342957,6,0.03376677831824135,0.016652678681023367,0.017231149636608475,12,absolute Pearson r across 29696 matched cortical vertices,descriptive ceiling; candidate reuse allowed
sub-22,left,141,0.0058332039043307304,129,0.22749704122543335,-12,0.03392942022536159,0.01676472460180721,0.015284553945336647,12,absolute Pearson r across 29696 matched cortical vertices,descriptive ceiling; candidate reuse allowed
sub-22,left,142,0.04833108186721802,137,0.2124849259853363,-5,0.03411543446668295,0.01691376780709148,0.016292909405629802,12,absolute Pearson r across 29696 matched cortical vertices,descriptive ceiling; candidate reuse allowed
sub-22,left,143,0.13187290728092194,151,0.13675357401371002,8,0.034516125339646944,0.017047534357446034,0.01793590239163108,12,absolute Pearson r across 29696 matched cortical vertices,descriptive ceiling; candidate reuse allowed
sub-22,left,144,0.08055754750967026,150,0.20672962069511414,6,0.03482364203262871,0.01709885998999392,0.017878056439115025,12,absolute Pearson r across 29696 matched cortical vertices,descriptive ceiling; candidate reuse allowed
sub-22,left,145,0.09824246913194656,156,0.16221493482589722,11,0.03486087347727761,0.017207001227758256,0.018434615990005496,12,absolute Pearson r across 29696 matched cortical vertices,descriptive ceiling; candidate reuse allowed
sub-22,left,146,0.045378584414720535,137,0.18371149897575378,-9,0.03516909332129581,0.017231149636608475,0.016292909405629802,12,absolute Pearson r across 29696 matched cortical vertices,descriptive ceiling; candidate reuse allowed
sub-22,left,147,0.0788385272026062,153,0.17781782150268555,6,0.03551199507980122,0.017385285503382086,0.018130339577122727,12,absolute Pearson r across 29696 matched cortical vertices,descriptive ceiling; candidate reuse allowed
sub-22,left,148,0.012228281237185001,157,0.16915245354175568,9,0.03565526563886591,0.01764949300523737,0.01846617279276088,12,absolute Pearson r across 29696 matched cortical vertices,descriptive ceiling; candidate reuse allowed
sub-22,left,149,0.06413499265909195,143,0.13992099463939667,-6,0.035893961174754824,0.01770167428337091,0.017047534357446034,12,absolute Pearson r across 29696 matched cortical vertices,descriptive ceiling; candidate reuse allowed
sub-22,left,150,0.007310086861252785,142,0.2074819654226303,-8,0.036073043592799635,0.017878056439115025,0.01691376780709148,12,absolute Pearson r across 29696 matched cortical vertices,descriptive ceiling; candidate reuse allowed
sub-22,left,151,0.05973483622074127,149,0.20079755783081055,-2,0.036293180371461356,0.01793590239163108,0.01770167428337091,13,absolute Pearson r across 29696 matched cortical vertices,descriptive ceiling; candidate reuse allowed
sub-22,left,152,0.006892348174005747,157,0.17747841775417328,5,0.03669721725365027,0.018036897985258128,0.01846617279276088,13,absolute Pearson r across 29696 matched cortical vertices,descriptive ceiling; candidate reuse allowed
sub-22,left,153,0.07535793632268906,148,0.17912974953651428,-5,0.03696272229501812,0.018130339577122727,0.01764949300523737,13,absolute Pearson r across 29696 matched cortical vertices,descriptive ceiling; candidate reuse allowed
sub-22,left,154,0.039474617689847946,159,0.208994060754776,5,0.03719457035329844,0.018209158371023437,0.018742471191224158,13,absolute Pearson r across 29696 matched cortical vertices,descriptive ceiling; candidate reuse allowed
sub-22,left,155,0.001621002797037363,165,0.25184595584869385,10,0.03727534425695961,0.01828410172217814,0.01942831904282298,13,absolute Pearson r across 29696 matched cortical vertices,descriptive ceiling; candidate reuse allowed
sub-22,left,156,0.13523656129837036,147,0.15871788561344147,-9,0.03770371275637724,0.018434615990005496,0.017385285503382086,13,absolute Pearson r across 29696 matched cortical vertices,descriptive ceiling; candidate reuse allowed
sub-22,left,157,0.16555899381637573,144,0.22860954701900482,-13,0.0378159016648179,0.01846617279276088,0.01709885998999392,13,absolute Pearson r across 29696 matched cortical vertices,descriptive ceiling; candidate reuse allowed
sub-22,left,158,0.0265693049877882,152,0.21596276760101318,-6,0.03804680401134496,0.01860375392170499,0.018036897985258128,13,absolute Pearson r across 29696 matched cortical vertices,descriptive ceiling; candidate reuse allowed
sub-22,left,159,0.1293179839849472,164,0.19877170026302338,5,0.0382042503160877,0.018742471191224158,0.01936392698336087,13,absolute Pearson r across 29696 matched cortical vertices,descriptive ceiling; candidate reuse allowed
sub-22,left,160,0.08543040603399277,167,0.14309780299663544,7,0.03863639400196557,0.0189543086993776,0.019750416559748192,13,absolute Pearson r across 29696 matched cortical vertices,descriptive ceiling; candidate reuse allowed
sub-22,left,161,0.08968470245599747,169,0.17840580642223358,8,0.038887525972847004,0.019044530743571757,0.020123727670219214,13,absolute Pearson r across 29696 matched cortical vertices,descriptive ceiling; candidate reuse allowed
sub-22,left,162,0.04787195846438408,172,0.13173359632492065,10,0.03895959055729086,0.01911104026763842,0.02046129360085395,13,absolute Pearson r across 29696 matched cortical vertices,descriptive ceiling; candidate reuse allowed
sub-22,left,163,0.03183219954371452,151,0.1567387580871582,-12,0.03925372298404271,0.019243547412036127,0.01793590239163108,14,absolute Pearson r across 29696 matched cortical vertices,descriptive ceiling; candidate reuse allowed
sub-22,left,164,0.07196488976478577,152,0.1561056673526764,-12,0.03955488422859197,0.01936392698336087,0.018036897985258128,14,absolute Pearson r across 29696 matched cortical vertices,descriptive ceiling; candidate reuse allowed
sub-22,left,165,0.0842500627040863,156,0.13851073384284973,-9,0.03965008586513196,0.01942831904282298,0.018434615990005496,14,absolute Pearson r across 29696 matched cortical vertices,descriptive ceiling; candidate reuse allowed
sub-22,left,166,0.05364001914858818,175,0.14336960017681122,9,0.0399229662114508,0.019688255971393807,0.02084646676243674,14,absolute Pearson r across 29696 matched cortical vertices,descriptive ceiling; candidate reuse allowed
sub-22,left,167,0.1045011356472969,158,0.12255905568599701,-9,0.04031152545356687,0.019750416559748192,0.01860375392170499,14,absolute Pearson r across 29696 matched cortical vertices,descriptive ceiling; candidate reuse allowed
sub-22,left,168,0.0063986461609601974,166,0.1806505024433136,-2,0.04035882538070627,0.019868747352092056,0.019688255971393807,14,absolute Pearson r across 29696 matched cortical vertices,descriptive ceiling; candidate reuse allowed
sub-22,left,169,0.009050472639501095,165,0.163456529378891,-4,0.04091883675861155,0.020123727670219214,0.01942831904282298,14,absolute Pearson r across 29696 matched cortical vertices,descriptive ceiling; candidate reuse allowed
sub-22,left,170,0.14273792505264282,172,0.16939784586429596,2,0.04117593195553976,0.020185967259489353,0.02046129360085395,14,absolute Pearson r across 29696 matched cortical vertices,descriptive ceiling; candidate reuse allowed
sub-22,left,171,0.0036939121782779694,157,0.19344213604927063,-14,0.04140985014343669,0.020199377954263478,0.01846617279276088,14,absolute Pearson r across 29696 matched cortical vertices,descriptive ceiling; candidate reuse allowed
sub-22,left,172,0.01698390766978264,174,0.1346796751022339,2,0.041527132474479984,0.02046129360085395,0.02072778889686351,14,absolute Pearson r across 29696 matched cortical vertices,descriptive ceiling; candidate reuse allowed
sub-22,left,173,0.04176768660545349,165,0.1599833071231842,-8,0.042017578156765406,0.020519715291622102,0.01942831904282298,14,absolute Pearson r across 29696 matched cortical vertices,descriptive ceiling; candidate reuse allowed
sub-22,left,174,0.10239254683256149,172,0.20474229753017426,-2,0.04220444125448339,0.02072778889686351,0.02046129360085395,14,absolute Pearson r across 29696 matched cortical vertices,descriptive ceiling; candidate reuse allowed
sub-22,left,175,0.02434496209025383,172,0.2283473163843155,-3,0.04224541466109692,0.02084646676243674,0.02046129360085395,14,absolute Pearson r across 29696 matched cortical vertices,descriptive ceiling; candidate reuse allowed
sub-22,left,176,0.0766240656375885,168,0.20110832154750824,-8,0.04243226707903413,0.020934270668336002,0.019868747352092056,15,absolute Pearson r across 29696 matched cortical vertices,descriptive ceiling; candidate reuse allowed
sub-22,left,177,0.0555872917175293,164,0.19549179077148438,-13,0.04265571795254405,0.021071821508448572,0.01936392698336087,15,absolute Pearson r across 29696 matched cortical vertices,descriptive ceiling; candidate reuse allowed
sub-22,left,178,0.07661520689725876,164,0.18397018313407898,-14,0.042912897987319905,0.02113162172781448,0.01936392698336087,15,absolute Pearson r across 29696 matched cortical vertices,descriptive ceiling; candidate reuse allowed
sub-22,left,179,0.033829495310783386,191,0.1334812492132187,12,0.043229305720978974,0.021260695560294474,0.022655196917684556,15,absolute Pearson r across 29696 matched cortical vertices,descriptive ceiling; candidate reuse allowed
sub-22,left,180,0.022179700434207916,187,0.1934390813112259,7,0.04348194238589736,0.021386713888631365,0.02226372834106527,15,absolute Pearson r across 29696 matched cortical vertices,descriptive ceiling; candidate reuse allowed
sub-22,left,181,0.019394665956497192,186,0.1500241905450821,5,0.04372778472837582,0.021548573510433128,0.02217960185347661,15,absolute Pearson r across 29696 matched cortical vertices,descriptive ceiling; candidate reuse allowed
sub-22,left,182,0.1277039349079132,197,0.16446061432361603,15,0.04403597077575843,0.02156434953663327,0.023268880664224993,15,absolute Pearson r across 29696 matched cortical vertices,descriptive ceiling; candidate reuse allowed
sub-22,left,183,0.04304974526166916,185,0.15326084196567535,2,0.04423076842208317,0.021841644570943265,0.021965611510917443,15,absolute Pearson r across 29696 matched cortical vertices,descriptive ceiling; candidate reuse allowed
sub-22,left,184,0.07490535080432892,171,0.14375340938568115,-13,0.044732442437411805,0.02188946554645329,0.020199377954263478,15,absolute Pearson r across 29696 matched cortical vertices,descriptive ceiling; candidate reuse allowed
sub-22,left,185,0.04958787187933922,189,0.16947688162326813,4,0.04490609526236775,0.021965611510917443,0.022533584067823596,15,absolute Pearson r across 29696 matched cortical vertices,descriptive ceiling; candidate reuse allowed
sub-22,left,186,0.05113783851265907,178,0.1739831268787384,-8,0.04512530444543157,0.02217960185347661,0.02113162172781448,15,absolute Pearson r across 29696 matched cortical vertices,descriptive ceiling; candidate reuse allowed
sub-22,left,187,0.09685993194580078,174,0.18499666452407837,-13,0.04534499315997694,0.02226372834106527,0.02072778889686351,15,absolute Pearson r across 29696 matched cortical vertices,descriptive ceiling; candidate reuse allowed
sub-22,left,188,0.006469198502600193,186,0.13580109179019928,-2,0.04559120824277144,0.022407681545479813,0.02217960185347661,16,absolute Pearson r across 29696 matched cortical vertices,descriptive ceiling; candidate reuse allowed
sub-22,left,189,0.1290954351425171,189,0.1290954351425171,0,0.04571450133743099,0.022533584067823596,0.022533584067823596,16,absolute Pearson r across 29696 matched cortical vertices,descriptive ceiling; candidate reuse allowed
sub-22,left,190,0.014976813457906246,187,0.1585996299982071,-3,0.04602402899175144,0.02256981426239664,0.02226372834106527,16,absolute Pearson r across 29696 matched cortical vertices,descriptive ceiling; candidate reuse allowed
sub-22,left,191,0.022779153659939766,206,0.1419931948184967,15,0.04629115299878713,0.022655196917684556,0.024546209612330644,16,absolute Pearson r across 29696 matched cortical vertices,descriptive ceiling; candidate reuse allowed
sub-22,left,192,0.12202148139476776,204,0.1581897735595703,12,0.0463402797656391,0.022747161800394537,0.024387313446643445,16,absolute Pearson r across 29696 matched cortical vertices,descriptive ceiling; candidate reuse allowed
sub-22,left,193,0.003950366284698248,202,0.1679772436618805,9,0.04670013797325994,0.022877714767844906,0.024091912115669613,16,absolute Pearson r across 29696 matched cortical vertices,descriptive ceiling; candidate reuse allowed
sub-22,left,194,0.024902723729610443,179,0.17973458766937256,-15,0.04692150397863794,0.022888387212299917,0.021260695560294474,16,absolute Pearson r across 29696 matched cortical vertices,descriptive ceiling; candidate reuse allowed
sub-22,left,195,0.05161574110388756,188,0.15394657850265503,-7,0.047166654941909,0.023040626404392014,0.022407681545479813,16,absolute Pearson r across 29696 matched cortical vertices,descriptive ceiling; candidate reuse allowed
sub-22,left,196,0.04820190742611885,203,0.1467878520488739,7,0.04750879598982104,0.02307588010789033,0.024276372538678224,16,absolute Pearson r across 29696 matched cortical vertices,descriptive ceiling; candidate reuse allowed
sub-22,left,197,0.03796392306685448,199,0.1594981700181961,2,0.04765533547443929,0.023268880664224993,0.023527612922337696,16,absolute Pearson r across 29696 matched cortical vertices,descriptive ceiling; candidate reuse allowed
sub-22,left,198,0.017135871574282646,211,0.1889173984527588,13,0.047820339622427085,0.023309038281513143,0.025180950749394533,16,absolute Pearson r across 29696 matched cortical vertices,descriptive ceiling; candidate reuse allowed
sub-22,left,199,0.020233334973454475,213,0.14138899743556976,14,0.048169698181113496,0.023527612922337696,0.025374100761051267,16,absolute Pearson r across 29696 matched cortical vertices,descriptive ceiling; candidate reuse allowed
sub-22,left,200,0.013292593881487846,195,0.15831486880779266,-5,0.04842800684942093,0.023825452939163036,0.023040626404392014,16,absolute Pearson r across 29696 matched cortical vertices,descriptive ceiling; candidate reuse allowed
sub-22,left,201,0.09423883259296417,191,0.1454412043094635,-10,0.048540486076920034,0.023901317742029034,0.022655196917684556,17,absolute Pearson r across 29696 matched cortical vertices,descriptive ceiling; candidate reuse allowed
sub-22,left,202,0.03499287739396095,205,0.18309062719345093,3,0.04874328620258722,0.024091912115669613,0.02445267251488361,17,absolute Pearson r across 29696 matched cortical vertices,descriptive ceiling; candidate reuse allowed
sub-22,left,203,0.1109725832939148,208,0.17903725802898407,5,0.04930484573067623,0.024276372538678224,0.024790645426315025,17,absolute Pearson r across 29696 matched cortical vertices,descriptive ceiling; candidate reuse allowed
sub-22,left,204,0.12891645729541779,195,0.1485762596130371,-9,0.04968156687348429,0.024387313446643445,0.023040626404392014,17,absolute Pearson r across 29696 matched cortical vertices,descriptive ceiling; candidate reuse allowed
sub-22,left,205,0.003831490408629179,196,0.1952933967113495,-9,0.049807808697550006,0.02445267251488361,0.02307588010789033,17,absolute Pearson r across 29696 matched cortical vertices,descriptive ceiling; candidate reuse allowed
sub-22,left,206,0.054691094905138016,197,0.15826529264450073,-9,0.05022010921670434,0.024546209612330644,0.023268880664224993,17,absolute Pearson r across 29696 matched cortical vertices,descriptive ceiling; candidate reuse allowed
sub-22,left,207,0.10258691012859344,195,0.16503700613975525,-12,0.05031061665951305,0.02471923387227265,0.023040626404392014,17,absolute Pearson r across 29696 matched cortical vertices,descriptive ceiling; candidate reuse allowed
sub-22,left,208,0.033537592738866806,216,0.14184847474098206,8,0.0504788955721791,0.024790645426315025,0.025665085108431865,17,absolute Pearson r across 29696 matched cortical vertices,descriptive ceiling; candidate reuse allowed
sub-22,left,209,0.057804737240076065,222,0.18032735586166382,13,0.05078539222289024,0.02490835297895095,0.026407032473951937,17,absolute Pearson r across 29696 matched cortical vertices,descriptive ceiling; candidate reuse allowed
sub-22,left,210,0.09713912755250931,223,0.1875806301832199,13,0.05097182645895789,0.02504229260015809,0.026580913527977902,17,absolute Pearson r across 29696 matched cortical vertices,descriptive ceiling; candidate reuse allowed
sub-22,left,211,0.027371130883693695,195,0.1815561056137085,-16,0.05135285732530878,0.025180950749394533,0.023040626404392014,17,absolute Pearson r across 29696 matched cortical vertices,descriptive ceiling; candidate reuse allowed
sub-22,left,212,0.07021550089120865,208,0.14095667004585266,-4,0.05143895309106923,0.025238110489471652,0.024790645426315025,17,absolute Pearson r across 29696 matched cortical vertices,descriptive ceiling; candidate reuse allowed
sub-22,left,213,0.16439655423164368,213,0.16439655423164368,0,0.05176908147038924,0.025374100761051267,0.025374100761051267,18,absolute Pearson r across 29696 matched cortical vertices,descriptive ceiling; candidate reuse allowed
sub-22,left,214,0.011244126595556736,221,0.1562373787164688,7,0.05199640022150041,0.025506303835441266,0.02627236742959324,18,absolute Pearson r across 29696 matched cortical vertices,descriptive ceiling; candidate reuse allowed
sub-22,left,215,0.03796697407960892,230,0.18313147127628326,15,0.05213179731290011,0.025579756628073567,0.027411811790761367,18,absolute Pearson r across 29696 matched cortical vertices,descriptive ceiling; candidate reuse allowed
sub-22,left,216,0.028192464262247086,218,0.19283489882946014,2,0.052436376695679465,0.025665085108431865,0.026090003492386236,18,absolute Pearson r across 29696 matched cortical vertices,descriptive ceiling; candidate reuse allowed
sub-22,left,217,0.014719309285283089,214,0.15957868099212646,-3,0.05274250707420928,0.025984916251430137,0.025506303835441266,18,absolute Pearson r across 29696 matched cortical vertices,descriptive ceiling; candidate reuse allowed
sub-22,left,218,0.010449483059346676,227,0.15937188267707825,9,0.052857913429872776,0.026090003492386236,0.027087589514485193,18,absolute Pearson r across 29696 matched cortical vertices,descriptive ceiling; candidate reuse allowed
sub-22,left,219,0.12388782203197479,217,0.15647783875465393,-2,0.053167790840038635,0.026155477452853453,0.025984916251430137,18,absolute Pearson r across 29696 matched cortical vertices,descriptive ceiling; candidate reuse allowed
sub-22,left,220,0.08536449819803238,219,0.13779523968696594,-1,0.05320944900949883,0.02622192843492039,0.026155477452853453,18,absolute Pearson r across 29696 matched cortical vertices,descriptive ceiling; candidate reuse allowed
sub-22,left,221,0.10261522233486176,211,0.10750175267457962,-10,0.0536968558966445,0.02627236742959324,0.025180950749394533,18,absolute Pearson r across 29696 matched cortical vertices,descriptive ceiling; candidate reuse allowed
sub-22,left,222,0.05704466626048088,209,0.20205143094062805,-13,0.05386971482714554,0.026407032473951937,0.02490835297895095,18,absolute Pearson r across 29696 matched cortical vertices,descriptive ceiling; candidate reuse allowed
sub-22,left,223,0.05869132652878761,208,0.13212208449840546,-15,0.05393169317596786,0.026580913527977902,0.024790645426315025,18,absolute Pearson r across 29696 matched cortical vertices,descriptive ceiling; candidate reuse allowed
sub-22,left,224,0.030614081770181656,221,0.16817104816436768,-3,0.05423874322991474,0.026837172565678975,0.02627236742959324,18,absolute Pearson r across 29696 matched cortical vertices,descriptive ceiling; candidate reuse allowed
sub-22,left,225,0.01301339641213417,210,0.13549965620040894,-15,0.054647886622796314,0.026970096999408374,0.02504229260015809,18,absolute Pearson r across 29696 matched cortical vertices,descriptive ceiling; candidate reuse allowed
sub-22,left,226,0.09391557425260544,243,0.1691703051328659,17,0.05498454015780071,0.027068720699421088,0.02900204606151377,19,absolute Pearson r across 29696 matched cortical vertices,descriptive ceiling; candidate reuse allowed
sub-22,left,227,0.046060092747211456,213,0.12432419508695602,-14,0.05516577551208996,0.027087589514485193,0.025374100761051267,19,absolute Pearson r across 29696 matched cortical vertices,descriptive ceiling; candidate reuse allowed
sub-22,left,228,0.000428568571805954,219,0.17290541529655457,-9,0.055522692345454296,0.027168044157419406,0.026155477452853453,19,absolute Pearson r across 29696 matched cortical vertices,descriptive ceiling; candidate reuse allowed
sub-22,left,229,0.02670491486787796,226,0.1168539971113205,-3,0.05591552290210141,0.02720591050519955,0.027068720699421088,19,absolute Pearson r across 29696 matched cortical vertices,descriptive ceiling; candidate reuse allowed
sub-22,left,230,0.041500695049762726,226,0.14294925332069397,-4,0.05611738486807188,0.027411811790761367,0.027068720699421088,19,absolute Pearson r across 29696 matched cortical vertices,descriptive ceiling; candidate reuse allowed
sub-22,left,231,0.014333387836813927,212,0.1192316859960556,-19,0.056408236228441676,0.02746136653216049,0.025238110489471652,19,absolute Pearson r across 29696 matched cortical vertices,descriptive ceiling; candidate reuse allowed
sub-22,left,232,0.11331342160701752,248,0.12413189560174942,16,0.05644604176959834,0.027637804650443798,0.02951010742619202,19,absolute Pearson r across 29696 matched cortical vertices,descriptive ceiling; candidate reuse allowed
sub-22,left,233,0.08744977414608002,242,0.14964289963245392,9,0.05698412331673932,0.02766755957723705,0.028980213989071857,19,absolute Pearson r across 29696 matched cortical vertices,descriptive ceiling; candidate reuse allowed
sub-22,left,234,0.06772992759943008,231,0.2580912113189697,-3,0.05710852016657427,0.027805642655239902,0.02746136653216049,19,absolute Pearson r across 29696 matched cortical vertices,descriptive ceiling; candidate reuse allowed
sub-22,left,235,0.016880447044968605,233,0.1104954183101654,-2,0.05724373703583257,0.028114454932094246,0.02766755957723705,19,absolute Pearson r across 29696 matched cortical vertices,descriptive ceiling; candidate reuse allowed
sub-22,left,236,0.19698190689086914,236,0.19698190689086914,0,0.057470823742643264,0.02815065203933715,0.02815065203933715,19,absolute Pearson r across 29696 matched cortical vertices,descriptive ceiling; candidate reuse allowed
sub-22,left,237,0.038732632994651794,228,0.21398040652275085,-9,0.057787496004295606,0.028307759166179496,0.027168044157419406,19,absolute Pearson r across 29696 matched cortical vertices,descriptive ceiling; candidate reuse allowed
sub-22,left,238,0.03166096284985542,231,0.14300808310508728,-7,0.057884145409137756,0.028346976949067015,0.02746136653216049,20,absolute Pearson r across 29696 matched cortical vertices,descriptive ceiling; candidate reuse allowed
sub-22,left,239,0.06611406058073044,237,0.13462123274803162,-2,0.05801774628016012,0.028552773765970874,0.028307759166179496,20,absolute Pearson r across 29696 matched cortical vertices,descriptive ceiling; candidate reuse allowed
sub-22,left,240,0.012489259243011475,241,0.12847687304019928,1,0.05842783295568348,0.02867515339636789,0.028729654531201215,20,absolute Pearson r across 29696 matched cortical vertices,descriptive ceiling; candidate reuse allowed
sub-22,left,241,0.002245865296572447,229,0.17819881439208984,-12,0.0585281392268986,0.028729654531201215,0.02720591050519955,20,absolute Pearson r across 29696 matched cortical vertices,descriptive ceiling; candidate reuse allowed
sub-22,left,242,0.04276428371667862,228,0.10944942384958267,-14,0.058939750727229186,0.028980213989071857,0.027168044157419406,20,absolute Pearson r across 29696 matched cortical vertices,descriptive ceiling; candidate reuse allowed
sub-22,left,243,0.00442986935377121,263,0.12501990795135498,20,0.059289252699078,0.02900204606151377,0.03151494972720103,20,absolute Pearson r across 29696 matched cortical vertices,descriptive ceiling; candidate reuse allowed
sub-22,left,244,0.05961655452847481,227,0.17553594708442688,-17,0.059536119765279207,0.02912407533016434,0.027087589514485193,20,absolute Pearson r across 29696 matched cortical vertices,descriptive ceiling; candidate reuse allowed
sub-22,left,245,0.027069520205259323,240,0.16395698487758636,-5,0.05960772592167924,0.029163423588590885,0.02867515339636789,20,absolute Pearson r across 29696 matched cortical vertices,descriptive ceiling; candidate reuse allowed
sub-22,left,246,0.023902900516986847,265,0.12556549906730652,19,0.060007217346384624,0.029285065854595733,0.031711134349265466,20,absolute Pearson r across 29696 matched cortical vertices,descriptive ceiling; candidate reuse allowed
sub-22,left,247,0.09097197651863098,241,0.12056595087051392,-6,0.0601112975553972,0.029489796460244133,0.028729654531201215,20,absolute Pearson r across 29696 matched cortical vertices,descriptive ceiling; candidate reuse allowed
sub-22,left,248,0.06911683082580566,230,0.1462637484073639,-18,0.06035180372512348,0.02951010742619202,0.027411811790761367,20,absolute Pearson r across 29696 matched cortical vertices,descriptive ceiling; candidate reuse allowed
sub-22,left,249,0.08264628052711487,259,0.18337571620941162,10,0.0605193654442664,0.02975850103477981,0.03114487467481425,20,absolute Pearson r across 29696 matched cortical vertices,descriptive ceiling; candidate reuse allowed
sub-22,left,250,0.05635556951165199,257,0.13624207675457,7,0.0608378755868876,0.02996343626376552,0.03076312627361366,20,absolute Pearson r across 29696 matched cortical vertices,descriptive ceiling; candidate reuse allowed
sub-22,left,251,0.10994531214237213,263,0.1446390450000763,12,0.061096126439780706,0.030070759569626217,0.03151494972720103,21,absolute Pearson r across 29696 matched cortical vertices,descriptive ceiling; candidate reuse allowed
sub-22,left,252,0.105491504073143,269,0.17164084315299988,17,0.061204105309377844,0.030173472235623118,0.03208483944862681,21,absolute Pearson r across 29696 matched cortical vertices,descriptive ceiling; candidate reuse allowed
sub-22,left,253,0.04029165953397751,256,0.13912399113178253,3,0.06150093589244746,0.030401269046294754,0.030711128489087927,21,absolute Pearson r across 29696 matched cortical vertices,descriptive ceiling; candidate reuse allowed
sub-22,left,254,0.0947774350643158,248,0.13975052535533905,-6,0.061687604845728765,0.030526957315607395,0.02951010742619202,21,absolute Pearson r across 29696 matched cortical vertices,descriptive ceiling; candidate reuse allowed
sub-22,left,255,0.10229144990444183,276,0.1539764255285263,21,0.06211532879358638,0.030669277007670893,0.033176103238562,21,absolute Pearson r across 29696 matched cortical vertices,descriptive ceiling; candidate reuse allowed
sub-22,left,256,0.03563100844621658,249,0.22637884318828583,-7,0.0625745464602998,0.030711128489087927,0.02975850103477981,21,absolute Pearson r across 29696 matched cortical vertices,descriptive ceiling; candidate reuse allowed
sub-22,left,257,0.06157885119318962,253,0.13644284009933472,-4,0.06267347297048569,0.03076312627361366,0.030401269046294754,21,absolute Pearson r across 29696 matched cortical vertices,descriptive ceiling; candidate reuse allowed
sub-22,left,258,0.018356554210186005,252,0.14787577092647552,-6,0.06296483888140676,0.030896509940485033,0.030173472235623118,21,absolute Pearson r across 29696 matched cortical vertices,descriptive ceiling; candidate reuse allowed
sub-22,left,259,0.008317947387695312,249,0.15962529182434082,-10,0.06311761729874385,0.03114487467481425,0.02975850103477981,21,absolute Pearson r across 29696 matched cortical vertices,descriptive ceiling; candidate reuse allowed
sub-22,left,260,0.008597718551754951,256,0.1079280748963356,-4,0.06325200080771265,0.031197771172191094,0.030711128489087927,21,absolute Pearson r across 29696 matched cortical vertices,descriptive ceiling; candidate reuse allowed
sub-22,left,261,0.03599124774336815,253,0.13420303165912628,-8,0.06377241989652244,0.03132659315980004,0.030401269046294754,21,absolute Pearson r across 29696 matched cortical vertices,descriptive ceiling; candidate reuse allowed
sub-22,left,262,0.02095791883766651,242,0.135589137673378,-20,0.06395261838424011,0.0314223069272842,0.028980213989071857,21,absolute Pearson r across 29696 matched cortical vertices,descriptive ceiling; candidate reuse allowed
sub-22,left,263,0.040859077125787735,246,0.11537114530801773,-17,0.06399861992473785,0.03151494972720103,0.029285065854595733,22,absolute Pearson r across 29696 matched cortical vertices,descriptive ceiling; candidate reuse allowed
sub-22,left,264,0.05850677937269211,249,0.10583614557981491,-15,0.0644494038324227,0.031671056559866115,0.02975850103477981,22,absolute Pearson r across 29696 matched cortical vertices,descriptive ceiling; candidate reuse allowed
sub-22,left,265,0.030204160138964653,270,0.1383354365825653,5,0.06470018813889289,0.031711134349265466,0.0323044081242734,22,absolute Pearson r across 29696 matched cortical vertices,descriptive ceiling; candidate reuse allowed
sub-22,left,266,0.012578483670949936,277,0.18267272412776947,11,0.06496308907125341,0.03179065698592938,0.03327255339686344,22,absolute Pearson r across 29696 matched cortical vertices,descriptive ceiling; candidate reuse allowed
sub-22,left,267,0.025168580934405327,265,0.1251019835472107,-2,0.06529341495070257,0.03190301923409881,0.031711134349265466,22,absolute Pearson r across 29696 matched cortical vertices,descriptive ceiling; candidate reuse allowed
sub-22,left,268,0.03420482948422432,259,0.16340157389640808,-9,0.06538551436971514,0.031951714427937795,0.03114487467481425,22,absolute Pearson r across 29696 matched cortical vertices,descriptive ceiling; candidate reuse allowed
sub-22,left,269,0.055449146777391434,288,0.12763291597366333,19,0.06560277726906356,0.03208483944862681,0.034551612276327665,22,absolute Pearson r across 29696 matched cortical vertices,descriptive ceiling; candidate reuse allowed
sub-22,left,270,0.008001127280294895,272,0.11053597927093506,2,0.06607473827715434,0.0323044081242734,0.03273594538581653,22,absolute Pearson r across 29696 matched cortical vertices,descriptive ceiling; candidate reuse allowed
sub-22,left,271,0.0022518313489854336,251,0.13589538633823395,-20,0.06622550161639293,0.032511811205755074,0.030070759569626217,22,absolute Pearson r across 29696 matched cortical vertices,descriptive ceiling; candidate reuse allowed
sub-22,left,272,0.031032206490635872,264,0.1288859248161316,-8,0.06635891677102979,0.03273594538581653,0.031671056559866115,22,absolute Pearson r across 29696 matched cortical vertices,descriptive ceiling; candidate reuse allowed
sub-22,left,273,0.05941309779882431,293,0.11662670224905014,20,0.0666271761541737,0.03281589823283317,0.03522471506397495,22,absolute Pearson r across 29696 matched cortical vertices,descriptive ceiling; candidate reuse allowed
sub-22,left,274,0.03145231306552887,293,0.11141020059585571,19,0.06669985408993867,0.03296296893480663,0.03522471506397495,22,absolute Pearson r across 29696 matched cortical vertices,descriptive ceiling; candidate reuse allowed
sub-22,left,275,0.014654767699539661,263,0.15130646526813507,-12,0.06707537839807207,0.03307176383392212,0.03151494972720103,22,absolute Pearson r across 29696 matched cortical vertices,descriptive ceiling; candidate reuse allowed
sub-22,left,276,0.034878503531217575,259,0.11612356454133987,-17,0.06775524842271705,0.033176103238562,0.03114487467481425,23,absolute Pearson r across 29696 matched cortical vertices,descriptive ceiling; candidate reuse allowed
sub-22,left,277,0.04865100607275963,300,0.11818239092826843,23,0.06780881795936994,0.03327255339686344,0.036072175248720396,23,absolute Pearson r across 29696 matched cortical vertices,descriptive ceiling; candidate reuse allowed
sub-22,left,278,0.005761675536632538,286,0.08718780428171158,8,0.06788913491622385,0.03332504902711057,0.03428719315971913,23,absolute Pearson r across 29696 matched cortical vertices,descriptive ceiling; candidate reuse allowed
sub-22,left,279,0.08907469362020493,273,0.1201239824295044,-6,0.06804807465937243,0.03339405532323491,0.03281589823283317,23,absolute Pearson r across 29696 matched cortical vertices,descriptive ceiling; candidate reuse allowed
sub-22,left,280,0.05359756946563721,299,0.1619144231081009,19,0.0684323974286637,0.03366085224963014,0.035971321953554986,23,absolute Pearson r across 29696 matched cortical vertices,descriptive ceiling; candidate reuse allowed
sub-22,left,281,0.05990798398852348,300,0.1341741383075714,19,0.06866716021279365,0.033707668337458405,0.036072175248720396,23,absolute Pearson r across 29696 matched cortical vertices,descriptive ceiling; candidate reuse allowed
sub-22,left,282,0.02636825479567051,271,0.1991063505411148,-11,0.06882195863859397,0.03381743994246825,0.032511811205755074,23,absolute Pearson r across 29696 matched cortical vertices,descriptive ceiling; candidate reuse allowed
sub-22,left,283,0.032827626913785934,262,0.13525031507015228,-21,0.06918083893850775,0.03390677437132548,0.0314223069272842,23,absolute Pearson r across 29696 matched cortical vertices,descriptive ceiling; candidate reuse allowed
sub-22,left,284,0.004883160814642906,295,0.1061730682849884,11,0.069302232683353,0.034003193139190806,0.0354301321242694,23,absolute Pearson r across 29696 matched cortical vertices,descriptive ceiling; candidate reuse allowed
sub-22,left,285,0.005137228406965733,305,0.11552637815475464,20,0.06968969399791965,0.03410003035894455,0.036834169526032474,23,absolute Pearson r across 29696 matched cortical vertices,descriptive ceiling; candidate reuse allowed
sub-22,left,286,0.09086481481790543,299,0.09443797171115875,13,0.0698906549013647,0.03428719315971913,0.035971321953554986,23,absolute Pearson r across 29696 matched cortical vertices,descriptive ceiling; candidate reuse allowed
sub-22,left,287,0.07795809209346771,286,0.1530710756778717,-1,0.0700878197502426,0.034322422895927074,0.03428719315971913,23,absolute Pearson r across 29696 matched cortical vertices,descriptive ceiling; candidate reuse allowed
sub-22,left,288,0.06196194887161255,289,0.12184920161962509,1,0.07038822570994603,0.034551612276327665,0.03472233839438002,24,absolute Pearson r across 29696 matched cortical vertices,descriptive ceiling; candidate reuse allowed
sub-22,left,289,0.046215079724788666,285,0.1737890988588333,-4,0.0705249330964488,0.03472233839438002,0.03410003035894455,24,absolute Pearson r across 29696 matched cortical vertices,descriptive ceiling; candidate reuse allowed
sub-22,left,290,0.06721591204404831,286,0.1272708773612976,-4,0.07085478206389086,0.034898559659130676,0.03428719315971913,24,absolute Pearson r across 29696 matched cortical vertices,descriptive ceiling; candidate reuse allowed
sub-22,left,291,0.005895317066460848,279,0.1658446043729782,-12,0.07098976212352756,0.034920957091856275,0.03339405532323491,24,absolute Pearson r across 29696 matched cortical vertices,descriptive ceiling; candidate reuse allowed
sub-22,left,292,0.14094948768615723,314,0.17413410544395447,22,0.07117691387772726,0.035019904355785336,0.03778099210682479,24,absolute Pearson r across 29696 matched cortical vertices,descriptive ceiling; candidate reuse allowed
sub-22,left,293,0.0016395696438848972,270,0.1412842720746994,-23,0.07151659809995274,0.03522471506397495,0.0323044081242734,24,absolute Pearson r across 29696 matched cortical vertices,descriptive ceiling; candidate reuse allowed
sub-22,left,294,0.02226877771317959,317,0.12914392352104187,23,0.07191050721824616,0.03527513931645965,0.03805739967283902,24,absolute Pearson r across 29696 matched cortical vertices,descriptive ceiling; candidate reuse allowed
sub-22,left,295,0.007128988392651081,275,0.12454178929328918,-20,0.07203821365953844,0.0354301321242694,0.03307176383392212,24,absolute Pearson r across 29696 matched cortical vertices,descriptive ceiling; candidate reuse allowed
sub-22,left,296,0.0734429582953453,281,0.12935754656791687,-15,0.07225691703025204,0.03565937092028861,0.033707668337458405,24,absolute Pearson r across 29696 matched cortical vertices,descriptive ceiling; candidate reuse allowed
sub-22,left,297,0.042380183935165405,319,0.12270674854516983,22,0.07276204551732753,0.0358495486398808,0.03840404337940151,24,absolute Pearson r across 29696 matched cortical vertices,descriptive ceiling; candidate reuse allowed
sub-22,left,298,0.013342635706067085,284,0.1374051421880722,-14,0.07305190541228682,0.035889742395677486,0.034003193139190806,24,absolute Pearson r across 29696 matched cortical vertices,descriptive ceiling; candidate reuse allowed
sub-22,left,299,0.0572301410138607,316,0.11328158527612686,17,0.07311258310356336,0.035971321953554986,0.03804830611137188,24,absolute Pearson r across 29696 matched cortical vertices,descriptive ceiling; candidate reuse allowed
sub-22,left,300,0.0326862558722496,277,0.19699837267398834,-23,0.07344139650288689,0.036072175248720396,0.03327255339686344,24,absolute Pearson r across 29696 matched cortical vertices,descriptive ceiling; candidate reuse allowed
sub-22,left,301,0.018812546506524086,311,0.11143682897090912,10,0.07363243427834756,0.036146879959790004,0.03747205353993461,25,absolute Pearson r across 29696 matched cortical vertices,descriptive ceiling; candidate reuse allowed
sub-22,left,302,0.050893884152173996,286,0.1222757026553154,-16,0.07394727085696554,0.036263991399474026,0.03428719315971913,25,absolute Pearson r across 29696 matched cortical vertices,descriptive ceiling; candidate reuse allowed
sub-22,left,303,0.011853054165840149,318,0.12447644025087357,15,0.07422923566025266,0.036422057556374,0.03829707757317419,25,absolute Pearson r across 29696 matched cortical vertices,descriptive ceiling; candidate reuse allowed
sub-22,left,304,0.020557289943099022,305,0.10497427731752396,1,0.07436166572580134,0.03645824556566635,0.036834169526032474,25,absolute Pearson r across 29696 matched cortical vertices,descriptive ceiling; candidate reuse allowed
sub-22,left,305,0.06749378889799118,323,0.10852192342281342,18,0.0744859275924415,0.036834169526032474,0.03882601451061006,25,absolute Pearson r across 29696 matched cortical vertices,descriptive ceiling; candidate reuse allowed
sub-22,left,306,0.017062542960047722,288,0.0854751244187355,-18,0.07468256993900983,0.03688638246651225,0.034551612276327665,25,absolute Pearson r across 29696 matched cortical vertices,descriptive ceiling; candidate reuse allowed
sub-22,left,307,0.05972220003604889,295,0.10834083706140518,-12,0.0750102572827517,0.037040549003475476,0.0354301321242694,25,absolute Pearson r across 29696 matched cortical vertices,descriptive ceiling; candidate reuse allowed
sub-22,left,308,0.03202936053276062,313,0.154214546084404,5,0.07515394006743756,0.03708703599100446,0.03766990720544464,25,absolute Pearson r across 29696 matched cortical vertices,descriptive ceiling; candidate reuse allowed
sub-22,left,309,0.024661485105752945,330,0.1324760615825653,21,0.07580501911098499,0.037263820380846906,0.039887906204296344,25,absolute Pearson r across 29696 matched cortical vertices,descriptive ceiling; candidate reuse allowed
sub-22,left,310,0.002933013951405883,320,0.09912864118814468,10,0.07597145165893235,0.03742790919975402,0.038545479593597415,25,absolute Pearson r across 29696 matched cortical vertices,descriptive ceiling; candidate reuse allowed
sub-22,left,311,0.08430498093366623,301,0.12724535167217255,-10,0.07615569556660806,0.03747205353993461,0.036146879959790004,25,absolute Pearson r across 29696 matched cortical vertices,descriptive ceiling; candidate reuse allowed
sub-22,left,312,0.02386864461004734,290,0.11132220178842545,-22,0.07644864805334362,0.0375683763741794,0.034898559659130676,25,absolute Pearson r across 29696 matched cortical vertices,descriptive ceiling; candidate reuse allowed
sub-22,left,313,0.0012653553858399391,308,0.12397567927837372,-5,0.07661810579548105,0.03766990720544464,0.03708703599100446,26,absolute Pearson r across 29696 matched cortical vertices,descriptive ceiling; candidate reuse allowed
sub-22,left,314,0.030696850270032883,296,0.11683755367994308,-18,0.07713488480320842,0.03778099210682479,0.03565937092028861,26,absolute Pearson r across 29696 matched cortical vertices,descriptive ceiling; candidate reuse allowed
sub-22,left,315,0.014030344784259796,290,0.1215117797255516,-25,0.07733614770209299,0.03795485583635684,0.034898559659130676,26,absolute Pearson r across 29696 matched cortical vertices,descriptive ceiling; candidate reuse allowed
sub-22,left,316,0.007574624847620726,294,0.13355311751365662,-22,0.07742723827125073,0.03804830611137188,0.03527513931645965,26,absolute Pearson r across 29696 matched cortical vertices,descriptive ceiling; candidate reuse allowed
sub-22,left,317,0.05307374522089958,314,0.10682373493909836,-3,0.07760843496801742,0.03805739967283902,0.03778099210682479,26,absolute Pearson r across 29696 matched cortical vertices,descriptive ceiling; candidate reuse allowed
sub-22,left,318,0.06359203904867172,304,0.12811575829982758,-14,0.0779593749285967,0.03829707757317419,0.03645824556566635,26,absolute Pearson r across 29696 matched cortical vertices,descriptive ceiling; candidate reuse allowed
sub-22,left,319,0.07167350500822067,294,0.13293617963790894,-25,0.07825078590100865,0.03840404337940151,0.03527513931645965,26,absolute Pearson r across 29696 matched cortical vertices,descriptive ceiling; candidate reuse allowed
sub-22,left,320,0.01890009641647339,306,0.13075299561023712,-14,0.07856869821189238,0.038545479593597415,0.03688638246651225,26,absolute Pearson r across 29696 matched cortical vertices,descriptive ceiling; candidate reuse allowed
sub-22,left,321,0.07722261548042297,332,0.14348047971725464,11,0.07882369588309165,0.03855873372281088,0.04010912489245588,26,absolute Pearson r across 29696 matched cortical vertices,descriptive ceiling; candidate reuse allowed
sub-22,left,322,0.004411353729665279,298,0.15033581852912903,-24,0.07899061951837578,0.03878927118465058,0.035889742395677486,26,absolute Pearson r across 29696 matched cortical vertices,descriptive ceiling; candidate reuse allowed
sub-22,left,323,0.014768567867577076,308,0.13081522285938263,-15,0.07924433447627452,0.03882601451061006,0.03708703599100446,26,absolute Pearson r across 29696 matched cortical vertices,descriptive ceiling; candidate reuse allowed
sub-22,left,324,0.0965418741106987,303,0.11802001297473907,-21,0.07937420940261979,0.038912944999719014,0.036422057556374,26,absolute Pearson r across 29696 matched cortical vertices,descriptive ceiling; candidate reuse allowed
sub-22,left,325,0.05554534122347832,311,0.14979395270347595,-14,0.07946316854271347,0.039231841816632716,0.03747205353993461,26,absolute Pearson r across 29696 matched cortical vertices,descriptive ceiling; candidate reuse allowed
sub-22,left,326,0.02912995219230652,327,0.09956572949886322,1,0.07989272658685771,0.039405472603252965,0.03950883846149968,27,absolute Pearson r across 29696 matched cortical vertices,descriptive ceiling; candidate reuse allowed
sub-22,left,327,0.023628152906894684,318,0.1250007599592209,-9,0.08015045207401146,0.03950883846149968,0.03829707757317419,27,absolute Pearson r across 29696 matched cortical vertices,descriptive ceiling; candidate reuse allowed
sub-22,left,328,0.019409233704209328,330,0.09688706696033478,2,0.08026407420531949,0.039524954140597236,0.039887906204296344,27,absolute Pearson r across 29696 matched cortical vertices,descriptive ceiling; candidate reuse allowed
sub-22,left,329,0.08081894367933273,340,0.10372371971607208,11,0.0808663945325024,0.039690129030704596,0.04112752331989408,27,absolute Pearson r across 29696 matched cortical vertices,descriptive ceiling; candidate reuse allowed
sub-22,left,330,0.027173006907105446,342,0.1518549621105194,12,0.0809104632130132,0.039887906204296344,0.04122093470619457,27,absolute Pearson r across 29696 matched cortical vertices,descriptive ceiling; candidate reuse allowed
sub-22,left,331,0.030578017234802246,314,0.12352557480335236,-17,0.08122528293917336,0.03996434049237255,0.03778099210682479,27,absolute Pearson r across 29696 matched cortical vertices,descriptive ceiling; candidate reuse allowed
sub-22,left,332,0.054965563118457794,314,0.13347940146923065,-18,0.08147539969379117,0.04010912489245588,0.03778099210682479,27,absolute Pearson r across 29696 matched cortical vertices,descriptive ceiling; candidate reuse allowed
sub-22,left,333,6.565544754266739e-05,344,0.10311158001422882,11,0.08181183058156352,0.040199130048419,0.041361332254529565,27,absolute Pearson r across 29696 matched cortical vertices,descriptive ceiling; candidate reuse allowed
sub-22,left,334,0.07643765956163406,309,0.10726800560951233,-25,0.08189227264645499,0.04032693526212031,0.037263820380846906,27,absolute Pearson r across 29696 matched cortical vertices,descriptive ceiling; candidate reuse allowed
sub-22,left,335,0.0055358149111270905,352,0.1085246205329895,17,0.08222747606488959,0.04042513875078207,0.0424607593061471,27,absolute Pearson r across 29696 matched cortical vertices,descriptive ceiling; candidate reuse allowed
sub-22,left,336,0.008221788331866264,318,0.09701133519411087,-18,0.08234240976473202,0.04056208356534097,0.03829707757317419,27,absolute Pearson r across 29696 matched cortical vertices,descriptive ceiling; candidate reuse allowed
sub-22,left,337,0.0032220338471233845,319,0.14295853674411774,-18,0.08246753098848345,0.04068171951455351,0.03840404337940151,27,absolute Pearson r across 29696 matched cortical vertices,descriptive ceiling; candidate reuse allowed
sub-22,left,338,0.0018982368055731058,315,0.12815029919147491,-23,0.08269845646680542,0.040979881241378524,0.03795485583635684,28,absolute Pearson r across 29696 matched cortical vertices,descriptive ceiling; candidate reuse allowed
sub-22,left,339,0.0560002364218235,330,0.10610726475715637,-9,0.08306557977507356,0.04103375622344322,0.039887906204296344,28,absolute Pearson r across 29696 matched cortical vertices,descriptive ceiling; candidate reuse allowed
sub-22,left,340,0.032565999776124954,331,0.1136532798409462,-9,0.08318708990494965,0.04112752331989408,0.03996434049237255,28,absolute Pearson r across 29696 matched cortical vertices,descriptive ceiling; candidate reuse allowed
sub-22,left,341,0.060889266431331635,364,0.139881893992424,23,0.08370979919838718,0.04114204663434491,0.04408756090384973,28,absolute Pearson r across 29696 matched cortical vertices,descriptive ceiling; candidate reuse allowed
sub-22,left,342,0.011326278559863567,314,0.11464275419712067,-28,0.08390598238978933,0.04122093470619457,0.03778099210682479,28,absolute Pearson r across 29696 matched cortical vertices,descriptive ceiling; candidate reuse allowed
sub-22,left,343,0.05957583710551262,357,0.15693669021129608,14,0.0839659498782066,0.04129323184329875,0.04304934918595595,28,absolute Pearson r across 29696 matched cortical vertices,descriptive ceiling; candidate reuse allowed
sub-22,left,344,0.008862072601914406,337,0.13584589958190918,-7,0.08449519263713842,0.041361332254529565,0.04068171951455351,28,absolute Pearson r across 29696 matched cortical vertices,descriptive ceiling; candidate reuse allowed
sub-22,left,345,0.049265265464782715,354,0.11972822993993759,9,0.08468370278929015,0.04146291176240227,0.04273178118469239,28,absolute Pearson r across 29696 matched cortical vertices,descriptive ceiling; candidate reuse allowed
sub-22,left,346,0.07841514050960541,343,0.10527617484331131,-3,0.08513206271288228,0.041728561141966804,0.04129323184329875,28,absolute Pearson r across 29696 matched cortical vertices,descriptive ceiling; candidate reuse allowed
sub-22,left,347,0.009006768465042114,369,0.12457998842000961,22,0.08523368300911348,0.04174787403900723,0.04452979299920558,28,absolute Pearson r across 29696 matched cortical vertices,descriptive ceiling; candidate reuse allowed
sub-22,left,348,0.030809354037046432,341,0.1334952563047409,-7,0.08533363051623216,0.042008766771607774,0.04114204663434491,28,absolute Pearson r across 29696 matched cortical vertices,descriptive ceiling; candidate reuse allowed
sub-22,left,349,0.051738888025283813,339,0.14591988921165466,-10,0.08547604985769365,0.04216208961397452,0.04103375622344322,28,absolute Pearson r across 29696 matched cortical vertices,descriptive ceiling; candidate reuse allowed
sub-22,left,350,0.05648544430732727,349,0.12073457986116409,-1,0.08583715328723539,0.042241021999989165,0.04216208961397452,28,absolute Pearson r across 29696 matched cortical vertices,descriptive ceiling; candidate reuse allowed
sub-22,left,351,0.011884831823408604,354,0.15277333557605743,3,0.08613120367052754,0.042327432166066964,0.04273178118469239,29,absolute Pearson r across 29696 matched cortical vertices,descriptive ceiling; candidate reuse allowed
sub-22,left,352,0.037528060376644135,339,0.11836239695549011,-13,0.08627712784561802,0.0424607593061471,0.04103375622344322,29,absolute Pearson r across 29696 matched cortical vertices,descriptive ceiling; candidate reuse allowed
sub-22,left,353,0.09353070706129074,336,0.1823590248823166,-17,0.08654246213101323,0.04263973808475469,0.04056208356534097,29,absolute Pearson r across 29696 matched cortical vertices,descriptive ceiling; candidate reuse allowed
sub-22,left,354,0.07728398591279984,343,0.138722762465477,-11,0.08716495765753372,0.04273178118469239,0.04129323184329875,29,absolute Pearson r across 29696 matched cortical vertices,descriptive ceiling; candidate reuse allowed
sub-22,left,355,0.10204453766345978,369,0.12035717070102692,14,0.08725829537893075,0.04283487184671084,0.04452979299920558,29,absolute Pearson r across 29696 matched cortical vertices,descriptive ceiling; candidate reuse allowed
sub-22,left,356,0.009473355486989021,328,0.1464591771364212,-28,0.08735199640175038,0.042991001597537264,0.039524954140597236,29,absolute Pearson r across 29696 matched cortical vertices,descriptive ceiling; candidate reuse allowed
sub-22,left,357,0.059187643229961395,349,0.09316188842058182,-8,0.08773840468931567,0.04304934918595595,0.04216208961397452,29,absolute Pearson r across 29696 matched cortical vertices,descriptive ceiling; candidate reuse allowed
sub-22,left,358,0.013503914698958397,338,0.12257649004459381,-20,0.08821622126607405,0.04317609440157168,0.040979881241378524,29,absolute Pearson r across 29696 matched cortical vertices,descriptive ceiling; candidate reuse allowed
sub-22,left,359,0.03069964610040188,370,0.12598766386508942,11,0.08825915900984135,0.0432865255999941,0.04480030960570298,29,absolute Pearson r across 29696 matched cortical vertices,descriptive ceiling; candidate reuse allowed
sub-22,left,360,0.07004312425851822,333,0.12675833702087402,-27,0.0886041723674364,0.04336379535394741,0.040199130048419,29,absolute Pearson r across 29696 matched cortical vertices,descriptive ceiling; candidate reuse allowed
sub-22,left,361,0.01014627143740654,336,0.15448787808418274,-25,0.08892804200219666,0.043793282253345014,0.04056208356534097,29,absolute Pearson r across 29696 matched cortical vertices,descriptive ceiling; candidate reuse allowed
sub-22,left,362,0.056207478046417236,384,0.11728016287088394,22,0.08907113165907968,0.04382734150143819,0.04642552233833878,29,absolute Pearson r across 29696 matched cortical vertices,descriptive ceiling; candidate reuse allowed
sub-22,left,363,0.03609348088502884,357,0.13402299582958221,-6,0.08927172425817816,0.043897425265707314,0.04304934918595595,30,absolute Pearson r across 29696 matched cortical vertices,descriptive ceiling; candidate reuse allowed
sub-22,left,364,0.08936361223459244,337,0.11815100908279419,-27,0.08943377827852822,0.04408756090384973,0.04068171951455351,30,absolute Pearson r across 29696 matched cortical vertices,descriptive ceiling; candidate reuse allowed
sub-22,left,365,0.016595467925071716,367,0.09548430144786835,2,0.08982247655938468,0.044184300422773146,0.04441374052130988,30,absolute Pearson r across 29696 matched cortical vertices,descriptive ceiling; candidate reuse allowed
sub-22,left,366,0.02104998007416725,349,0.11033729463815689,-17,0.08998325344170269,0.044225803726693276,0.04216208961397452,30,absolute Pearson r across 29696 matched cortical vertices,descriptive ceiling; candidate reuse allowed
sub-22,left,367,0.01941514015197754,391,0.13166441023349762,24,0.09033794346066147,0.04441374052130988,0.04730181087043079,30,absolute Pearson r across 29696 matched cortical vertices,descriptive ceiling; candidate reuse allowed
sub-22,left,368,0.042563628405332565,340,0.09768220037221909,-28,0.09043367186829238,0.04448497217667693,0.04112752331989408,30,absolute Pearson r across 29696 matched cortical vertices,descriptive ceiling; candidate reuse allowed
sub-22,left,369,0.0012934484984725714,380,0.1182451993227005,11,0.09056955737210168,0.04452979299920558,0.04594475937368213,30,absolute Pearson r across 29696 matched cortical vertices,descriptive ceiling; candidate reuse allowed
sub-22,left,370,0.09457343816757202,379,0.11981410533189774,9,0.09100666600126392,0.04480030960570298,0.04590625852023075,30,absolute Pearson r across 29696 matched cortical vertices,descriptive ceiling; candidate reuse allowed
sub-22,left,371,0.022406140342354774,359,0.13049660623073578,-12,0.09107467389434405,0.04485575905304629,0.0432865255999941,30,absolute Pearson r across 29696 matched cortical vertices,descriptive ceiling; candidate reuse allowed
sub-22,left,372,0.025175470858812332,361,0.15457522869110107,-11,0.09126889649446181,0.04506954953266934,0.043793282253345014,30,absolute Pearson r across 29696 matched cortical vertices,descriptive ceiling; candidate reuse allowed
sub-22,left,373,0.011414584703743458,360,0.13487409055233002,-13,0.09165220423296734,0.04516447676473244,0.04336379535394741,30,absolute Pearson r across 29696 matched cortical vertices,descriptive ceiling; candidate reuse allowed
sub-22,left,374,0.034433282911777496,387,0.11302594095468521,13,0.09197795181127387,0.0453242977397296,0.046846059494410376,30,absolute Pearson r across 29696 matched cortical vertices,descriptive ceiling; candidate reuse allowed
sub-22,left,375,0.02451980486512184,382,0.0947180688381195,7,0.0921395311789272,0.0454118794317719,0.04611970742946356,30,absolute Pearson r across 29696 matched cortical vertices,descriptive ceiling; candidate reuse allowed
sub-22,left,376,0.020897792652249336,372,0.09499862045049667,-4,0.0925176303583453,0.045659918385902346,0.04506954953266934,31,absolute Pearson r across 29696 matched cortical vertices,descriptive ceiling; candidate reuse allowed
sub-22,left,377,0.04564518481492996,403,0.1295602172613144,26,0.09278077117986024,0.045726169066628346,0.04881951184700826,31,absolute Pearson r across 29696 matched cortical vertices,descriptive ceiling; candidate reuse allowed
sub-22,left,378,0.029143569990992546,384,0.13195955753326416,6,0.09299646187732163,0.0458420940161414,0.04642552233833878,31,absolute Pearson r across 29696 matched cortical vertices,descriptive ceiling; candidate reuse allowed
sub-22,left,379,0.01758507266640663,365,0.12880271673202515,-14,0.09362511885667195,0.04590625852023075,0.044184300422773146,31,absolute Pearson r across 29696 matched cortical vertices,descriptive ceiling; candidate reuse allowed
sub-22,left,380,0.03789794072508812,373,0.09259402006864548,-7,0.0937283612730699,0.04594475937368213,0.04516447676473244,31,absolute Pearson r across 29696 matched cortical vertices,descriptive ceiling; candidate reuse allowed
sub-22,left,381,0.011324536986649036,412,0.12910768389701843,31,0.09392317077954873,0.04610494138434323,0.050070908321122445,31,absolute Pearson r across 29696 matched cortical vertices,descriptive ceiling; candidate reuse allowed
sub-22,left,382,0.0018932423554360867,384,0.08853236585855484,2,0.09405454294586672,0.04611970742946356,0.04642552233833878,31,absolute Pearson r across 29696 matched cortical vertices,descriptive ceiling; candidate reuse allowed
sub-22,left,383,0.026997653767466545,378,0.1175931841135025,-5,0.09431649180478546,0.04621755509149551,0.0458420940161414,31,absolute Pearson r across 29696 matched cortical vertices,descriptive ceiling; candidate reuse allowed
sub-22,left,384,0.06895328313112259,388,0.10066535323858261,4,0.09473608482213167,0.04642552233833878,0.046954898037682116,31,absolute Pearson r across 29696 matched cortical vertices,descriptive ceiling; candidate reuse allowed
sub-22,left,385,0.0764172226190567,397,0.12420722842216492,12,0.0949104223458378,0.046480061190438925,0.04807355872438328,31,absolute Pearson r across 29696 matched cortical vertices,descriptive ceiling; candidate reuse allowed
sub-22,left,386,0.014291830360889435,373,0.12893807888031006,-13,0.09507139555471575,0.0467455546026135,0.04516447676473244,31,absolute Pearson r across 29696 matched cortical vertices,descriptive ceiling; candidate reuse allowed
sub-22,left,387,0.05257311835885048,359,0.09032835066318512,-28,0.09526860866508627,0.046846059494410376,0.0432865255999941,31,absolute Pearson r across 29696 matched cortical vertices,descriptive ceiling; candidate reuse allowed
sub-22,left,388,0.090748630464077,360,0.1357491910457611,-28,0.09563301498156761,0.046954898037682116,0.04336379535394741,32,absolute Pearson r across 29696 matched cortical vertices,descriptive ceiling; candidate reuse allowed
sub-22,left,389,0.013811984099447727,413,0.11351189762353897,24,0.09580452429041646,0.04695994809676901,0.05011331050582755,32,absolute Pearson r across 29696 matched cortical vertices,descriptive ceiling; candidate reuse allowed
sub-22,left,390,0.014407671056687832,393,0.12172125279903412,3,0.0959866450958162,0.04714626967473021,0.047467975015975515,32,absolute Pearson r across 29696 matched cortical vertices,descriptive ceiling; candidate reuse allowed
sub-22,left,391,0.03314744308590889,412,0.11702735722064972,21,0.0961927256345609,0.04730181087043079,0.050070908321122445,32,absolute Pearson r across 29696 matched cortical vertices,descriptive ceiling; candidate reuse allowed
sub-22,left,392,0.012879387475550175,382,0.14638830721378326,-10,0.09657182951517233,0.04739295843083097,0.04611970742946356,32,absolute Pearson r across 29696 matched cortical vertices,descriptive ceiling; candidate reuse allowed
sub-22,left,393,0.04120742529630661,376,0.11456930637359619,-17,0.09673802333340766,0.047467975015975515,0.045659918385902346,32,absolute Pearson r across 29696 matched cortical vertices,descriptive ceiling; candidate reuse allowed
sub-22,left,394,0.03942413628101349,372,0.10984764248132706,-22,0.09691039033146556,0.047648965490187566,0.04506954953266934,32,absolute Pearson r across 29696 matched cortical vertices,descriptive ceiling; candidate reuse allowed
sub-22,left,395,0.0025301645509898663,419,0.14834097027778625,24,0.09725099710389747,0.0477538944880013,0.05084244786193931,32,absolute Pearson r across 29696 matched cortical vertices,descriptive ceiling; candidate reuse allowed
sub-22,left,396,0.06995319575071335,383,0.11212464421987534,-13,0.09774348292264877,0.04783755592918004,0.04621755509149551,32,absolute Pearson r across 29696 matched cortical vertices,descriptive ceiling; candidate reuse allowed
sub-22,left,397,0.044095028191804886,405,0.11844681948423386,8,0.09781781977271047,0.04807355872438328,0.04917331145810264,32,absolute Pearson r across 29696 matched cortical vertices,descriptive ceiling; candidate reuse allowed
sub-22,left,398,0.035760968923568726,394,0.10080476850271225,-4,0.09800247256831893,0.04814663552147624,0.047648965490187566,32,absolute Pearson r across 29696 matched cortical vertices,descriptive ceiling; candidate reuse allowed
sub-22,left,399,0.049244608730077744,395,0.1511661410331726,-4,0.09839199337883789,0.048240007251039864,0.0477538944880013,32,absolute Pearson r across 29696 matched cortical vertices,descriptive ceiling; candidate reuse allowed
sub-22,left,400,0.01766960881650448,387,0.1375967562198639,-13,0.09859109594729787,0.04830793777319535,0.046846059494410376,32,absolute Pearson r across 29696 matched cortical vertices,descriptive ceiling; candidate reuse allowed
sub-22,left,401,0.024889564141631126,372,0.12892897427082062,-29,0.09905165527765993,0.04843688185070839,0.04506954953266934,33,absolute Pearson r across 29696 matched cortical vertices,descriptive ceiling; candidate reuse allowed
sub-22,left,402,0.006390140857547522,388,0.14573277533054352,-14,0.09912710484751262,0.04863370323841003,0.046954898037682116,33,absolute Pearson r across 29696 matched cortical vertices,descriptive ceiling; candidate reuse allowed
sub-22,left,403,0.003073708154261112,425,0.13427762687206268,22,0.09935729830446594,0.04881951184700826,0.051674856306764314,33,absolute Pearson r across 29696 matched cortical vertices,descriptive ceiling; candidate reuse allowed
sub-22,left,404,0.0012368722818791866,394,0.12195686995983124,-10,0.09953054956557542,0.04900962916501969,0.047648965490187566,33,absolute Pearson r across 29696 matched cortical vertices,descriptive ceiling; candidate reuse allowed
sub-22,left,405,0.010094720870256424,377,0.1467519849538803,-28,0.0999517394175917,0.04917331145810264,0.045726169066628346,33,absolute Pearson r across 29696 matched cortical vertices,descriptive ceiling; candidate reuse allowed
sub-22,left,406,0.006481451448053122,426,0.12362142652273178,20,0.10012730730323274,0.049219686260797285,0.05171284284448339,33,absolute Pearson r across 29696 matched cortical vertices,descriptive ceiling; candidate reuse allowed
sub-22,left,407,0.058307353407144547,400,0.10590458661317825,-7,0.10040049064774685,0.049305656546096824,0.04830793777319535,33,absolute Pearson r across 29696 matched cortical vertices,descriptive ceiling; candidate reuse allowed
sub-22,left,408,0.04948841780424118,405,0.12219779938459396,-3,0.10066757572373206,0.04943095077435626,0.04917331145810264,33,absolute Pearson r across 29696 matched cortical vertices,descriptive ceiling; candidate reuse allowed
sub-22,left,409,0.052392009645700455,415,0.12569379806518555,6,0.10092799121863873,0.049593200468215214,0.05025874990587359,33,absolute Pearson r across 29696 matched cortical vertices,descriptive ceiling; candidate reuse allowed
sub-22,left,410,0.007360660936683416,433,0.11329740285873413,23,0.10116732295190371,0.04979840801626897,0.052524562885625285,33,absolute Pearson r across 29696 matched cortical vertices,descriptive ceiling; candidate reuse allowed
sub-22,left,411,0.007016082294285297,394,0.10025200992822647,-17,0.10132455148524767,0.04985002905589662,0.047648965490187566,33,absolute Pearson r across 29696 matched cortical vertices,descriptive ceiling; candidate reuse allowed
sub-22,left,412,0.01888023316860199,437,0.10537112504243851,25,0.10167393053817331,0.050070908321122445,0.05318319633464124,33,absolute Pearson r across 29696 matched cortical vertices,descriptive ceiling; candidate reuse allowed
sub-22,left,413,0.05385984852910042,443,0.09875483810901642,30,0.10182654396864256,0.05011331050582755,0.05379399121349709,34,absolute Pearson r across 29696 matched cortical vertices,descriptive ceiling; candidate reuse allowed
sub-22,left,414,0.04435739293694496,421,0.12508168816566467,7,0.1020331377522632,0.05016249071348257,0.0511148604521879,34,absolute Pearson r across 29696 matched cortical vertices,descriptive ceiling; candidate reuse allowed
sub-22,left,415,0.05428464710712433,422,0.1179175078868866,7,0.10255248334767435,0.05025874990587359,0.05125120362902887,34,absolute Pearson r across 29696 matched cortical vertices,descriptive ceiling; candidate reuse allowed
sub-22,left,416,0.03436966985464096,438,0.09764072299003601,22,0.10263489124009997,0.050440972111496014,0.053318349027618804,34,absolute Pearson r across 29696 matched cortical vertices,descriptive ceiling; candidate reuse allowed
sub-22,left,417,0.03017641231417656,442,0.09910479187965393,25,0.10284744327981271,0.050572588019159946,0.053679063564770195,34,absolute Pearson r across 29696 matched cortical vertices,descriptive ceiling; candidate reuse allowed
sub-22,left,418,0.007807168178260326,408,0.14148776233196259,-10,0.10295598504346921,0.05059026075288471,0.04943095077435626,34,absolute Pearson r across 29696 matched cortical vertices,descriptive ceiling; candidate reuse allowed
sub-22,left,419,0.018199287354946136,447,0.12719453871250153,28,0.10324176915421482,0.05084244786193931,0.05419647587181368,34,absolute Pearson r across 29696 matched cortical vertices,descriptive ceiling; candidate reuse allowed
sub-22,left,420,0.009069112129509449,410,0.10197983682155609,-10,0.10374173723639032,0.050990971326551386,0.04979840801626897,34,absolute Pearson r across 29696 matched cortical vertices,descriptive ceiling; candidate reuse allowed
sub-22,left,421,0.016168693080544472,423,0.1201711893081665,2,0.10412235626054782,0.0511148604521879,0.05127502177912725,34,absolute Pearson r across 29696 matched cortical vertices,descriptive ceiling; candidate reuse allowed
sub-22,left,422,0.029469139873981476,447,0.14799821376800537,25,0.10427923883622583,0.05125120362902887,0.05419647587181368,34,absolute Pearson r across 29696 matched cortical vertices,descriptive ceiling; candidate reuse allowed
sub-22,left,423,0.0357687883079052,408,0.10305766016244888,-15,0.1044515692076197,0.05127502177912725,0.04943095077435626,34,absolute Pearson r across 29696 matched cortical vertices,descriptive ceiling; candidate reuse allowed
sub-22,left,424,0.027766631916165352,406,0.10806236416101456,-18,0.10468100274650279,0.05151200244388479,0.049219686260797285,34,absolute Pearson r across 29696 matched cortical vertices,descriptive ceiling; candidate reuse allowed
sub-22,left,425,0.051408037543296814,419,0.12731847167015076,-6,0.10515509505680815,0.051674856306764314,0.05084244786193931,34,absolute Pearson r across 29696 matched cortical vertices,descriptive ceiling; candidate reuse allowed
sub-22,left,426,0.037779659032821655,437,0.09149479866027832,11,0.10524908491921933,0.05171284284448339,0.05318319633464124,35,absolute Pearson r across 29696 matched cortical vertices,descriptive ceiling; candidate reuse allowed
sub-22,left,427,0.0452936626970768,459,0.12055500596761703,32,0.10539381097329532,0.05193105809211837,0.055804183175816,35,absolute Pearson r across 29696 matched cortical vertices,descriptive ceiling; candidate reuse allowed
sub-22,left,428,0.024560438469052315,422,0.11255273222923279,-6,0.1056643400036308,0.05198398266869083,0.05125120362902887,35,absolute Pearson r across 29696 matched cortical vertices,descriptive ceiling; candidate reuse allowed
sub-22,left,429,0.07604968547821045,456,0.09598878771066666,27,0.10596440293292768,0.05208716707167162,0.055518321755637305,35,absolute Pearson r across 29696 matched cortical vertices,descriptive ceiling; candidate reuse allowed
sub-22,left,430,0.02263452857732773,443,0.10538452118635178,13,0.10610265850344745,0.05225400645275232,0.05379399121349709,35,absolute Pearson r across 29696 matched cortical vertices,descriptive ceiling; candidate reuse allowed
sub-22,left,431,0.0559617280960083,447,0.12314195185899734,16,0.1065222984101937,0.05230794558148889,0.05419647587181368,35,absolute Pearson r across 29696 matched cortical vertices,descriptive ceiling; candidate reuse allowed
sub-22,left,432,0.03036120906472206,421,0.10655086487531662,-11,0.1065580924241747,0.052373094497784545,0.0511148604521879,35,absolute Pearson r across 29696 matched cortical vertices,descriptive ceiling; candidate reuse allowed
sub-22,left,433,0.06708008795976639,459,0.09957002103328705,26,0.10702606829888343,0.052524562885625285,0.055804183175816,35,absolute Pearson r across 29696 matched cortical vertices,descriptive ceiling; candidate reuse allowed
sub-22,left,434,0.052872419357299805,415,0.12359786778688431,-19,0.10704775756390762,0.052753361219486906,0.05025874990587359,35,absolute Pearson r across 29696 matched cortical vertices,descriptive ceiling; candidate reuse allowed
sub-22,left,435,0.01239766925573349,444,0.1135944351553917,9,0.10733187543133973,0.05290712333524176,0.05397337336320649,35,absolute Pearson r across 29696 matched cortical vertices,descriptive ceiling; candidate reuse allowed
sub-22,left,436,0.05806213617324829,425,0.08319223672151566,-11,0.10758298204426489,0.053104136300287576,0.051674856306764314,35,absolute Pearson r across 29696 matched cortical vertices,descriptive ceiling; candidate reuse allowed
sub-22,left,437,0.008176934905350208,441,0.11594444513320923,4,0.107850567554899,0.05318319633464124,0.053584096914002045,35,absolute Pearson r across 29696 matched cortical vertices,descriptive ceiling; candidate reuse allowed
sub-22,left,438,0.04063402861356735,455,0.0997164249420166,17,0.10840372556666172,0.053318349027618804,0.055292807160415215,36,absolute Pearson r across 29696 matched cortical vertices,descriptive ceiling; candidate reuse allowed
sub-22,left,439,0.0290524885058403,459,0.15835285186767578,20,0.10861952242293922,0.0533852357063709,0.055804183175816,36,absolute Pearson r across 29696 matched cortical vertices,descriptive ceiling; candidate reuse allowed
sub-22,left,440,0.011747648008167744,409,0.0855335220694542,-31,0.10876396337105176,0.05346924355970711,0.049593200468215214,36,absolute Pearson r across 29696 matched cortical vertices,descriptive ceiling; candidate reuse allowed
sub-22,left,441,0.013006932102143764,449,0.10986209660768509,8,0.10927229842349068,0.053584096914002045,0.05464149318168534,36,absolute Pearson r across 29696 matched cortical vertices,descriptive ceiling; candidate reuse allowed
sub-22,left,442,0.03187599778175354,450,0.13531096279621124,8,0.10934884629811205,0.053679063564770195,0.05469824478965132,36,absolute Pearson r across 29696 matched cortical vertices,descriptive ceiling; candidate reuse allowed
sub-22,left,443,0.013793197460472584,455,0.1085827425122261,12,0.10951424328401978,0.05379399121349709,0.055292807160415215,36,absolute Pearson r across 29696 matched cortical vertices,descriptive ceiling; candidate reuse allowed
sub-22,left,444,0.052945733070373535,422,0.13711825013160706,-22,0.10968477637508268,0.05397337336320649,0.05125120362902887,36,absolute Pearson r across 29696 matched cortical vertices,descriptive ceiling; candidate reuse allowed
sub-22,left,445,0.03064422681927681,412,0.09593917429447174,-33,0.10992161879522071,0.05406883417629387,0.050070908321122445,36,absolute Pearson r across 29696 matched cortical vertices,descriptive ceiling; candidate reuse allowed
sub-22,left,446,0.026550257578492165,413,0.09999246895313263,-33,0.11039128391472552,0.054190014971921226,0.05011331050582755,36,absolute Pearson r across 29696 matched cortical vertices,descriptive ceiling; candidate reuse allowed
sub-22,left,447,0.010521361604332924,414,0.1365157663822174,-33,0.11057054250816895,0.05419647587181368,0.05016249071348257,36,absolute Pearson r across 29696 matched cortical vertices,descriptive ceiling; candidate reuse allowed
sub-22,left,448,0.026535548269748688,432,0.12125425785779953,-16,0.1106274285509126,0.05425240845128993,0.052373094497784545,36,absolute Pearson r across 29696 matched cortical vertices,descriptive ceiling; candidate reuse allowed
sub-22,left,449,0.04680129885673523,471,0.09926870465278625,22,0.11098685266280327,0.05464149318168534,0.057445661435104135,36,absolute Pearson r across 29696 matched cortical vertices,descriptive ceiling; candidate reuse allowed
sub-22,left,450,0.0176282599568367,428,0.10913009196519852,-22,0.11121029251011845,0.05469824478965132,0.05198398266869083,36,absolute Pearson r across 29696 matched cortical vertices,descriptive ceiling; candidate reuse allowed
sub-22,left,451,0.052979614585638046,448,0.09880159050226212,-3,0.11157244173636613,0.05475991949371382,0.05425240845128993,37,absolute Pearson r across 29696 matched cortical vertices,descriptive ceiling; candidate reuse allowed
sub-22,left,452,0.023330606520175934,461,0.09154492616653442,9,0.11171581674581779,0.054838045185791655,0.05612789078806473,37,absolute Pearson r across 29696 matched cortical vertices,descriptive ceiling; candidate reuse allowed
sub-22,left,453,0.07788566499948502,444,0.11915674805641174,-9,0.1119770963302943,0.05504969843433646,0.05397337336320649,37,absolute Pearson r across 29696 matched cortical vertices,descriptive ceiling; candidate reuse allowed
sub-22,left,454,0.005927921272814274,470,0.09275195747613907,16,0.11212212180542579,0.05513467517735721,0.05731481776734957,37,absolute Pearson r across 29696 matched cortical vertices,descriptive ceiling; candidate reuse allowed
sub-22,left,455,0.06088292598724365,421,0.10287909209728241,-34,0.1124801991600367,0.055292807160415215,0.0511148604521879,37,absolute Pearson r across 29696 matched cortical vertices,descriptive ceiling; candidate reuse allowed
sub-22,left,456,0.02714448794722557,481,0.08686152845621109,25,0.11286725875987429,0.055518321755637305,0.05861454170894007,37,absolute Pearson r across 29696 matched cortical vertices,descriptive ceiling; candidate reuse allowed
sub-22,left,457,0.0679922103881836,456,0.10379314422607422,-1,0.11304104528252361,0.05557401343290707,0.055518321755637305,37,absolute Pearson r across 29696 matched cortical vertices,descriptive ceiling; candidate reuse allowed
sub-22,left,458,0.02817699871957302,426,0.14552374184131622,-32,0.11312072128810224,0.055666764009772614,0.05171284284448339,37,absolute Pearson r across 29696 matched cortical vertices,descriptive ceiling; candidate reuse allowed
sub-22,left,459,0.020523447543382645,439,0.12415468692779541,-20,0.11328721309907745,0.055804183175816,0.0533852357063709,37,absolute Pearson r across 29696 matched cortical vertices,descriptive ceiling; candidate reuse allowed
sub-22,left,460,0.03615422919392586,432,0.10955118387937546,-28,0.11367850551117681,0.05593873491496953,0.052373094497784545,37,absolute Pearson r across 29696 matched cortical vertices,descriptive ceiling; candidate reuse allowed
sub-22,left,461,0.04627810791134834,454,0.12827539443969727,-7,0.11401409502994928,0.05612789078806473,0.05513467517735721,37,absolute Pearson r across 29696 matched cortical vertices,descriptive ceiling; candidate reuse allowed
sub-22,left,462,0.11327752470970154,462,0.11327752470970154,0,0.11429922226690396,0.05622173540208552,0.05622173540208552,37,absolute Pearson r across 29696 matched cortical vertices,descriptive ceiling; candidate reuse allowed
sub-22,left,463,0.04259796068072319,488,0.10833583027124405,25,0.11434859234375047,0.05634424598106202,0.05961479175427147,38,absolute Pearson r across 29696 matched cortical vertices,descriptive ceiling; candidate reuse allowed
sub-22,left,464,0.04597994312644005,472,0.09361780434846878,8,0.114553102536127,0.05650526236658487,0.05750615899746208,38,absolute Pearson r across 29696 matched cortical vertices,descriptive ceiling; candidate reuse allowed
sub-22,left,465,0.03218213468790054,451,0.11878795176744461,-14,0.11527869321481078,0.05678332682759658,0.05475991949371382,38,absolute Pearson r across 29696 matched cortical vertices,descriptive ceiling; candidate reuse allowed
sub-22,left,466,0.09472312778234482,447,0.11552288383245468,-19,0.11556010644195742,0.05685157538986103,0.05419647587181368,38,absolute Pearson r across 29696 matched cortical vertices,descriptive ceiling; candidate reuse allowed
sub-22,left,467,0.014696141704916954,451,0.10208500921726227,-16,0.11564563190105946,0.05688239028591598,0.05475991949371382,38,absolute Pearson r across 29696 matched cortical vertices,descriptive ceiling; candidate reuse allowed
sub-22,left,468,0.01685911789536476,434,0.1336149424314499,-34,0.115817915501687,0.05693554574177124,0.052753361219486906,38,absolute Pearson r across 29696 matched cortical vertices,descriptive ceiling; candidate reuse allowed
sub-22,left,469,0.0097823990508914,481,0.11182359606027603,12,0.11600060395083002,0.0571879359439458,0.05861454170894007,38,absolute Pearson r across 29696 matched cortical vertices,descriptive ceiling; candidate reuse allowed
sub-22,left,470,0.01681547984480858,451,0.10804244130849838,-19,0.11641595152082339,0.05731481776734957,0.05475991949371382,38,absolute Pearson r across 29696 matched cortical vertices,descriptive ceiling; candidate reuse allowed
sub-22,left,471,0.012635726481676102,488,0.1075369268655777,17,0.11671438319938789,0.057445661435104135,0.05961479175427147,38,absolute Pearson r across 29696 matched cortical vertices,descriptive ceiling; candidate reuse allowed
sub-22,left,472,0.02182784490287304,481,0.14390775561332703,9,0.11683087886250514,0.05750615899746208,0.05861454170894007,38,absolute Pearson r across 29696 matched cortical vertices,descriptive ceiling; candidate reuse allowed
sub-22,left,473,0.0572165809571743,436,0.11252406239509583,-37,0.11704620652854962,0.057623980003976956,0.053104136300287576,38,absolute Pearson r across 29696 matched cortical vertices,descriptive ceiling; candidate reuse allowed
sub-22,left,474,0.0476938933134079,463,0.12187914550304413,-11,0.11763330358850983,0.05775658928664389,0.05634424598106202,38,absolute Pearson r across 29696 matched cortical vertices,descriptive ceiling; candidate reuse allowed
sub-22,left,475,0.021689005196094513,443,0.08004112541675568,-32,0.1179459929144873,0.05780420889362873,0.05379399121349709,38,absolute Pearson r across 29696 matched cortical vertices,descriptive ceiling; candidate reuse allowed
sub-22,left,476,0.0031794083770364523,489,0.08946619182825089,13,0.11800862613280198,0.05784785842337533,0.05967389184600192,39,absolute Pearson r across 29696 matched cortical vertices,descriptive ceiling; candidate reuse allowed
sub-22,left,477,0.01739242672920227,506,0.10803113132715225,29,0.11841177801131021,0.05811934640069951,0.06177036913667023,39,absolute Pearson r across 29696 matched cortical vertices,descriptive ceiling; candidate reuse allowed
sub-22,left,478,0.036248981952667236,492,0.1166522428393364,14,0.1185734680801787,0.058252296535100175,0.06005994650360295,39,absolute Pearson r across 29696 matched cortical vertices,descriptive ceiling; candidate reuse allowed
sub-22,left,479,0.0649629607796669,507,0.12044887989759445,28,0.11880045077012501,0.05839672792923136,0.06187673097457807,39,absolute Pearson r across 29696 matched cortical vertices,descriptive ceiling; candidate reuse allowed
sub-22,left,480,0.08151890337467194,458,0.11741093546152115,-22,0.11887732323792684,0.05845732883966557,0.055666764009772614,39,absolute Pearson r across 29696 matched cortical vertices,descriptive ceiling; candidate reuse allowed
sub-22,left,481,0.033079661428928375,459,0.1084076538681984,-22,0.11933659694953073,0.05861454170894007,0.055804183175816,39,absolute Pearson r across 29696 matched cortical vertices,descriptive ceiling; candidate reuse allowed
sub-22,left,482,0.061048030853271484,501,0.10988927632570267,19,0.11939175804443801,0.05886343143430937,0.06120282100158327,39,absolute Pearson r across 29696 matched cortical vertices,descriptive ceiling; candidate reuse allowed
sub-22,left,483,0.06974291801452637,503,0.08936406672000885,20,0.11961389631534657,0.05898539757203084,0.061515349717775746,39,absolute Pearson r across 29696 matched cortical vertices,descriptive ceiling; candidate reuse allowed
sub-22,left,484,0.02701852098107338,478,0.09667618572711945,-6,0.11968563986621593,0.05911279228622123,0.058252296535100175,39,absolute Pearson r across 29696 matched cortical vertices,descriptive ceiling; candidate reuse allowed
sub-22,left,485,0.014100532047450542,457,0.09600850939750671,-28,0.12020032279445546,0.05931149797077003,0.05557401343290707,39,absolute Pearson r across 29696 matched cortical vertices,descriptive ceiling; candidate reuse allowed
sub-22,left,486,0.06044352427124977,491,0.11825118213891983,5,0.12049038786174059,0.05942532388027603,0.05990351086654382,39,absolute Pearson r across 29696 matched cortical vertices,descriptive ceiling; candidate reuse allowed
sub-22,left,487,0.04836609959602356,522,0.08892905712127686,35,0.12067325311908049,0.05948995320993757,0.0638354705280257,39,absolute Pearson r across 29696 matched cortical vertices,descriptive ceiling; candidate reuse allowed
sub-22,left,488,0.000861405860632658,455,0.13383379578590393,-33,0.12102038343457001,0.05961479175427147,0.055292807160415215,40,absolute Pearson r across 29696 matched cortical vertices,descriptive ceiling; candidate reuse allowed
sub-22,left,489,0.054465118795633316,497,0.1231359913945198,8,0.12131343026989098,0.05967389184600192,0.06069676237292044,40,absolute Pearson r across 29696 matched cortical vertices,descriptive ceiling; candidate reuse allowed
sub-22,left,490,0.022136593237519264,521,0.11710256338119507,31,0.12173658244900658,0.059834331117840305,0.0636744698301904,40,absolute Pearson r across 29696 matched cortical vertices,descriptive ceiling; candidate reuse allowed
sub-22,left,491,0.016154849901795387,492,0.09734950959682465,1,0.12193273540844,0.05990351086654382,0.06005994650360295,40,absolute Pearson r across 29696 matched cortical vertices,descriptive ceiling; candidate reuse allowed
sub-22,left,492,0.0030258423648774624,531,0.103362537920475,39,0.12207610802511672,0.06005994650360295,0.06495461967022476,40,absolute Pearson r across 29696 matched cortical vertices,descriptive ceiling; candidate reuse allowed
sub-22,left,493,0.06907451152801514,513,0.11946967244148254,20,0.12231269778543082,0.06017534788635177,0.06261462927072164,40,absolute Pearson r across 29696 matched cortical vertices,descriptive ceiling; candidate reuse allowed
sub-22,left,494,0.03335023298859596,471,0.1096278503537178,-23,0.12233917474748891,0.06048941262496397,0.057445661435104135,40,absolute Pearson r across 29696 matched cortical vertices,descriptive ceiling; candidate reuse allowed
sub-22,left,495,0.056319717317819595,530,0.08833105117082596,35,0.12258591496395592,0.06054254915599042,0.06493922366133305,40,absolute Pearson r across 29696 matched cortical vertices,descriptive ceiling; candidate reuse allowed
sub-22,left,496,0.005064890719950199,530,0.10552750527858734,34,0.12285809998656898,0.060572697279701763,0.06493922366133305,40,absolute Pearson r across 29696 matched cortical vertices,descriptive ceiling; candidate reuse allowed
sub-22,left,497,0.011311898939311504,482,0.08354560285806656,-15,0.12306225913596967,0.06069676237292044,0.05886343143430937,40,absolute Pearson r across 29696 matched cortical vertices,descriptive ceiling; candidate reuse allowed
sub-22,left,498,0.06688883900642395,503,0.12324780225753784,5,0.1233908257013883,0.060757865861359,0.061515349717775746,40,absolute Pearson r across 29696 matched cortical vertices,descriptive ceiling; candidate reuse allowed
sub-22,left,499,0.0019908626563847065,462,0.11086603254079819,-37,0.12363181864835186,0.06088995123625073,0.05622173540208552,40,absolute Pearson r across 29696 matched cortical vertices,descriptive ceiling; candidate reuse allowed
sub-22,left,500,0.02628197893500328,472,0.09568449854850769,-28,0.12396231901751655,0.06103635619251694,0.05750615899746208,40,absolute Pearson r across 29696 matched cortical vertices,descriptive ceiling; candidate reuse allowed
sub-22,left,501,0.056167300790548325,506,0.10224464535713196,5,0.12409234598998896,0.06120282100158327,0.06177036913667023,41,absolute Pearson r across 29696 matched cortical vertices,descriptive ceiling; candidate reuse allowed
sub-22,left,502,0.021309472620487213,464,0.0913165956735611,-38,0.12445710153171906,0.061242940173257314,0.05650526236658487,41,absolute Pearson r across 29696 matched cortical vertices,descriptive ceiling; candidate reuse allowed
sub-22,left,503,0.03992827981710434,531,0.1191943809390068,28,0.12494534649575688,0.061515349717775746,0.06495461967022476,41,absolute Pearson r across 29696 matched cortical vertices,descriptive ceiling; candidate reuse allowed
sub-22,left,504,0.019669372588396072,475,0.10761366784572601,-29,0.12517725440725289,0.06158638322251723,0.05780420889362873,41,absolute Pearson r across 29696 matched cortical vertices,descriptive ceiling; candidate reuse allowed
sub-22,left,505,0.011452498845756054,528,0.10112160444259644,23,0.1255488211879716,0.061652532345256604,0.06470453628697119,41,absolute Pearson r across 29696 matched cortical vertices,descriptive ceiling; candidate reuse allowed
sub-22,left,506,0.05440646782517433,526,0.09679751098155975,20,0.12574788022892464,0.06177036913667023,0.06446859964410324,41,absolute Pearson r across 29696 matched cortical vertices,descriptive ceiling; candidate reuse allowed
sub-22,left,507,0.004217768087983131,514,0.08710142225027084,7,0.12582176712970816,0.06187673097457807,0.06275052799755167,41,absolute Pearson r across 29696 matched cortical vertices,descriptive ceiling; candidate reuse allowed
sub-22,left,508,0.03165854141116142,532,0.1298673450946808,24,0.12595419130980645,0.06201068747830548,0.06511709178991619,41,absolute Pearson r across 29696 matched cortical vertices,descriptive ceiling; candidate reuse allowed
sub-22,left,509,0.009591530077159405,543,0.10002141445875168,34,0.1264549620802235,0.06212553416550277,0.06656618408605051,41,absolute Pearson r across 29696 matched cortical vertices,descriptive ceiling; candidate reuse allowed
sub-22,left,510,0.06917309015989304,475,0.11847025901079178,-35,0.12672012765616894,0.062229170508350425,0.05780420889362873,41,absolute Pearson r across 29696 matched cortical vertices,descriptive ceiling; candidate reuse allowed
sub-22,left,511,0.024881351739168167,527,0.0934998095035553,16,0.12708726797231915,0.06240345454741166,0.06450253859918734,41,absolute Pearson r across 29696 matched cortical vertices,descriptive ceiling; candidate reuse allowed
sub-22,left,512,0.021548865363001823,484,0.0978366956114769,-28,0.12724357235285919,0.06259218050977142,0.05911279228622123,41,absolute Pearson r across 29696 matched cortical vertices,descriptive ceiling; candidate reuse allowed
sub-22,left,513,0.013735007494688034,531,0.10070638358592987,18,0.1274307864045742,0.06261462927072164,0.06495461967022476,42,absolute Pearson r across 29696 matched cortical vertices,descriptive ceiling; candidate reuse allowed
sub-22,left,514,0.0035675405524671078,493,0.1141597256064415,-21,0.12770436858077097,0.06275052799755167,0.06017534788635177,42,absolute Pearson r across 29696 matched cortical vertices,descriptive ceiling; candidate reuse allowed
sub-22,left,515,0.03874048963189125,531,0.09976556897163391,16,0.1279542067133176,0.06296008804339137,0.06495461967022476,42,absolute Pearson r across 29696 matched cortical vertices,descriptive ceiling; candidate reuse allowed
sub-22,left,516,0.06940799951553345,526,0.10758313536643982,10,0.12807710026322996,0.0630500873253649,0.06446859964410324,42,absolute Pearson r across 29696 matched cortical vertices,descriptive ceiling; candidate reuse allowed
sub-22,left,517,0.003300740849226713,494,0.126781165599823,-23,0.1281792566923967,0.06310928581509999,0.06048941262496397,42,absolute Pearson r across 29696 matched cortical vertices,descriptive ceiling; candidate reuse allowed
sub-22,left,518,0.03764324635267258,504,0.12044008076190948,-14,0.12829786868030263,0.06324365715035554,0.06158638322251723,42,absolute Pearson r across 29696 matched cortical vertices,descriptive ceiling; candidate reuse allowed
sub-22,left,519,0.007243146188557148,539,0.07772088050842285,20,0.12876086124491157,0.06340478566414137,0.0661579177146166,42,absolute Pearson r across 29696 matched cortical vertices,descriptive ceiling; candidate reuse allowed
sub-22,left,520,0.04701229929924011,488,0.1331956386566162,-32,0.12909704803934888,0.0635620262512655,0.05961479175427147,42,absolute Pearson r across 29696 matched cortical vertices,descriptive ceiling; candidate reuse allowed
sub-22,left,521,0.021770887076854706,538,0.10026748478412628,17,0.12938744487014114,0.0636744698301904,0.06587153673535749,42,absolute Pearson r across 29696 matched cortical vertices,descriptive ceiling; candidate reuse allowed
sub-22,left,522,0.0243298951536417,513,0.0935622975230217,-9,0.12970476006454362,0.0638354705280257,0.06261462927072164,42,absolute Pearson r across 29696 matched cortical vertices,descriptive ceiling; candidate reuse allowed
sub-22,left,523,0.0719805583357811,512,0.09828227013349533,-11,0.12977856682798647,0.06401687217573569,0.06259218050977142,42,absolute Pearson r across 29696 matched cortical vertices,descriptive ceiling; candidate reuse allowed
sub-22,left,524,0.013859033584594727,510,0.11036450415849686,-14,0.13009249190654043,0.06405977918354692,0.062229170508350425,42,absolute Pearson r across 29696 matched cortical vertices,descriptive ceiling; candidate reuse allowed
sub-22,left,525,0.07127884775400162,509,0.11482115834951401,-16,0.1302974989611425,0.06431167503034438,0.06212553416550277,42,absolute Pearson r across 29696 matched cortical vertices,descriptive ceiling; candidate reuse allowed
sub-22,left,526,0.003420560620725155,539,0.0955343171954155,13,0.13078083983359665,0.06446859964410324,0.0661579177146166,43,absolute Pearson r across 29696 matched cortical vertices,descriptive ceiling; candidate reuse allowed
sub-22,left,527,0.018948666751384735,561,0.10791093111038208,34,0.13081065867816713,0.06450253859918734,0.06881055696662068,43,absolute Pearson r across 29696 matched cortical vertices,descriptive ceiling; candidate reuse allowed
sub-22,left,528,0.017229150980710983,549,0.13041505217552185,21,0.13102666549747644,0.06470453628697119,0.06728873007384793,43,absolute Pearson r across 29696 matched cortical vertices,descriptive ceiling; candidate reuse allowed
sub-22,left,529,0.027446120977401733,561,0.11169525235891342,32,0.13115735460596029,0.06481510260906138,0.06881055696662068,43,absolute Pearson r across 29696 matched cortical vertices,descriptive ceiling; candidate reuse allowed
sub-22,left,530,0.0332644097507,529,0.10389836877584457,-1,0.13141452317140273,0.06493922366133305,0.06481510260906138,43,absolute Pearson r across 29696 matched cortical vertices,descriptive ceiling; candidate reuse allowed
sub-22,left,531,0.01271091029047966,534,0.1054004356265068,3,0.131950464708602,0.06495461967022476,0.06532611061977939,43,absolute Pearson r across 29696 matched cortical vertices,descriptive ceiling; candidate reuse allowed
sub-22,left,532,0.01427801139652729,492,0.09357012063264847,-40,0.13216988267411725,0.06511709178991619,0.06005994650360295,43,absolute Pearson r across 29696 matched cortical vertices,descriptive ceiling; candidate reuse allowed
sub-22,left,533,0.04760684818029404,547,0.1073688417673111,14,0.132430468033961,0.0651881726477809,0.06703896278238726,43,absolute Pearson r across 29696 matched cortical vertices,descriptive ceiling; candidate reuse allowed
sub-22,left,534,0.037887003272771835,508,0.11041973531246185,-26,0.13268845243244476,0.06532611061977939,0.06201068747830548,43,absolute Pearson r across 29696 matched cortical vertices,descriptive ceiling; candidate reuse allowed
sub-22,left,535,0.002324193250387907,518,0.08916773647069931,-17,0.1329216189400623,0.06537426149132888,0.06324365715035554,43,absolute Pearson r across 29696 matched cortical vertices,descriptive ceiling; candidate reuse allowed
sub-22,left,536,0.011648839339613914,516,0.11861636489629745,-20,0.13300426317944852,0.06555462252718003,0.0630500873253649,43,absolute Pearson r across 29696 matched cortical vertices,descriptive ceiling; candidate reuse allowed
sub-22,left,537,0.008144455961883068,540,0.08378216624259949,3,0.13332352637951936,0.06573082197092388,0.0662563441019127,43,absolute Pearson r across 29696 matched cortical vertices,descriptive ceiling; candidate reuse allowed
sub-22,left,538,0.04769431799650192,496,0.11219586431980133,-42,0.13384148687943806,0.06587153673535749,0.060572697279701763,44,absolute Pearson r across 29696 matched cortical vertices,descriptive ceiling; candidate reuse allowed
sub-22,left,539,0.07604870200157166,507,0.14314164221286774,-32,0.13407260560757095,0.0661579177146166,0.06187673097457807,44,absolute Pearson r across 29696 matched cortical vertices,descriptive ceiling; candidate reuse allowed
sub-22,left,540,0.079729825258255,497,0.09327791631221771,-43,0.13419004640395799,0.0662563441019127,0.06069676237292044,44,absolute Pearson r across 29696 matched cortical vertices,descriptive ceiling; candidate reuse allowed
sub-22,left,541,0.026901355013251305,514,0.12800683081150055,-27,0.13441840632976138,0.06633300116187524,0.06275052799755167,44,absolute Pearson r across 29696 matched cortical vertices,descriptive ceiling; candidate reuse allowed
sub-22,left,542,0.01957825943827629,567,0.09979929774999619,25,0.1348026545333879,0.06646055181484956,0.0696657164101335,44,absolute Pearson r across 29696 matched cortical vertices,descriptive ceiling; candidate reuse allowed
sub-22,left,543,0.04525784030556679,542,0.09220009297132492,-1,0.13515464106753705,0.06656618408605051,0.06646055181484956,44,absolute Pearson r across 29696 matched cortical vertices,descriptive ceiling; candidate reuse allowed
sub-22,left,544,0.029357150197029114,574,0.10363540798425674,30,0.13539015118462883,0.06660778975728682,0.07050982807260964,44,absolute Pearson r across 29696 matched cortical vertices,descriptive ceiling; candidate reuse allowed
sub-22,left,545,0.040730882436037064,532,0.10369666665792465,-13,0.1355691810954436,0.06678350574724397,0.06511709178991619,44,absolute Pearson r across 29696 matched cortical vertices,descriptive ceiling; candidate reuse allowed
sub-22,left,546,0.01615918055176735,536,0.12131436169147491,-10,0.13593732248602736,0.06694966532328894,0.06555462252718003,44,absolute Pearson r across 29696 matched cortical vertices,descriptive ceiling; candidate reuse allowed
sub-22,left,547,0.032171230763196945,579,0.10103242099285126,32,0.13605351075901395,0.06703896278238726,0.07123440897492027,44,absolute Pearson r across 29696 matched cortical vertices,descriptive ceiling; candidate reuse allowed
sub-22,left,548,0.09737260639667511,548,0.09737260639667511,0,0.1361736234899505,0.06723024559567052,0.06723024559567052,44,absolute Pearson r across 29696 matched cortical vertices,descriptive ceiling; candidate reuse allowed
sub-22,left,549,0.004350634291768074,533,0.10993169248104095,-16,0.13690585040461384,0.06728873007384793,0.0651881726477809,44,absolute Pearson r across 29696 matched cortical vertices,descriptive ceiling; candidate reuse allowed
sub-22,left,550,0.07081448286771774,531,0.10080187022686005,-19,0.13697254300812609,0.06751086305624619,0.06495461967022476,44,absolute Pearson r across 29696 matched cortical vertices,descriptive ceiling; candidate reuse allowed
sub-22,left,551,0.04666711390018463,513,0.11008822917938232,-38,0.1373000850166883,0.0675852881991733,0.06261462927072164,45,absolute Pearson r across 29696 matched cortical vertices,descriptive ceiling; candidate reuse allowed
sub-22,left,552,0.03130411356687546,596,0.133021280169487,44,0.1374131188740425,0.06769630064737775,0.07338937955837764,45,absolute Pearson r across 29696 matched cortical vertices,descriptive ceiling; candidate reuse allowed
sub-22,left,553,0.006399012636393309,560,0.08476360887289047,7,0.13781212883479874,0.06775497579097167,0.06873685896713949,45,absolute Pearson r across 29696 matched cortical vertices,descriptive ceiling; candidate reuse allowed
sub-22,left,554,0.03214028477668762,585,0.1286737322807312,31,0.13809989442248544,0.0678346591073236,0.07196984415126599,45,absolute Pearson r across 29696 matched cortical vertices,descriptive ceiling; candidate reuse allowed
sub-22,left,555,0.05716567113995552,586,0.1023545116186142,31,0.13820380800873597,0.06800109890975113,0.07205172560313662,45,absolute Pearson r across 29696 matched cortical vertices,descriptive ceiling; candidate reuse allowed
sub-22,left,556,0.05713652819395065,594,0.09259990602731705,38,0.13877171600882734,0.06812773092420589,0.07316747273795077,45,absolute Pearson r across 29696 matched cortical vertices,descriptive ceiling; candidate reuse allowed
sub-22,left,557,0.004406813997775316,536,0.11251770704984665,-21,0.1388362105354284,0.06829327213363053,0.06555462252718003,45,absolute Pearson r across 29696 matched cortical vertices,descriptive ceiling; candidate reuse allowed
sub-22,left,558,0.01681571453809738,596,0.08723431080579758,38,0.13898815013779697,0.06849406228210621,0.07338937955837764,45,absolute Pearson r across 29696 matched cortical vertices,descriptive ceiling; candidate reuse allowed
sub-22,left,559,0.016686605289578438,571,0.11542707681655884,12,0.1392429881832903,0.06858984166751306,0.07012894129720733,45,absolute Pearson r across 29696 matched cortical vertices,descriptive ceiling; candidate reuse allowed
sub-22,left,560,0.008831720799207687,534,0.1302434355020523,-26,0.13931251315112617,0.06873685896713949,0.06532611061977939,45,absolute Pearson r across 29696 matched cortical vertices,descriptive ceiling; candidate reuse allowed
sub-22,left,561,0.0007310865912586451,601,0.11253593862056732,40,0.13962504967460546,0.06881055696662068,0.07395242122093303,45,absolute Pearson r across 29696 matched cortical vertices,descriptive ceiling; candidate reuse allowed
sub-22,left,562,0.005317320115864277,520,0.11120890825986862,-42,0.13990312571144692,0.06908475079777728,0.0635620262512655,45,absolute Pearson r across 29696 matched cortical vertices,descriptive ceiling; candidate reuse allowed
sub-22,left,563,0.030921151861548424,591,0.11616203933954239,28,0.14004022088817697,0.06918415971515439,0.07264827108058303,46,absolute Pearson r across 29696 matched cortical vertices,descriptive ceiling; candidate reuse allowed
sub-22,left,564,0.008175378665328026,559,0.09389027953147888,-5,0.14045957988381672,0.06922299559070866,0.06858984166751306,46,absolute Pearson r across 29696 matched cortical vertices,descriptive ceiling; candidate reuse allowed
sub-22,left,565,0.016562016680836678,603,0.09052817523479462,38,0.14074923614594675,0.06947252461414792,0.07412152166965294,46,absolute Pearson r across 29696 matched cortical vertices,descriptive ceiling; candidate reuse allowed
sub-22,left,566,0.04003698378801346,576,0.08986329287290573,10,0.1411015832496392,0.06949604075953718,0.07080043174295227,46,absolute Pearson r across 29696 matched cortical vertices,descriptive ceiling; candidate reuse allowed
sub-22,left,567,0.004660101607441902,561,0.1072741448879242,-6,0.14119881424850145,0.0696657164101335,0.06881055696662068,46,absolute Pearson r across 29696 matched cortical vertices,descriptive ceiling; candidate reuse allowed
sub-22,left,568,0.017385736107826233,612,0.10048850625753403,44,0.1413208694269585,0.06985647859028185,0.07534855395979155,46,absolute Pearson r across 29696 matched cortical vertices,descriptive ceiling; candidate reuse allowed
sub-22,left,569,0.04520482197403908,550,0.10324364900588989,-19,0.14160050496799748,0.06992963303760327,0.06751086305624619,46,absolute Pearson r across 29696 matched cortical vertices,descriptive ceiling; candidate reuse allowed
sub-22,left,570,0.029396066442131996,579,0.12088964134454727,9,0.1416705391324584,0.0700389095656884,0.07123440897492027,46,absolute Pearson r across 29696 matched cortical vertices,descriptive ceiling; candidate reuse allowed
sub-22,left,571,0.011436420492827892,580,0.09907597303390503,9,0.14214721460325797,0.07012894129720733,0.07134465561298098,46,absolute Pearson r across 29696 matched cortical vertices,descriptive ceiling; candidate reuse allowed
sub-22,left,572,0.03018021024763584,617,0.09172450751066208,45,0.14239118267776374,0.07024996259048223,0.0758964520536302,46,absolute Pearson r across 29696 matched cortical vertices,descriptive ceiling; candidate reuse allowed
sub-22,left,573,0.10765406489372253,573,0.10765406489372253,0,0.14281094546917633,0.07031777859387753,0.07031777859387753,46,absolute Pearson r across 29696 matched cortical vertices,descriptive ceiling; candidate reuse allowed
sub-22,left,574,0.025846971198916435,551,0.12619945406913757,-23,0.14313819091212168,0.07050982807260964,0.0675852881991733,46,absolute Pearson r across 29696 matched cortical vertices,descriptive ceiling; candidate reuse allowed
sub-22,left,575,0.042140353471040726,529,0.07871804386377335,-46,0.14350191003894702,0.07061626583260078,0.06481510260906138,46,absolute Pearson r across 29696 matched cortical vertices,descriptive ceiling; candidate reuse allowed
sub-22,left,576,0.09552376717329025,617,0.10279311239719391,41,0.14380577964604552,0.07080043174295227,0.0758964520536302,47,absolute Pearson r across 29696 matched cortical vertices,descriptive ceiling; candidate reuse allowed
sub-22,left,577,0.023000303655862808,602,0.09104827046394348,25,0.14401786349834195,0.07095062772646706,0.07399601050030023,47,absolute Pearson r across 29696 matched cortical vertices,descriptive ceiling; candidate reuse allowed
sub-22,left,578,0.008293630555272102,532,0.08609858900308609,-46,0.14421613998940586,0.07113054360178434,0.06511709178991619,47,absolute Pearson r across 29696 matched cortical vertices,descriptive ceiling; candidate reuse allowed
sub-22,left,579,0.016830796375870705,556,0.1038716658949852,-23,0.14427848259976717,0.07123440897492027,0.06812773092420589,47,absolute Pearson r across 29696 matched cortical vertices,descriptive ceiling; candidate reuse allowed
sub-22,left,580,0.08127599209547043,585,0.13031555712223053,5,0.1446766569484141,0.07134465561298098,0.07196984415126599,47,absolute Pearson r across 29696 matched cortical vertices,descriptive ceiling; candidate reuse allowed
sub-22,left,581,0.013137666508555412,542,0.07471785694360733,-39,0.14473814320378375,0.07146540946328961,0.06646055181484956,47,absolute Pearson r across 29696 matched cortical vertices,descriptive ceiling; candidate reuse allowed
sub-22,left,582,0.01760692149400711,615,0.1071225181221962,33,0.1449641088093671,0.07156305257272849,0.07564318993109606,47,absolute Pearson r across 29696 matched cortical vertices,descriptive ceiling; candidate reuse allowed
sub-22,left,583,0.009871031157672405,588,0.09118279814720154,5,0.14529065901808352,0.07164843291681625,0.07234205582769977,47,absolute Pearson r across 29696 matched cortical vertices,descriptive ceiling; candidate reuse allowed
sub-22,left,584,0.07023204863071442,609,0.109317347407341,25,0.14571090675703835,0.07185441691484096,0.0748980523069217,47,absolute Pearson r across 29696 matched cortical vertices,descriptive ceiling; candidate reuse allowed
sub-22,left,585,0.04336542636156082,588,0.09638570249080658,3,0.14600166479583648,0.07196984415126599,0.07234205582769977,47,absolute Pearson r across 29696 matched cortical vertices,descriptive ceiling; candidate reuse allowed
sub-22,left,586,0.02385016717016697,619,0.08211440593004227,33,0.1461679174653152,0.07205172560313662,0.07616473763739615,47,absolute Pearson r across 29696 matched cortical vertices,descriptive ceiling; candidate reuse allowed
sub-22,left,587,0.024228421971201897,629,0.09250404685735703,42,0.1463557457676439,0.0722281015383033,0.07763792128526814,47,absolute Pearson r across 29696 matched cortical vertices,descriptive ceiling; candidate reuse allowed
sub-22,left,588,0.054487861692905426,622,0.10654939711093903,34,0.1465580906733405,0.07234205582769977,0.07683836832239992,48,absolute Pearson r across 29696 matched cortical vertices,descriptive ceiling; candidate reuse allowed
sub-22,left,589,0.009153754450380802,594,0.09420520812273026,5,0.14666699897852165,0.07254198932822888,0.07316747273795077,48,absolute Pearson r across 29696 matched cortical vertices,descriptive ceiling; candidate reuse allowed
sub-22,left,590,0.016493171453475952,578,0.11327217519283295,-12,0.14709317872899272,0.07262183613845125,0.07113054360178434,48,absolute Pearson r across 29696 matched cortical vertices,descriptive ceiling; candidate reuse allowed
sub-22,left,591,0.0017187569756060839,611,0.10526422411203384,20,0.14736974068026654,0.07264827108058303,0.07523699566292197,48,absolute Pearson r across 29696 matched cortical vertices,descriptive ceiling; candidate reuse allowed
sub-22,left,592,0.024634962901473045,638,0.11465862393379211,46,0.14739238191218312,0.07276615375358968,0.07876838398878802,48,absolute Pearson r across 29696 matched cortical vertices,descriptive ceiling; candidate reuse allowed
sub-22,left,593,0.005725935101509094,601,0.11834141612052917,8,0.14808791355678402,0.07300267555087944,0.07395242122093303,48,absolute Pearson r across 29696 matched cortical vertices,descriptive ceiling; candidate reuse allowed
sub-22,left,594,0.056910399347543716,626,0.06892815232276917,32,0.14820616459983635,0.07316747273795077,0.07726445371468149,48,absolute Pearson r across 29696 matched cortical vertices,descriptive ceiling; candidate reuse allowed
sub-22,left,595,0.017509136348962784,580,0.10899575054645538,-15,0.1483288811548069,0.07326817194000913,0.07134465561298098,48,absolute Pearson r across 29696 matched cortical vertices,descriptive ceiling; candidate reuse allowed
sub-22,left,596,0.03007449209690094,614,0.12531405687332153,18,0.14872801694444185,0.07338937955837764,0.07557560579057057,48,absolute Pearson r across 29696 matched cortical vertices,descriptive ceiling; candidate reuse allowed
sub-22,left,597,0.020568929612636566,563,0.10689447820186615,-34,0.14914557322494942,0.07341105226306632,0.06918415971515439,48,absolute Pearson r across 29696 matched cortical vertices,descriptive ceiling; candidate reuse allowed
sub-22,left,598,0.00689356354996562,629,0.10470965504646301,31,0.14939722929444998,0.07351025313555862,0.07763792128526814,48,absolute Pearson r across 29696 matched cortical vertices,descriptive ceiling; candidate reuse allowed
sub-22,left,599,0.004477649461477995,642,0.09053198993206024,43,0.14966307961891764,0.07366639671216005,0.07916973053215584,48,absolute Pearson r across 29696 matched cortical vertices,descriptive ceiling; candidate reuse allowed
sub-22,left,600,0.07423101365566254,584,0.09381984174251556,-16,0.15002208088707666,0.073817934407243,0.07185441691484096,48,absolute Pearson r across 29696 matched cortical vertices,descriptive ceiling; candidate reuse allowed
sub-22,left,601,0.0523013174533844,650,0.0896388441324234,49,0.15008055508152615,0.07395242122093303,0.08030956906825278,49,absolute Pearson r across 29696 matched cortical vertices,descriptive ceiling; candidate reuse allowed
sub-22,left,602,0.0025419150479137897,576,0.11378086358308792,-26,0.1502100491700271,0.07399601050030023,0.07080043174295227,49,absolute Pearson r across 29696 matched cortical vertices,descriptive ceiling; candidate reuse allowed
sub-22,left,603,0.048269860446453094,620,0.0885404422879219,17,0.15029940326964772,0.07412152166965294,0.0763966433234738,49,absolute Pearson r across 29696 matched cortical vertices,descriptive ceiling; candidate reuse allowed
sub-22,left,604,0.00978076457977295,578,0.08939343690872192,-26,0.15077829022364025,0.07430683670605247,0.07113054360178434,49,absolute Pearson r across 29696 matched cortical vertices,descriptive ceiling; candidate reuse allowed
sub-22,left,605,0.020526479929685593,635,0.09398763626813889,30,0.1510312145433455,0.07433487538792148,0.07838164831893646,49,absolute Pearson r across 29696 matched cortical vertices,descriptive ceiling; candidate reuse allowed
sub-22,left,606,0.03160720318555832,642,0.09283537417650223,36,0.1512970828500428,0.07453153365020793,0.07916973053215584,49,absolute Pearson r across 29696 matched cortical vertices,descriptive ceiling; candidate reuse allowed
sub-22,left,607,0.014177847653627396,558,0.08858735859394073,-49,0.15142678075109692,0.07467555590252462,0.06849406228210621,49,absolute Pearson r across 29696 matched cortical vertices,descriptive ceiling; candidate reuse allowed
sub-22,left,608,0.002479560673236847,587,0.100618377327919,-21,0.1517430714168779,0.07486236940457727,0.0722281015383033,49,absolute Pearson r across 29696 matched cortical vertices,descriptive ceiling; candidate reuse allowed
sub-22,left,609,0.03362744301557541,640,0.08515600115060806,31,0.1520193893134411,0.0748980523069217,0.07900325736716818,49,absolute Pearson r across 29696 matched cortical vertices,descriptive ceiling; candidate reuse allowed
sub-22,left,610,0.020190661773085594,588,0.09482426196336746,-22,0.15212311896903405,0.07513499133078995,0.07234205582769977,49,absolute Pearson r across 29696 matched cortical vertices,descriptive ceiling; candidate reuse allowed
sub-22,left,611,0.04386521875858307,589,0.08223387598991394,-22,0.15269728283043754,0.07523699566292197,0.07254198932822888,49,absolute Pearson r across 29696 matched cortical vertices,descriptive ceiling; candidate reuse allowed
sub-22,left,612,0.00090952985920012,567,0.09200799465179443,-45,0.15300793030820622,0.07534855395979155,0.0696657164101335,49,absolute Pearson r across 29696 matched cortical vertices,descriptive ceiling; candidate reuse allowed
sub-22,left,613,0.03848529979586601,611,0.08685997873544693,-2,0.15318561716865395,0.07550216688643441,0.07523699566292197,50,absolute Pearson r across 29696 matched cortical vertices,descriptive ceiling; candidate reuse allowed
sub-22,left,614,0.0021085115149617195,585,0.12388214468955994,-29,0.15340656447414847,0.07557560579057057,0.07196984415126599,50,absolute Pearson r across 29696 matched cortical vertices,descriptive ceiling; candidate reuse allowed
sub-22,left,615,0.10684831440448761,615,0.10684831440448761,0,0.15356467695817602,0.07564318993109606,0.07564318993109606,50,absolute Pearson r across 29696 matched cortical vertices,descriptive ceiling; candidate reuse allowed
sub-22,left,616,0.024867694824934006,566,0.0799613744020462,-50,0.1537735587739343,0.07584378222593571,0.06949604075953718,50,absolute Pearson r across 29696 matched cortical vertices,descriptive ceiling; candidate reuse allowed
sub-22,left,617,0.024592360481619835,657,0.11882416903972626,40,0.15417268065799622,0.0758964520536302,0.08123831387488151,50,absolute Pearson r across 29696 matched cortical vertices,descriptive ceiling; candidate reuse allowed
sub-22,left,618,0.0014600998256355524,586,0.080476313829422,-32,0.1543870390881511,0.07607660380263645,0.07205172560313662,50,absolute Pearson r across 29696 matched cortical vertices,descriptive ceiling; candidate reuse allowed
sub-22,left,619,0.009291370399296284,669,0.07843521237373352,50,0.15469814442973562,0.07616473763739615,0.08269405478947417,50,absolute Pearson r across 29696 matched cortical vertices,descriptive ceiling; candidate reuse allowed
sub-22,left,620,0.03550267592072487,643,0.10311519354581833,23,0.1549225428493364,0.0763966433234738,0.07934215432627192,50,absolute Pearson r across 29696 matched cortical vertices,descriptive ceiling; candidate reuse allowed
sub-22,left,621,0.0013452249113470316,595,0.09052890539169312,-26,0.1551986584822588,0.07660028110622447,0.07326817194000913,50,absolute Pearson r across 29696 matched cortical vertices,descriptive ceiling; candidate reuse allowed
sub-22,left,622,0.0312872938811779,590,0.10429232567548752,-32,0.15537775226486064,0.07683836832239992,0.07262183613845125,50,absolute Pearson r across 29696 matched cortical vertices,descriptive ceiling; candidate reuse allowed
sub-22,left,623,0.01229776069521904,575,0.09058428555727005,-48,0.15554106127529152,0.07695149361464579,0.07061626583260078,50,absolute Pearson r across 29696 matched cortical vertices,descriptive ceiling; candidate reuse allowed
sub-22,left,624,0.034606002271175385,592,0.09400564432144165,-32,0.1558657132221724,0.07708992426649364,0.07276615375358968,50,absolute Pearson r across 29696 matched cortical vertices,descriptive ceiling; candidate reuse allowed
sub-22,left,625,0.03966166824102402,635,0.09991727769374847,10,0.1563080479942767,0.07715973089597855,0.07838164831893646,50,absolute Pearson r across 29696 matched cortical vertices,descriptive ceiling; candidate reuse allowed
sub-22,left,626,0.02546863444149494,609,0.0988573506474495,-17,0.15657482348726165,0.07726445371468149,0.0748980523069217,51,absolute Pearson r across 29696 matched cortical vertices,descriptive ceiling; candidate reuse allowed
sub-22,left,627,0.0420108400285244,591,0.09599455446004868,-36,0.1567493312448406,0.07730465843709787,0.07264827108058303,51,absolute Pearson r across 29696 matched cortical vertices,descriptive ceiling; candidate reuse allowed
sub-22,left,628,0.02155575342476368,650,0.09171395748853683,22,0.15679952337943187,0.0773608603687204,0.08030956906825278,51,absolute Pearson r across 29696 matched cortical vertices,descriptive ceiling; candidate reuse allowed
sub-22,left,629,0.010444612242281437,609,0.08323879539966583,-20,0.15717126980415597,0.07763792128526814,0.0748980523069217,51,absolute Pearson r across 29696 matched cortical vertices,descriptive ceiling; candidate reuse allowed
sub-22,left,630,0.006086761597543955,618,0.07404705882072449,-12,0.15757815682182486,0.07767432041374216,0.07607660380263645,51,absolute Pearson r across 29696 matched cortical vertices,descriptive ceiling; candidate reuse allowed
sub-22,left,631,0.07463356852531433,619,0.09298642724752426,-12,0.1576220179407858,0.07779836078972874,0.07616473763739615,51,absolute Pearson r across 29696 matched cortical vertices,descriptive ceiling; candidate reuse allowed
sub-22,left,632,0.037667348980903625,660,0.10570061206817627,28,0.15782717900817142,0.07784687423534514,0.0814953145982756,51,absolute Pearson r across 29696 matched cortical vertices,descriptive ceiling; candidate reuse allowed
sub-22,left,633,0.01903429627418518,615,0.08357953280210495,-18,0.15813999385368915,0.07793778437114812,0.07564318993109606,51,absolute Pearson r across 29696 matched cortical vertices,descriptive ceiling; candidate reuse allowed
sub-22,left,634,0.024000659584999084,603,0.08517450839281082,-31,0.15866693956944872,0.07807713229033296,0.07412152166965294,51,absolute Pearson r across 29696 matched cortical vertices,descriptive ceiling; candidate reuse allowed
sub-22,left,635,0.055611658841371536,648,0.09932846575975418,13,0.15879596432408039,0.07838164831893646,0.08008622050558994,51,absolute Pearson r across 29696 matched cortical vertices,descriptive ceiling; candidate reuse allowed
sub-22,left,636,0.011643856763839722,600,0.0771016851067543,-36,0.15902003967537107,0.07855115565611807,0.073817934407243,51,absolute Pearson r across 29696 matched cortical vertices,descriptive ceiling; candidate reuse allowed
sub-22,left,637,0.044174741953611374,591,0.10783080756664276,-46,0.15927803323972603,0.07866738136145496,0.07264827108058303,51,absolute Pearson r across 29696 matched cortical vertices,descriptive ceiling; candidate reuse allowed
sub-22,left,638,0.025020122528076172,627,0.10863659530878067,-11,0.15966018292097348,0.07876838398878802,0.07730465843709787,52,absolute Pearson r across 29696 matched cortical vertices,descriptive ceiling; candidate reuse allowed
sub-22,left,639,0.039034318178892136,644,0.10076083987951279,5,0.1600788883686547,0.07896192571114467,0.07954333885533682,52,absolute Pearson r across 29696 matched cortical vertices,descriptive ceiling; candidate reuse allowed
sub-22,left,640,0.11800811439752579,640,0.11800811439752579,0,0.1602167878516974,0.07900325736716818,0.07900325736716818,52,absolute Pearson r across 29696 matched cortical vertices,descriptive ceiling; candidate reuse allowed
sub-22,left,641,0.011749278753995895,678,0.10521005094051361,37,0.16038305995982594,0.07906342432568332,0.08390645107855281,52,absolute Pearson r across 29696 matched cortical vertices,descriptive ceiling; candidate reuse allowed
sub-22,left,642,0.04290531203150749,662,0.09572834521532059,20,0.16071279158285814,0.07916973053215584,0.0817636533678568,52,absolute Pearson r across 29696 matched cortical vertices,descriptive ceiling; candidate reuse allowed
sub-22,left,643,0.049895696341991425,644,0.08597936481237411,1,0.16097742144266444,0.07934215432627192,0.07954333885533682,52,absolute Pearson r across 29696 matched cortical vertices,descriptive ceiling; candidate reuse allowed
sub-22,left,644,0.00043847900815308094,647,0.09306740015745163,3,0.16111711841785864,0.07954333885533682,0.07985999966881657,52,absolute Pearson r across 29696 matched cortical vertices,descriptive ceiling; candidate reuse allowed
sub-22,left,645,0.0330696702003479,609,0.08246056735515594,-36,0.16142959234946222,0.07964219470340676,0.0748980523069217,52,absolute Pearson r across 29696 matched cortical vertices,descriptive ceiling; candidate reuse allowed
sub-22,left,646,0.0030958401039242744,682,0.09074913710355759,36,0.1618541998087512,0.07978529927727221,0.08421531324760831,52,absolute Pearson r across 29696 matched cortical vertices,descriptive ceiling; candidate reuse allowed
sub-22,left,647,0.00904957763850689,664,0.098382368683815,17,0.16204174802963603,0.07985999966881657,0.08192219092473872,52,absolute Pearson r across 29696 matched cortical vertices,descriptive ceiling; candidate reuse allowed
sub-22,left,648,0.03785356134176254,681,0.09667091816663742,33,0.16219168961397928,0.08008622050558994,0.08417862774947894,52,absolute Pearson r across 29696 matched cortical vertices,descriptive ceiling; candidate reuse allowed
sub-22,left,649,0.03274410218000412,684,0.09597555547952652,35,0.16261304037568863,0.08024817517084701,0.0846282832529757,52,absolute Pearson r across 29696 matched cortical vertices,descriptive ceiling; candidate reuse allowed
sub-22,left,650,0.035673778504133224,679,0.09210003167390823,29,0.16268264280340006,0.08030956906825278,0.08391907437288057,52,absolute Pearson r across 29696 matched cortical vertices,descriptive ceiling; candidate reuse allowed
sub-22,left,651,0.04389186203479767,667,0.07809806615114212,16,0.16292241146697928,0.08054537348981355,0.0823547980755677,53,absolute Pearson r across 29696 matched cortical vertices,descriptive ceiling; candidate reuse allowed
sub-22,left,652,0.05287158116698265,656,0.0781295970082283,4,0.1632300979718568,0.08060519884941042,0.08110621464916522,53,absolute Pearson r across 29696 matched cortical vertices,descriptive ceiling; candidate reuse allowed
sub-22,left,653,0.00028122286312282085,655,0.09862150996923447,2,0.16337104420249896,0.0807459326917493,0.08094923601063132,53,absolute Pearson r across 29696 matched cortical vertices,descriptive ceiling; candidate reuse allowed
sub-22,left,654,0.02407037280499935,629,0.08173275738954544,-25,0.16365031524565632,0.08082435277362648,0.07763792128526814,53,absolute Pearson r across 29696 matched cortical vertices,descriptive ceiling; candidate reuse allowed
sub-22,left,655,0.06712429225444794,700,0.108462393283844,45,0.1639402697970595,0.08094923601063132,0.08664568017181766,53,absolute Pearson r across 29696 matched cortical vertices,descriptive ceiling; candidate reuse allowed
sub-22,left,656,0.009572922252118587,676,0.10167502611875534,20,0.1640999408442816,0.08110621464916522,0.0837393252166547,53,absolute Pearson r across 29696 matched cortical vertices,descriptive ceiling; candidate reuse allowed
sub-22,left,657,0.07471958547830582,626,0.07735643535852432,-31,0.1642657214023726,0.08123831387488151,0.07726445371468149,53,absolute Pearson r across 29696 matched cortical vertices,descriptive ceiling; candidate reuse allowed
sub-22,left,658,0.04100924730300903,682,0.1147986501455307,24,0.16449797823286658,0.08127604182739107,0.08421531324760831,53,absolute Pearson r across 29696 matched cortical vertices,descriptive ceiling; candidate reuse allowed
sub-22,left,659,0.032791078090667725,680,0.0895618125796318,21,0.16493604394165776,0.08148679405958102,0.08411987595183121,53,absolute Pearson r across 29696 matched cortical vertices,descriptive ceiling; candidate reuse allowed
sub-22,left,660,0.0077871945686638355,631,0.07781035453081131,-29,0.1651882507222672,0.0814953145982756,0.07779836078972874,53,absolute Pearson r across 29696 matched cortical vertices,descriptive ceiling; candidate reuse allowed
sub-22,left,661,0.012962817214429379,655,0.1232840046286583,-6,0.16535901710701253,0.08163903766256816,0.08094923601063132,53,absolute Pearson r across 29696 matched cortical vertices,descriptive ceiling; candidate reuse allowed
sub-22,left,662,0.036270614713430405,679,0.09925322979688644,17,0.165684779142389,0.0817636533678568,0.08391907437288057,53,absolute Pearson r across 29696 matched cortical vertices,descriptive ceiling; candidate reuse allowed
sub-22,left,663,0.012844996526837349,658,0.11721436679363251,-5,0.16602129233007729,0.08189050257050778,0.08127604182739107,54,absolute Pearson r across 29696 matched cortical vertices,descriptive ceiling; candidate reuse allowed
sub-22,left,664,0.0028908043168485165,663,0.07946118712425232,-1,0.1665774990368617,0.08192219092473872,0.08189050257050778,54,absolute Pearson r across 29696 matched cortical vertices,descriptive ceiling; candidate reuse allowed
sub-22,left,665,0.011209186166524887,678,0.10733580589294434,13,0.16665855333137128,0.08194970611960503,0.08390645107855281,54,absolute Pearson r across 29696 matched cortical vertices,descriptive ceiling; candidate reuse allowed
sub-22,left,666,0.00898766703903675,627,0.08665601164102554,-39,0.16690220132878236,0.08209499869197637,0.07730465843709787,54,absolute Pearson r across 29696 matched cortical vertices,descriptive ceiling; candidate reuse allowed
sub-22,left,667,0.007644190452992916,624,0.11653131991624832,-43,0.1674004329675172,0.0823547980755677,0.07708992426649364,54,absolute Pearson r across 29696 matched cortical vertices,descriptive ceiling; candidate reuse allowed
sub-22,left,668,0.029371460899710655,634,0.0890088602900505,-34,0.16761727303279572,0.08243897264040018,0.07807713229033296,54,absolute Pearson r across 29696 matched cortical vertices,descriptive ceiling; candidate reuse allowed
sub-22,left,669,0.004223999567329884,651,0.08878080546855927,-18,0.16787650474047675,0.08269405478947417,0.08054537348981355,54,absolute Pearson r across 29696 matched cortical vertices,descriptive ceiling; candidate reuse allowed
sub-22,left,670,0.014119292609393597,724,0.08560267835855484,54,0.16804637816628828,0.08280327663978036,0.08991817200999408,54,absolute Pearson r across 29696 matched cortical vertices,descriptive ceiling; candidate reuse allowed
sub-22,left,671,0.04032396152615547,617,0.09636993706226349,-54,0.16817274816101233,0.0829614165047599,0.0758964520536302,54,absolute Pearson r across 29696 matched cortical vertices,descriptive ceiling; candidate reuse allowed
sub-22,left,672,0.03456946089863777,703,0.09378539770841599,31,0.1683603299555466,0.08307354332973152,0.08701797976946589,54,absolute Pearson r across 29696 matched cortical vertices,descriptive ceiling; candidate reuse allowed
sub-22,left,673,0.010709274560213089,703,0.09735985845327377,30,0.16864121921527228,0.08317904628421549,0.08701797976946589,54,absolute Pearson r across 29696 matched cortical vertices,descriptive ceiling; candidate reuse allowed
sub-22,left,674,0.015209116041660309,643,0.09456302225589752,-31,0.1689581365638748,0.083482054636532,0.07934215432627192,54,absolute Pearson r across 29696 matched cortical vertices,descriptive ceiling; candidate reuse allowed
sub-22,left,675,0.04551782086491585,692,0.11612141877412796,17,0.16916418391698715,0.08361191720156728,0.08563187952256981,54,absolute Pearson r across 29696 matched cortical vertices,descriptive ceiling; candidate reuse allowed
sub-22,left,676,0.007436132989823818,648,0.07658407837152481,-28,0.1692455242995212,0.0837393252166547,0.08008622050558994,55,absolute Pearson r across 29696 matched cortical vertices,descriptive ceiling; candidate reuse allowed
sub-22,left,677,0.04441666603088379,694,0.10539364814758301,17,0.16984549536595125,0.08383346416443122,0.0859207063189883,55,absolute Pearson r across 29696 matched cortical vertices,descriptive ceiling; candidate reuse allowed
sub-22,left,678,0.023668192327022552,670,0.08618117868900299,-8,0.17000653143212932,0.08390645107855281,0.08280327663978036,55,absolute Pearson r across 29696 matched cortical vertices,descriptive ceiling; candidate reuse allowed
sub-22,left,679,0.0012179305776953697,726,0.09469439089298248,47,0.17048122605732624,0.08391907437288057,0.09014728687584923,55,absolute Pearson r across 29696 matched cortical vertices,descriptive ceiling; candidate reuse allowed
sub-22,left,680,0.021050674840807915,720,0.08931174129247665,40,0.1705635225282312,0.08411987595183121,0.0892046379199823,55,absolute Pearson r across 29696 matched cortical vertices,descriptive ceiling; candidate reuse allowed
sub-22,left,681,0.06654496490955353,632,0.10264809429645538,-49,0.17089996560905654,0.08417862774947894,0.07784687423534514,55,absolute Pearson r across 29696 matched cortical vertices,descriptive ceiling; candidate reuse allowed
sub-22,left,682,0.031537797302007675,701,0.11611241847276688,19,0.17098759418909262,0.08421531324760831,0.08683207932514057,55,absolute Pearson r across 29696 matched cortical vertices,descriptive ceiling; candidate reuse allowed
sub-22,left,683,0.03600514680147171,667,0.07993962615728378,-16,0.17146023906439345,0.0845396018707216,0.0823547980755677,55,absolute Pearson r across 29696 matched cortical vertices,descriptive ceiling; candidate reuse allowed
sub-22,left,684,0.015348242595791817,692,0.07498646527528763,8,0.17182933099840586,0.0846282832529757,0.08563187952256981,55,absolute Pearson r across 29696 matched cortical vertices,descriptive ceiling; candidate reuse allowed
sub-22,left,685,0.04175113886594772,665,0.09898214042186737,-20,0.17202837149270475,0.08470262579435302,0.08194970611960503,55,absolute Pearson r across 29696 matched cortical vertices,descriptive ceiling; candidate reuse allowed
sub-22,left,686,0.030932359397411346,735,0.09229762852191925,49,0.17230097853937928,0.08481202974627257,0.09112310486300257,55,absolute Pearson r across 29696 matched cortical vertices,descriptive ceiling; candidate reuse allowed
sub-22,left,687,0.04993278905749321,642,0.10502409934997559,-45,0.1724028527003023,0.08505786106690476,0.07916973053215584,55,absolute Pearson r across 29696 matched cortical vertices,descriptive ceiling; candidate reuse allowed
sub-22,left,688,0.00028744875453412533,657,0.07935826480388641,-31,0.17288774847806315,0.08518926661560325,0.08123831387488151,56,absolute Pearson r across 29696 matched cortical vertices,descriptive ceiling; candidate reuse allowed
sub-22,left,689,0.03031427599489689,678,0.08031600713729858,-11,0.1729672492852065,0.08522771870557379,0.08390645107855281,56,absolute Pearson r across 29696 matched cortical vertices,descriptive ceiling; candidate reuse allowed
sub-22,left,690,0.0024252920411527157,646,0.07200891524553299,-44,0.17315116050310295,0.08532701997171717,0.07978529927727221,56,absolute Pearson r across 29696 matched cortical vertices,descriptive ceiling; candidate reuse allowed
sub-22,left,691,0.03021656908094883,658,0.10452389717102051,-33,0.17353099637447505,0.08560646594338568,0.08127604182739107,56,absolute Pearson r across 29696 matched cortical vertices,descriptive ceiling; candidate reuse allowed
sub-22,left,692,0.06459301710128784,670,0.0784832239151001,-22,0.17364411871315283,0.08563187952256981,0.08280327663978036,56,absolute Pearson r across 29696 matched cortical vertices,descriptive ceiling; candidate reuse allowed
sub-22,left,693,0.06903382390737534,650,0.10155926644802094,-43,0.17388089096984283,0.08573093368427348,0.08030956906825278,56,absolute Pearson r across 29696 matched cortical vertices,descriptive ceiling; candidate reuse allowed
sub-22,left,694,0.010878258384764194,732,0.07513774186372757,38,0.17410497282994772,0.0859207063189883,0.09082093344367462,56,absolute Pearson r across 29696 matched cortical vertices,descriptive ceiling; candidate reuse allowed
sub-22,left,695,0.006229364778846502,690,0.09283740818500519,-5,0.17432412617544443,0.08605066508803574,0.08532701997171717,56,absolute Pearson r across 29696 matched cortical vertices,descriptive ceiling; candidate reuse allowed
sub-22,left,696,0.015582051128149033,751,0.11303631216287613,55,0.17444834831594913,0.08616809912663455,0.09341630555521367,56,absolute Pearson r across 29696 matched cortical vertices,descriptive ceiling; candidate reuse allowed
sub-22,left,697,0.04632784053683281,663,0.07837880402803421,-34,0.17487442331539985,0.08625880931363428,0.08189050257050778,56,absolute Pearson r across 29696 matched cortical vertices,descriptive ceiling; candidate reuse allowed
sub-22,left,698,0.017185436561703682,735,0.10089766979217529,37,0.17500704539793124,0.08637253950148642,0.09112310486300257,56,absolute Pearson r across 29696 matched cortical vertices,descriptive ceiling; candidate reuse allowed
sub-22,left,699,0.004821117501705885,651,0.10622572898864746,-48,0.17533430957166918,0.0864975650368312,0.08054537348981355,56,absolute Pearson r across 29696 matched cortical vertices,descriptive ceiling; candidate reuse allowed
sub-22,left,700,0.027586542069911957,748,0.09744865447282791,48,0.17548584502248019,0.08664568017181766,0.09287080781636597,56,absolute Pearson r across 29696 matched cortical vertices,descriptive ceiling; candidate reuse allowed
sub-22,left,701,0.010665499605238438,654,0.0892276018857956,-47,0.17560608984349899,0.08683207932514057,0.08082435277362648,57,absolute Pearson r across 29696 matched cortical vertices,descriptive ceiling; candidate reuse allowed
sub-22,left,702,0.016164112836122513,689,0.10576688498258591,-13,0.17614237151065282,0.08687379189478313,0.08522771870557379,57,absolute Pearson r across 29696 matched cortical vertices,descriptive ceiling; candidate reuse allowed
sub-22,left,703,0.021415110677480698,741,0.07629722356796265,38,0.17634617736108515,0.08701797976946589,0.09200570645187499,57,absolute Pearson r across 29696 matched cortical vertices,descriptive ceiling; candidate reuse allowed
sub-22,left,704,0.009422305971384048,701,0.09628785401582718,-3,0.1767999130054527,0.0871236467349732,0.08683207932514057,57,absolute Pearson r across 29696 matched cortical vertices,descriptive ceiling; candidate reuse allowed
sub-22,left,705,0.019078373908996582,663,0.09137368947267532,-42,0.17713941988184778,0.08735644374426661,0.08189050257050778,57,absolute Pearson r across 29696 matched cortical vertices,descriptive ceiling; candidate reuse allowed
sub-22,left,706,0.04537869989871979,666,0.10132785886526108,-40,0.17729501225778796,0.08761244794794668,0.08209499869197637,57,absolute Pearson r across 29696 matched cortical vertices,descriptive ceiling; candidate reuse allowed
sub-22,left,707,0.033740025013685226,669,0.09370143711566925,-38,0.1777666775480371,0.08768958282405916,0.08269405478947417,57,absolute Pearson r across 29696 matched cortical vertices,descriptive ceiling; candidate reuse allowed
sub-22,left,708,0.04818430915474892,674,0.12297014892101288,-34,0.17788226543446073,0.08775404425475448,0.083482054636532,57,absolute Pearson r across 29696 matched cortical vertices,descriptive ceiling; candidate reuse allowed
sub-22,left,709,0.007822653278708458,757,0.09986765682697296,48,0.17796208596203603,0.08787212833629647,0.09422587298413784,57,absolute Pearson r across 29696 matched cortical vertices,descriptive ceiling; candidate reuse allowed
sub-22,left,710,0.0008843881078064442,758,0.10752446949481964,48,0.17848121130273698,0.08790326947410591,0.0942776721519476,57,absolute Pearson r across 29696 matched cortical vertices,descriptive ceiling; candidate reuse allowed
sub-22,left,711,0.01973564177751541,763,0.08664315938949585,52,0.1787841333760943,0.08806387486277358,0.09497111878716066,57,absolute Pearson r across 29696 matched cortical vertices,descriptive ceiling; candidate reuse allowed
sub-22,left,712,0.015141771174967289,659,0.11310207843780518,-53,0.17899307915517107,0.08814197925322245,0.08148679405958102,57,absolute Pearson r across 29696 matched cortical vertices,descriptive ceiling; candidate reuse allowed
sub-22,left,713,0.0213948842138052,695,0.09834610670804977,-18,0.17926138943023218,0.0883402909555382,0.08605066508803574,58,absolute Pearson r across 29696 matched cortical vertices,descriptive ceiling; candidate reuse allowed
sub-22,left,714,0.016963351517915726,719,0.09752287715673447,5,0.1795753306653359,0.08838925295309118,0.08893795983306142,58,absolute Pearson r across 29696 matched cortical vertices,descriptive ceiling; candidate reuse allowed
sub-22,left,715,0.03867962583899498,676,0.09593187272548676,-39,0.17977620139422562,0.08861643306860666,0.0837393252166547,58,absolute Pearson r across 29696 matched cortical vertices,descriptive ceiling; candidate reuse allowed
sub-22,left,716,0.061075665056705475,747,0.0852181687951088,31,0.17995119256708347,0.0886671605205002,0.09278929505544566,58,absolute Pearson r across 29696 matched cortical vertices,descriptive ceiling; candidate reuse allowed
sub-22,left,717,0.00350168626755476,661,0.08857366442680359,-56,0.18025275505743887,0.08880619740395505,0.08163903766256816,58,absolute Pearson r across 29696 matched cortical vertices,descriptive ceiling; candidate reuse allowed
sub-22,left,718,0.03233170136809349,737,0.11459404230117798,19,0.18029023231892893,0.08887126003665617,0.09134586023675985,58,absolute Pearson r across 29696 matched cortical vertices,descriptive ceiling; candidate reuse allowed
sub-22,left,719,0.04008565843105316,760,0.09012795984745026,41,0.18053859019555768,0.08893795983306142,0.09442278620813291,58,absolute Pearson r across 29696 matched cortical vertices,descriptive ceiling; candidate reuse allowed
sub-22,left,720,0.0026121255941689014,721,0.10462579876184464,1,0.18068441774027882,0.0892046379199823,0.08924002230086563,58,absolute Pearson r across 29696 matched cortical vertices,descriptive ceiling; candidate reuse allowed
sub-22,left,721,0.028314298018813133,694,0.09284690767526627,-27,0.18132431768217536,0.08924002230086563,0.0859207063189883,58,absolute Pearson r across 29696 matched cortical vertices,descriptive ceiling; candidate reuse allowed
sub-22,left,722,0.0005793910822831094,693,0.10309763997793198,-29,0.18138515435552507,0.08940824287799089,0.08573093368427348,58,absolute Pearson r across 29696 matched cortical vertices,descriptive ceiling; candidate reuse allowed
sub-22,left,723,0.03590106964111328,778,0.10947990417480469,55,0.1817713125317382,0.08966383918836203,0.09676530383458672,58,absolute Pearson r across 29696 matched cortical vertices,descriptive ceiling; candidate reuse allowed
sub-22,left,724,0.022210581228137016,675,0.08964136242866516,-49,0.18181537718245785,0.08991817200999408,0.08361191720156728,58,absolute Pearson r across 29696 matched cortical vertices,descriptive ceiling; candidate reuse allowed
sub-22,left,725,0.013998052105307579,702,0.08631344884634018,-23,0.1820531834521148,0.09003532095321358,0.08687379189478313,58,absolute Pearson r across 29696 matched cortical vertices,descriptive ceiling; candidate reuse allowed
sub-22,left,726,0.03224238380789757,783,0.07830307632684708,57,0.1822754327836916,0.09014728687584923,0.09740837238592678,59,absolute Pearson r across 29696 matched cortical vertices,descriptive ceiling; candidate reuse allowed
sub-22,left,727,0.03716597706079483,686,0.0872628465294838,-41,0.1825477998787113,0.09028230885927031,0.08481202974627257,59,absolute Pearson r across 29696 matched cortical vertices,descriptive ceiling; candidate reuse allowed
sub-22,left,728,0.017177263274788857,774,0.08042678982019424,46,0.18289827857513907,0.09047093221468519,0.09632813398042735,59,absolute Pearson r across 29696 matched cortical vertices,descriptive ceiling; candidate reuse allowed
sub-22,left,729,0.035194262862205505,686,0.09815039485692978,-43,0.1832688958750731,0.09052666607900944,0.08481202974627257,59,absolute Pearson r across 29696 matched cortical vertices,descriptive ceiling; candidate reuse allowed
sub-22,left,730,0.04205464571714401,742,0.09387070685625076,12,0.18360461088493246,0.09060587135479403,0.09207714212563177,59,absolute Pearson r across 29696 matched cortical vertices,descriptive ceiling; candidate reuse allowed
sub-22,left,731,0.010827844962477684,767,0.08575272560119629,36,0.18392801219844646,0.09074099963121901,0.09538178039164402,59,absolute Pearson r across 29696 matched cortical vertices,descriptive ceiling; candidate reuse allowed
sub-22,left,732,0.004924425855278969,755,0.07511579990386963,23,0.1839490970427389,0.09082093344367462,0.09388400453050379,59,absolute Pearson r across 29696 matched cortical vertices,descriptive ceiling; candidate reuse allowed
sub-22,left,733,0.0030438974499702454,782,0.08245176821947098,49,0.18414578370265067,0.09097128066776111,0.09730672847903785,59,absolute Pearson r across 29696 matched cortical vertices,descriptive ceiling; candidate reuse allowed
sub-22,left,734,0.05622345581650734,787,0.08797145634889603,53,0.18475610387734012,0.09103235357183424,0.0980850441387556,59,absolute Pearson r across 29696 matched cortical vertices,descriptive ceiling; candidate reuse allowed
sub-22,left,735,0.03804643824696541,787,0.10226017981767654,52,0.1850082093756315,0.09112310486300257,0.0980850441387556,59,absolute Pearson r across 29696 matched cortical vertices,descriptive ceiling; candidate reuse allowed
sub-22,left,736,0.06157304719090462,794,0.09672873467206955,58,0.18506960549408197,0.09127929810063572,0.0990204776360408,59,absolute Pearson r across 29696 matched cortical vertices,descriptive ceiling; candidate reuse allowed
sub-22,left,737,0.00764109892770648,725,0.1067085936665535,-12,0.18522195617246623,0.09134586023675985,0.09003532095321358,59,absolute Pearson r across 29696 matched cortical vertices,descriptive ceiling; candidate reuse allowed
sub-22,left,738,0.008618231862783432,714,0.08529029041528702,-24,0.18545791839848402,0.09143944360062999,0.08838925295309118,60,absolute Pearson r across 29696 matched cortical vertices,descriptive ceiling; candidate reuse allowed
sub-22,left,739,0.04820037633180618,721,0.09145230054855347,-18,0.18598406453000063,0.09163012184923032,0.08924002230086563,60,absolute Pearson r across 29696 matched cortical vertices,descriptive ceiling; candidate reuse allowed
sub-22,left,740,0.0358547680079937,713,0.1001487746834755,-27,0.1860287208921321,0.09188387885629956,0.0883402909555382,60,absolute Pearson r across 29696 matched cortical vertices,descriptive ceiling; candidate reuse allowed
sub-22,left,741,0.02546350099146366,713,0.079270139336586,-28,0.18639980054671407,0.09200570645187499,0.0883402909555382,60,absolute Pearson r across 29696 matched cortical vertices,descriptive ceiling; candidate reuse allowed
sub-22,left,742,0.0050698802806437016,800,0.08555067330598831,58,0.1867412147038899,0.09207714212563177,0.0996901312576141,60,absolute Pearson r across 29696 matched cortical vertices,descriptive ceiling; candidate reuse allowed
sub-22,left,743,0.015213415026664734,711,0.08302601426839828,-32,0.18682840911846565,0.09232890050335085,0.08806387486277358,60,absolute Pearson r across 29696 matched cortical vertices,descriptive ceiling; candidate reuse allowed
sub-22,left,744,0.07229657471179962,791,0.10037614405155182,47,0.18702531614064416,0.09243984932753202,0.09860647524502406,60,absolute Pearson r across 29696 matched cortical vertices,descriptive ceiling; candidate reuse allowed
sub-22,left,745,0.06364475935697556,794,0.09566137939691544,49,0.18742145091292767,0.09267923712056567,0.0990204776360408,60,absolute Pearson r across 29696 matched cortical vertices,descriptive ceiling; candidate reuse allowed
sub-22,left,746,0.023054957389831543,782,0.1012931764125824,36,0.1877141754031475,0.09271818598565142,0.09730672847903785,60,absolute Pearson r across 29696 matched cortical vertices,descriptive ceiling; candidate reuse allowed
sub-22,left,747,0.016591722145676613,751,0.06896808743476868,4,0.18793670233528953,0.09278929505544566,0.09341630555521367,60,absolute Pearson r across 29696 matched cortical vertices,descriptive ceiling; candidate reuse allowed
sub-22,left,748,0.0020363107323646545,716,0.08831309527158737,-32,0.18832539836809262,0.09287080781636597,0.0886671605205002,60,absolute Pearson r across 29696 matched cortical vertices,descriptive ceiling; candidate reuse allowed
sub-22,left,749,0.04359157010912895,790,0.08332694321870804,41,0.1885211800953627,0.0930653812448243,0.09842182387208817,60,absolute Pearson r across 29696 matched cortical vertices,descriptive ceiling; candidate reuse allowed
sub-22,left,750,0.047542497515678406,759,0.09056150168180466,9,0.18853791434606756,0.09325995874032164,0.09435971177640438,60,absolute Pearson r across 29696 matched cortical vertices,descriptive ceiling; candidate reuse allowed
sub-22,left,751,0.007299716118723154,795,0.10612104833126068,44,0.18914654967752006,0.09341630555521367,0.09915892584814653,61,absolute Pearson r across 29696 matched cortical vertices,descriptive ceiling; candidate reuse allowed
sub-22,left,752,0.032702136784791946,760,0.11178898066282272,8,0.18935733429063856,0.0934951476912847,0.09442278620813291,61,absolute Pearson r across 29696 matched cortical vertices,descriptive ceiling; candidate reuse allowed
sub-22,left,753,0.0007678832625970244,801,0.0886131003499031,48,0.18953163454702948,0.09363775005431217,0.0997517311329609,61,absolute Pearson r across 29696 matched cortical vertices,descriptive ceiling; candidate reuse allowed
sub-22,left,754,0.03552313894033432,703,0.08244691044092178,-51,0.18987153463548836,0.09370740448299401,0.08701797976946589,61,absolute Pearson r across 29696 matched cortical vertices,descriptive ceiling; candidate reuse allowed
sub-22,left,755,0.0008225777419283986,721,0.08716972917318344,-34,0.19008191323733664,0.09388400453050379,0.08924002230086563,61,absolute Pearson r across 29696 matched cortical vertices,descriptive ceiling; candidate reuse allowed
sub-22,left,756,1.9693048670887947e-05,801,0.08974889665842056,45,0.19029691311570374,0.09416919651822268,0.0997517311329609,61,absolute Pearson r across 29696 matched cortical vertices,descriptive ceiling; candidate reuse allowed
sub-22,left,757,0.002354346914216876,723,0.10672852396965027,-34,0.19042054915874423,0.09422587298413784,0.08966383918836203,61,absolute Pearson r across 29696 matched cortical vertices,descriptive ceiling; candidate reuse allowed
sub-22,left,758,0.045685335993766785,702,0.0957840234041214,-56,0.19097910191415005,0.0942776721519476,0.08687379189478313,61,absolute Pearson r across 29696 matched cortical vertices,descriptive ceiling; candidate reuse allowed
sub-22,left,759,0.010456541553139687,720,0.07603229582309723,-39,0.19110069836918486,0.09435971177640438,0.0892046379199823,61,absolute Pearson r across 29696 matched cortical vertices,descriptive ceiling; candidate reuse allowed
sub-22,left,760,0.03492903336882591,762,0.09242017567157745,2,0.19123794851398587,0.09442278620813291,0.09487594615869663,61,absolute Pearson r across 29696 matched cortical vertices,descriptive ceiling; candidate reuse allowed
sub-22,left,761,0.016714951023459435,715,0.10997070372104645,-46,0.19146502684557226,0.09471903319561155,0.08861643306860666,61,absolute Pearson r across 29696 matched cortical vertices,descriptive ceiling; candidate reuse allowed
sub-22,left,762,0.020462483167648315,791,0.07903975248336792,29,0.19161559709514575,0.09487594615869663,0.09860647524502406,61,absolute Pearson r across 29696 matched cortical vertices,descriptive ceiling; candidate reuse allowed
sub-22,left,763,0.023160770535469055,707,0.09176156669855118,-56,0.19216627177136472,0.09497111878716066,0.08768958282405916,62,absolute Pearson r across 29696 matched cortical vertices,descriptive ceiling; candidate reuse allowed
sub-22,left,764,0.0021769744344055653,724,0.07680109888315201,-40,0.19237962307597614,0.09510405452046247,0.08991817200999408,62,absolute Pearson r across 29696 matched cortical vertices,descriptive ceiling; candidate reuse allowed
sub-22,left,765,0.043706730008125305,821,0.09062263369560242,56,0.19249699511405385,0.09517980565026221,0.10250938985923393,62,absolute Pearson r across 29696 matched cortical vertices,descriptive ceiling; candidate reuse allowed
sub-22,left,766,0.0005365242250263691,807,0.0885879322886467,41,0.19290722602117805,0.09531689759221276,0.10074703679058562,62,absolute Pearson r across 29696 matched cortical vertices,descriptive ceiling; candidate reuse allowed
sub-22,left,767,0.015943270176649094,734,0.08748559653759003,-33,0.19303912986160687,0.09538178039164402,0.09103235357183424,62,absolute Pearson r across 29696 matched cortical vertices,descriptive ceiling; candidate reuse allowed
sub-22,left,768,0.07455278933048248,731,0.08735259622335434,-37,0.1934665012920431,0.0955396187951316,0.09074099963121901,62,absolute Pearson r across 29696 matched cortical vertices,descriptive ceiling; candidate reuse allowed
sub-22,left,769,0.002457044553011656,712,0.09133502095937729,-57,0.19367954742287508,0.09566593641175701,0.08814197925322245,62,absolute Pearson r across 29696 matched cortical vertices,descriptive ceiling; candidate reuse allowed
sub-22,left,770,0.00010440987534821033,716,0.07718394696712494,-54,0.19396658614865106,0.09569593568393849,0.0886671605205002,62,absolute Pearson r across 29696 matched cortical vertices,descriptive ceiling; candidate reuse allowed
sub-22,left,771,0.03270907700061798,723,0.08061876893043518,-48,0.19455599966449696,0.09587459003236767,0.08966383918836203,62,absolute Pearson r across 29696 matched cortical vertices,descriptive ceiling; candidate reuse allowed
sub-22,left,772,0.01994340866804123,724,0.09446383267641068,-48,0.19483886248448112,0.09602767468055654,0.08991817200999408,62,absolute Pearson r across 29696 matched cortical vertices,descriptive ceiling; candidate reuse allowed
sub-22,left,773,0.006244115997105837,817,0.06722301989793777,44,0.1949985344844922,0.09620968886900393,0.10193828155545286,62,absolute Pearson r across 29696 matched cortical vertices,descriptive ceiling; candidate reuse allowed
sub-22,left,774,0.002825929317623377,727,0.0758523941040039,-47,0.19533386844191206,0.09632813398042735,0.09028230885927031,62,absolute Pearson r across 29696 matched cortical vertices,descriptive ceiling; candidate reuse allowed
sub-22,left,775,0.009744752198457718,727,0.08479361236095428,-48,0.19542870667385667,0.09652304047302535,0.09028230885927031,62,absolute Pearson r across 29696 matched cortical vertices,descriptive ceiling; candidate reuse allowed
sub-22,left,776,0.013850590214133263,722,0.08911895751953125,-54,0.19580043198218,0.09653629726076333,0.08940824287799089,63,absolute Pearson r across 29696 matched cortical vertices,descriptive ceiling; candidate reuse allowed
sub-22,left,777,0.010275118052959442,826,0.0822800025343895,49,0.19598918275618876,0.096647067147694,0.10314819229270762,63,absolute Pearson r across 29696 matched cortical vertices,descriptive ceiling; candidate reuse allowed
sub-22,left,778,0.027804462239146233,798,0.07667495310306549,20,0.19621307792248235,0.09676530383458672,0.09945163048349816,63,absolute Pearson r across 29696 matched cortical vertices,descriptive ceiling; candidate reuse allowed
sub-22,left,779,0.020969657227396965,731,0.10123781114816666,-48,0.19668844993680204,0.09694906007728804,0.09074099963121901,63,absolute Pearson r across 29696 matched cortical vertices,descriptive ceiling; candidate reuse allowed
sub-22,left,780,0.008530182763934135,760,0.0919421836733818,-20,0.19672217735062922,0.09704788207999988,0.09442278620813291,63,absolute Pearson r across 29696 matched cortical vertices,descriptive ceiling; candidate reuse allowed
sub-22,left,781,0.0010566783603280783,789,0.08224201202392578,8,0.19697547310712255,0.0972596489151946,0.09827209120448965,63,absolute Pearson r across 29696 matched cortical vertices,descriptive ceiling; candidate reuse allowed
sub-22,left,782,0.004391896538436413,766,0.08290569484233856,-16,0.19726441681965212,0.09730672847903785,0.09531689759221276,63,absolute Pearson r across 29696 matched cortical vertices,descriptive ceiling; candidate reuse allowed
sub-22,left,783,0.03515750914812088,765,0.10985976457595825,-18,0.19728024279410658,0.09740837238592678,0.09517980565026221,63,absolute Pearson r across 29696 matched cortical vertices,descriptive ceiling; candidate reuse allowed
sub-22,left,784,0.0014781900681555271,799,0.09534738212823868,15,0.19762935011959082,0.09753940485736617,0.09949328154067902,63,absolute Pearson r across 29696 matched cortical vertices,descriptive ceiling; candidate reuse allowed
sub-22,left,785,0.02122459188103676,788,0.11844241619110107,3,0.19779609029078113,0.0978121548807621,0.09823581250719664,63,absolute Pearson r across 29696 matched cortical vertices,descriptive ceiling; candidate reuse allowed
sub-22,left,786,0.021791599690914154,800,0.08539773523807526,14,0.19815247906553007,0.09792968406131693,0.0996901312576141,63,absolute Pearson r across 29696 matched cortical vertices,descriptive ceiling; candidate reuse allowed
sub-22,left,787,0.034984953701496124,838,0.07693872600793839,51,0.19844583314727055,0.0980850441387556,0.10476622250265642,63,absolute Pearson r across 29696 matched cortical vertices,descriptive ceiling; candidate reuse allowed
sub-22,left,788,0.010578091256320477,833,0.08675052225589752,45,0.19904251413976165,0.09823581250719664,0.10412728533151171,64,absolute Pearson r across 29696 matched cortical vertices,descriptive ceiling; candidate reuse allowed
sub-22,left,789,0.0030483310110867023,739,0.08418483287096024,-50,0.1990867547615152,0.09827209120448965,0.09163012184923032,64,absolute Pearson r across 29696 matched cortical vertices,descriptive ceiling; candidate reuse allowed
sub-22,left,790,0.019687805324792862,788,0.1018923968076706,-2,0.1993091685941924,0.09842182387208817,0.09823581250719664,64,absolute Pearson r across 29696 matched cortical vertices,descriptive ceiling; candidate reuse allowed
sub-22,left,791,0.013261613436043262,825,0.08551695197820663,34,0.19959777403563342,0.09860647524502406,0.10305695681323855,64,absolute Pearson r across 29696 matched cortical vertices,descriptive ceiling; candidate reuse allowed
sub-22,left,792,0.036133043467998505,852,0.06883306801319122,60,0.1999769023664411,0.09865958085319476,0.10652045256640327,64,absolute Pearson r across 29696 matched cortical vertices,descriptive ceiling; candidate reuse allowed
sub-22,left,793,0.008166763931512833,745,0.09742961078882217,-48,0.20013090314082319,0.09896484273289098,0.09267923712056567,64,absolute Pearson r across 29696 matched cortical vertices,descriptive ceiling; candidate reuse allowed
sub-22,left,794,0.002929211128503084,734,0.1078607589006424,-60,0.20028601010059513,0.0990204776360408,0.09103235357183424,64,absolute Pearson r across 29696 matched cortical vertices,descriptive ceiling; candidate reuse allowed
sub-22,left,795,0.003802639665082097,858,0.10238292813301086,63,0.20070346672587985,0.09915892584814653,0.10743719341031963,64,absolute Pearson r across 29696 matched cortical vertices,descriptive ceiling; candidate reuse allowed
sub-22,left,796,0.020029308274388313,776,0.10703709721565247,-20,0.20094528068817424,0.09919725108216257,0.09653629726076333,64,absolute Pearson r across 29696 matched cortical vertices,descriptive ceiling; candidate reuse allowed
sub-22,left,797,0.0250863004475832,779,0.12615469098091125,-18,0.20103516366535268,0.09932607001399787,0.09694906007728804,64,absolute Pearson r across 29696 matched cortical vertices,descriptive ceiling; candidate reuse allowed
sub-22,left,798,0.0056379628367722034,753,0.09453736990690231,-45,0.20151790352737178,0.09945163048349816,0.09363775005431217,64,absolute Pearson r across 29696 matched cortical vertices,descriptive ceiling; candidate reuse allowed
sub-22,left,799,0.010046452283859253,839,0.07276763021945953,40,0.20174692936280642,0.09949328154067902,0.10489290657533605,64,absolute Pearson r across 29696 matched cortical vertices,descriptive ceiling; candidate reuse allowed
sub-22,left,800,0.00023552507627755404,736,0.0806628167629242,-64,0.20190471049362174,0.0996901312576141,0.09127929810063572,64,absolute Pearson r across 29696 matched cortical vertices,descriptive ceiling; candidate reuse allowed
sub-22,left,801,0.033666227012872696,819,0.08415697515010834,18,0.20199254430512378,0.0997517311329609,0.10217286964732493,65,absolute Pearson r across 29696 matched cortical vertices,descriptive ceiling; candidate reuse allowed
sub-22,left,802,0.007592224515974522,826,0.08224675804376602,24,0.2022205736645303,0.09986100420504496,0.10314819229270762,65,absolute Pearson r across 29696 matched cortical vertices,descriptive ceiling; candidate reuse allowed
sub-22,left,803,0.0673634335398674,823,0.08174695074558258,20,0.20250029434513708,0.10006772551012867,0.10270048137246068,65,absolute Pearson r across 29696 matched cortical vertices,descriptive ceiling; candidate reuse allowed
sub-22,left,804,0.010038555599749088,840,0.08291497081518173,36,0.20266277018014953,0.10026941763178986,0.10508088897409834,65,absolute Pearson r across 29696 matched cortical vertices,descriptive ceiling; candidate reuse allowed
sub-22,left,805,0.048646897077560425,863,0.09186361730098724,58,0.20321862560011392,0.10039133585293211,0.10812556353560161,65,absolute Pearson r across 29696 matched cortical vertices,descriptive ceiling; candidate reuse allowed
sub-22,left,806,0.020682794973254204,781,0.08431132882833481,-25,0.20370692425353923,0.10051443643405801,0.0972596489151946,65,absolute Pearson r across 29696 matched cortical vertices,descriptive ceiling; candidate reuse allowed
sub-22,left,807,0.03688083961606026,822,0.07301382720470428,15,0.2039362875340618,0.10074703679058562,0.10260528982478108,65,absolute Pearson r across 29696 matched cortical vertices,descriptive ceiling; candidate reuse allowed
sub-22,left,808,0.026493040844798088,852,0.10115864872932434,44,0.20400175955181227,0.10078230826716705,0.10652045256640327,65,absolute Pearson r across 29696 matched cortical vertices,descriptive ceiling; candidate reuse allowed
sub-22,left,809,0.020921453833580017,758,0.07920115441083908,-51,0.20426594147895802,0.1008722582501717,0.0942776721519476,65,absolute Pearson r across 29696 matched cortical vertices,descriptive ceiling; candidate reuse allowed
sub-22,left,810,0.008403236046433449,848,0.0886947512626648,38,0.20459434267213703,0.10100535471356069,0.10601161070132427,65,absolute Pearson r across 29696 matched cortical vertices,descriptive ceiling; candidate reuse allowed
sub-22,left,811,0.011572827585041523,748,0.0907607302069664,-63,0.20513557613022296,0.10129657123862493,0.09287080781636597,65,absolute Pearson r across 29696 matched cortical vertices,descriptive ceiling; candidate reuse allowed
sub-22,left,812,0.026759445667266846,755,0.07689912617206573,-57,0.20520331854807045,0.10136919325811897,0.09388400453050379,65,absolute Pearson r across 29696 matched cortical vertices,descriptive ceiling; candidate reuse allowed
sub-22,left,813,0.032951343804597855,756,0.07169830799102783,-57,0.2053975043464283,0.10141807836270134,0.09416919651822268,66,absolute Pearson r across 29696 matched cortical vertices,descriptive ceiling; candidate reuse allowed
sub-22,left,814,0.03069656528532505,756,0.0759502500295639,-58,0.2056048289228362,0.10163563531445735,0.09416919651822268,66,absolute Pearson r across 29696 matched cortical vertices,descriptive ceiling; candidate reuse allowed
sub-22,left,815,0.016997139900922775,812,0.08315584808588028,-3,0.20596888587101486,0.10173609736369316,0.10136919325811897,66,absolute Pearson r across 29696 matched cortical vertices,descriptive ceiling; candidate reuse allowed
sub-22,left,816,0.0077026160433888435,866,0.0921768769621849,50,0.20624534833716643,0.10182776198098144,0.1084386535202099,66,absolute Pearson r across 29696 matched cortical vertices,descriptive ceiling; candidate reuse allowed
sub-22,left,817,0.007265149615705013,857,0.08379356563091278,40,0.20651996891682553,0.10193828155545286,0.10734026271907275,66,absolute Pearson r across 29696 matched cortical vertices,descriptive ceiling; candidate reuse allowed
sub-22,left,818,0.003270871937274933,757,0.06390779465436935,-61,0.20669872731600733,0.1020081117957408,0.09422587298413784,66,absolute Pearson r across 29696 matched cortical vertices,descriptive ceiling; candidate reuse allowed
sub-22,left,819,0.054535411298274994,754,0.06985251605510712,-65,0.2068313356705134,0.10217286964732493,0.09370740448299401,66,absolute Pearson r across 29696 matched cortical vertices,descriptive ceiling; candidate reuse allowed
sub-22,left,820,0.032182347029447556,762,0.07476762682199478,-58,0.20694277576903314,0.10229878502706213,0.09487594615869663,66,absolute Pearson r across 29696 matched cortical vertices,descriptive ceiling; candidate reuse allowed
sub-22,left,821,0.013414103537797928,794,0.08908368647098541,-27,0.2073226778610342,0.10250938985923393,0.0990204776360408,66,absolute Pearson r across 29696 matched cortical vertices,descriptive ceiling; candidate reuse allowed
sub-22,left,822,0.00010806089267134666,800,0.08220293372869492,-22,0.20738822220423273,0.10260528982478108,0.0996901312576141,66,absolute Pearson r across 29696 matched cortical vertices,descriptive ceiling; candidate reuse allowed
sub-22,left,823,0.008324950002133846,831,0.07210638374090195,8,0.2082215215177689,0.10270048137246068,0.10382966311437597,66,absolute Pearson r across 29696 matched cortical vertices,descriptive ceiling; candidate reuse allowed
sub-22,left,824,0.005909350700676441,863,0.07625219970941544,39,0.20837358153135233,0.10290892504422276,0.10812556353560161,66,absolute Pearson r across 29696 matched cortical vertices,descriptive ceiling; candidate reuse allowed
sub-22,left,825,0.0045411065220832825,843,0.09174730628728867,18,0.20850383565691488,0.10305695681323855,0.1055048825683752,66,absolute Pearson r across 29696 matched cortical vertices,descriptive ceiling; candidate reuse allowed
sub-22,left,826,0.022611701861023903,870,0.0901569277048111,44,0.20872311106665314,0.10314819229270762,0.10901970789439923,67,absolute Pearson r across 29696 matched cortical vertices,descriptive ceiling; candidate reuse allowed
sub-22,left,827,0.016445837914943695,765,0.08674707263708115,-62,0.2091890409107594,0.10338581912912391,0.09517980565026221,67,absolute Pearson r across 29696 matched cortical vertices,descriptive ceiling; candidate reuse allowed
sub-22,left,828,0.07118614763021469,811,0.07556620240211487,-17,0.20926475414551865,0.10343757342606424,0.10129657123862493,67,absolute Pearson r across 29696 matched cortical vertices,descriptive ceiling; candidate reuse allowed
sub-22,left,829,0.004142955876886845,786,0.0792539119720459,-43,0.20938912712981267,0.103519813105772,0.09792968406131693,67,absolute Pearson r across 29696 matched cortical vertices,descriptive ceiling; candidate reuse allowed
sub-22,left,830,0.02814612165093422,833,0.06457027792930603,3,0.20967326210178797,0.10371094658862998,0.10412728533151171,67,absolute Pearson r across 29696 matched cortical vertices,descriptive ceiling; candidate reuse allowed
sub-22,left,831,0.009198809042572975,845,0.07986116409301758,14,0.20989674867488245,0.10382966311437597,0.10573287417460057,67,absolute Pearson r across 29696 matched cortical vertices,descriptive ceiling; candidate reuse allowed
sub-22,left,832,0.0011664603371173143,861,0.06665382534265518,29,0.21032145658993234,0.10403414482753229,0.10790373607613171,67,absolute Pearson r across 29696 matched cortical vertices,descriptive ceiling; candidate reuse allowed
sub-22,left,833,0.03395795822143555,821,0.09467151015996933,-12,0.21051673823044573,0.10412728533151171,0.10250938985923393,67,absolute Pearson r across 29696 matched cortical vertices,descriptive ceiling; candidate reuse allowed
sub-22,left,834,0.011425166390836239,787,0.09530458599328995,-47,0.21062434576229996,0.1042247592241342,0.0980850441387556,67,absolute Pearson r across 29696 matched cortical vertices,descriptive ceiling; candidate reuse allowed
sub-22,left,835,0.016694262623786926,823,0.0931975319981575,-12,0.21102851544709114,0.10428125403220301,0.10270048137246068,67,absolute Pearson r across 29696 matched cortical vertices,descriptive ceiling; candidate reuse allowed
sub-22,left,836,0.012425383552908897,813,0.07870875298976898,-23,0.21133548188858267,0.10446638681852158,0.10141807836270134,67,absolute Pearson r across 29696 matched cortical vertices,descriptive ceiling; candidate reuse allowed
sub-22,left,837,0.0072565809823572636,806,0.07446270436048508,-31,0.21146545042854112,0.10456555179377333,0.10051443643405801,67,absolute Pearson r across 29696 matched cortical vertices,descriptive ceiling; candidate reuse allowed
sub-22,left,838,0.04653867706656456,883,0.07459137588739395,45,0.21184418042106012,0.10476622250265642,0.11080678973766346,68,absolute Pearson r across 29696 matched cortical vertices,descriptive ceiling; candidate reuse allowed
sub-22,left,839,0.011219562031328678,876,0.07081561535596848,37,0.2121033745326951,0.10489290657533605,0.10973495841914899,68,absolute Pearson r across 29696 matched cortical vertices,descriptive ceiling; candidate reuse allowed
sub-22,left,840,0.032192543148994446,788,0.08185980468988419,-52,0.2126426864311679,0.10508088897409834,0.09823581250719664,68,absolute Pearson r across 29696 matched cortical vertices,descriptive ceiling; candidate reuse allowed
sub-22,left,841,0.0025449516251683235,810,0.08958479762077332,-31,0.2127119798712664,0.10532910474426764,0.10100535471356069,68,absolute Pearson r across 29696 matched cortical vertices,descriptive ceiling; candidate reuse allowed
sub-22,left,842,0.04125877097249031,863,0.0833754763007164,21,0.21326227575133963,0.10538724819451428,0.10812556353560161,68,absolute Pearson r across 29696 matched cortical vertices,descriptive ceiling; candidate reuse allowed
sub-22,left,843,0.026369202882051468,820,0.09677204489707947,-23,0.21352255478821958,0.1055048825683752,0.10229878502706213,68,absolute Pearson r across 29696 matched cortical vertices,descriptive ceiling; candidate reuse allowed
sub-22,left,844,0.00955476239323616,797,0.0913771390914917,-47,0.21376491426933833,0.10558619641358591,0.09932607001399787,68,absolute Pearson r across 29696 matched cortical vertices,descriptive ceiling; candidate reuse allowed
sub-22,left,845,0.010422555729746819,793,0.06980337202548981,-52,0.21392196057203405,0.10573287417460057,0.09896484273289098,68,absolute Pearson r across 29696 matched cortical vertices,descriptive ceiling; candidate reuse allowed
sub-22,left,846,0.0501716174185276,830,0.09450814127922058,-16,0.21404234393206042,0.105865525223365,0.10371094658862998,68,absolute Pearson r across 29696 matched cortical vertices,descriptive ceiling; candidate reuse allowed
sub-22,left,847,0.007827927358448505,865,0.08410150557756424,18,0.21428907731947613,0.10596683166324748,0.10825394271153707,68,absolute Pearson r across 29696 matched cortical vertices,descriptive ceiling; candidate reuse allowed
sub-22,left,848,0.003161147702485323,839,0.08821821957826614,-9,0.21452448599192978,0.10601161070132427,0.10489290657533605,68,absolute Pearson r across 29696 matched cortical vertices,descriptive ceiling; candidate reuse allowed
sub-22,left,849,0.011805856600403786,795,0.08073953539133072,-54,0.214788476641547,0.1062027165760217,0.09915892584814653,68,absolute Pearson r across 29696 matched cortical vertices,descriptive ceiling; candidate reuse allowed
sub-22,left,850,0.01508824247866869,855,0.0917978435754776,5,0.21509361012133474,0.10625702765488859,0.10685929005673776,68,absolute Pearson r across 29696 matched cortical vertices,descriptive ceiling; candidate reuse allowed
sub-22,left,851,0.0016491108108311892,831,0.10373132675886154,-20,0.21534307797889551,0.10637398219497428,0.10382966311437597,69,absolute Pearson r across 29696 matched cortical vertices,descriptive ceiling; candidate reuse allowed
sub-22,left,852,0.0020961565896868706,867,0.09139202535152435,15,0.21574090707133364,0.10652045256640327,0.10860534947806653,69,absolute Pearson r across 29696 matched cortical vertices,descriptive ceiling; candidate reuse allowed
sub-22,left,853,0.031062720343470573,856,0.09072653204202652,3,0.21601686307656853,0.10658004821748751,0.1073179433582238,69,absolute Pearson r across 29696 matched cortical vertices,descriptive ceiling; candidate reuse allowed
sub-22,left,854,0.016212843358516693,825,0.10248304158449173,-29,0.2162547060100778,0.10675324876458435,0.10305695681323855,69,absolute Pearson r across 29696 matched cortical vertices,descriptive ceiling; candidate reuse allowed
sub-22,left,855,0.009868664667010307,901,0.08430150896310806,46,0.21642668512532506,0.10685929005673776,0.11298147913691553,69,absolute Pearson r across 29696 matched cortical vertices,descriptive ceiling; candidate reuse allowed
sub-22,left,856,0.019324392080307007,833,0.08471709489822388,-23,0.2165722226714444,0.1073179433582238,0.10412728533151171,69,absolute Pearson r across 29696 matched cortical vertices,descriptive ceiling; candidate reuse allowed
sub-22,left,857,0.032449327409267426,814,0.08185399323701859,-43,0.21684298351201722,0.10734026271907275,0.10163563531445735,69,absolute Pearson r across 29696 matched cortical vertices,descriptive ceiling; candidate reuse allowed
sub-22,left,858,0.02661539986729622,812,0.1055459976196289,-46,0.21712609882865297,0.10743719341031963,0.10136919325811897,69,absolute Pearson r across 29696 matched cortical vertices,descriptive ceiling; candidate reuse allowed
sub-22,left,859,0.024515461176633835,815,0.07651839405298233,-44,0.21740346290864995,0.10761727096380433,0.10173609736369316,69,absolute Pearson r across 29696 matched cortical vertices,descriptive ceiling; candidate reuse allowed
sub-22,left,860,0.008430566638708115,855,0.07215265929698944,-5,0.21772392278037314,0.10773849502120769,0.10685929005673776,69,absolute Pearson r across 29696 matched cortical vertices,descriptive ceiling; candidate reuse allowed
sub-22,left,861,0.05678960680961609,845,0.0845068022608757,-16,0.21778982098440922,0.10790373607613171,0.10573287417460057,69,absolute Pearson r across 29696 matched cortical vertices,descriptive ceiling; candidate reuse allowed
sub-22,left,862,0.02813463658094406,836,0.10542907565832138,-26,0.21806989823195866,0.10792059836361627,0.10446638681852158,69,absolute Pearson r across 29696 matched cortical vertices,descriptive ceiling; candidate reuse allowed
sub-22,left,863,0.032242611050605774,798,0.09025940299034119,-65,0.21811901781783694,0.10812556353560161,0.09945163048349816,70,absolute Pearson r across 29696 matched cortical vertices,descriptive ceiling; candidate reuse allowed
sub-22,left,864,0.028622468933463097,823,0.09373217821121216,-41,0.21841610306017364,0.10820882328805483,0.10270048137246068,70,absolute Pearson r across 29696 matched cortical vertices,descriptive ceiling; candidate reuse allowed
sub-22,left,865,0.02114511840045452,882,0.10239385068416595,17,0.21844564210754186,0.10825394271153707,0.11051833843763524,70,absolute Pearson r across 29696 matched cortical vertices,descriptive ceiling; candidate reuse allowed
sub-22,left,866,0.006725864019244909,899,0.08127463608980179,33,0.21933821502520362,0.1084386535202099,0.11275339390330667,70,absolute Pearson r across 29696 matched cortical vertices,descriptive ceiling; candidate reuse allowed
sub-22,left,867,0.014469954185187817,840,0.09275555610656738,-27,0.21960429482880542,0.10860534947806653,0.10508088897409834,70,absolute Pearson r across 29696 matched cortical vertices,descriptive ceiling; candidate reuse allowed
sub-22,left,868,0.03005257435142994,909,0.09707077592611313,41,0.2199273248918531,0.10868973380584339,0.11411296148045777,70,absolute Pearson r across 29696 matched cortical vertices,descriptive ceiling; candidate reuse allowed
sub-22,left,869,0.029118884354829788,900,0.06910993903875351,31,0.22003706849300775,0.1089736578563028,0.11289814471839431,70,absolute Pearson r across 29696 matched cortical vertices,descriptive ceiling; candidate reuse allowed
sub-22,left,870,0.0016410259995609522,888,0.08263415843248367,18,0.2201456238762572,0.10901970789439923,0.11148838381559832,70,absolute Pearson r across 29696 matched cortical vertices,descriptive ceiling; candidate reuse allowed
sub-22,left,871,0.05459991842508316,840,0.09676149487495422,-31,0.22070516430603465,0.10907045385701053,0.10508088897409834,70,absolute Pearson r across 29696 matched cortical vertices,descriptive ceiling; candidate reuse allowed
sub-22,left,872,0.028790859505534172,835,0.09038867056369781,-37,0.22080063741796754,0.10922341255711529,0.10428125403220301,70,absolute Pearson r across 29696 matched cortical vertices,descriptive ceiling; candidate reuse allowed
sub-22,left,873,0.052088286727666855,927,0.09210848808288574,54,0.22108422492219362,0.10934951127131495,0.11645132972363588,70,absolute Pearson r across 29696 matched cortical vertices,descriptive ceiling; candidate reuse allowed
sub-22,left,874,0.03513024002313614,828,0.07969170063734055,-46,0.22139227994892055,0.10942880377362083,0.10343757342606424,70,absolute Pearson r across 29696 matched cortical vertices,descriptive ceiling; candidate reuse allowed
sub-22,left,875,0.01503521203994751,898,0.06996410340070724,23,0.22171909525952155,0.10966007585251897,0.1125962787814281,70,absolute Pearson r across 29696 matched cortical vertices,descriptive ceiling; candidate reuse allowed
sub-22,left,876,0.012525597587227821,840,0.10670214891433716,-36,0.22197315616794033,0.10973495841914899,0.10508088897409834,71,absolute Pearson r across 29696 matched cortical vertices,descriptive ceiling; candidate reuse allowed
sub-22,left,877,0.0155277568846941,820,0.08150635659694672,-57,0.2223937922491217,0.10984220665435075,0.10229878502706213,71,absolute Pearson r across 29696 matched cortical vertices,descriptive ceiling; candidate reuse allowed
sub-22,left,878,0.011626862920820713,908,0.0984768345952034,30,0.22243092728141314,0.11009485619876078,0.11398497586063769,71,absolute Pearson r across 29696 matched cortical vertices,descriptive ceiling; candidate reuse allowed
sub-22,left,879,0.007108374964445829,810,0.0791078507900238,-69,0.22253790158602615,0.11019684112926963,0.10100535471356069,71,absolute Pearson r across 29696 matched cortical vertices,descriptive ceiling; candidate reuse allowed
sub-22,left,880,0.03325918689370155,920,0.0801989808678627,40,0.22308557381833352,0.11034372260825968,0.11562517585290828,71,absolute Pearson r across 29696 matched cortical vertices,descriptive ceiling; candidate reuse allowed
sub-22,left,881,0.018618853762745857,850,0.07807065546512604,-31,0.2233971455851245,0.11039242372238428,0.10625702765488859,71,absolute Pearson r across 29696 matched cortical vertices,descriptive ceiling; candidate reuse allowed
sub-22,left,882,0.035844821482896805,942,0.08837109804153442,60,0.2236103898638147,0.11051833843763524,0.11861134394591409,71,absolute Pearson r across 29696 matched cortical vertices,descriptive ceiling; candidate reuse allowed
sub-22,left,883,0.029347045347094536,818,0.06182296201586723,-65,0.223740711689079,0.11080678973766346,0.1020081117957408,71,absolute Pearson r across 29696 matched cortical vertices,descriptive ceiling; candidate reuse allowed
sub-22,left,884,0.022673171013593674,875,0.08317859470844269,-9,0.22422498377160002,0.11088997600265645,0.10966007585251897,71,absolute Pearson r across 29696 matched cortical vertices,descriptive ceiling; candidate reuse allowed
sub-22,left,885,0.03634040802717209,943,0.08524006605148315,58,0.22447868498274312,0.11104957927520194,0.11873936093059152,71,absolute Pearson r across 29696 matched cortical vertices,descriptive ceiling; candidate reuse allowed
sub-22,left,886,0.021685956045985222,863,0.06722670793533325,-23,0.2247706275528214,0.11123523434855379,0.10812556353560161,71,absolute Pearson r across 29696 matched cortical vertices,descriptive ceiling; candidate reuse allowed
sub-22,left,887,0.031241213902831078,841,0.0734487771987915,-46,0.22509702541472967,0.111282296757005,0.10532910474426764,71,absolute Pearson r across 29696 matched cortical vertices,descriptive ceiling; candidate reuse allowed
sub-22,left,888,0.006152539514005184,846,0.08099251985549927,-42,0.2252418913459503,0.11148838381559832,0.105865525223365,72,absolute Pearson r across 29696 matched cortical vertices,descriptive ceiling; candidate reuse allowed
sub-22,left,889,0.029551580548286438,821,0.06338274478912354,-68,0.22546048381247857,0.1115101964474002,0.10250938985923393,72,absolute Pearson r across 29696 matched cortical vertices,descriptive ceiling; candidate reuse allowed
sub-22,left,890,0.030842052772641182,835,0.07591777294874191,-55,0.22592094469091026,0.11164847048890245,0.10428125403220301,72,absolute Pearson r across 29696 matched cortical vertices,descriptive ceiling; candidate reuse allowed
sub-22,left,891,0.00589360436424613,963,0.074106864631176,72,0.22598710470556121,0.11170179518035575,0.12144327016794114,72,absolute Pearson r across 29696 matched cortical vertices,descriptive ceiling; candidate reuse allowed
sub-22,left,892,0.0021543412003666162,950,0.0832863599061966,58,0.22604572948942966,0.11180386233315644,0.11972107659641333,72,absolute Pearson r across 29696 matched cortical vertices,descriptive ceiling; candidate reuse allowed
sub-22,left,893,0.017627190798521042,921,0.0754200890660286,28,0.2266173900362581,0.11195920491731895,0.11566031202621528,72,absolute Pearson r across 29696 matched cortical vertices,descriptive ceiling; candidate reuse allowed
sub-22,left,894,0.03099871426820755,961,0.07661355286836624,67,0.22664010660889672,0.11223455353351854,0.12122491807790338,72,absolute Pearson r across 29696 matched cortical vertices,descriptive ceiling; candidate reuse allowed
sub-22,left,895,0.016368318349123,856,0.08806606382131577,-39,0.22732009819314297,0.11229078795363828,0.1073179433582238,72,absolute Pearson r across 29696 matched cortical vertices,descriptive ceiling; candidate reuse allowed
sub-22,left,896,0.015045948326587677,967,0.08157280087471008,71,0.2273748640065785,0.11238003190088765,0.12186355407986145,72,absolute Pearson r across 29696 matched cortical vertices,descriptive ceiling; candidate reuse allowed
sub-22,left,897,0.03371632099151611,843,0.0994371622800827,-54,0.22750897944155143,0.11246866479014804,0.1055048825683752,72,absolute Pearson r across 29696 matched cortical vertices,descriptive ceiling; candidate reuse allowed
sub-22,left,898,0.020820418372750282,870,0.09719691425561905,-28,0.22793802808319746,0.1125962787814281,0.10901970789439923,72,absolute Pearson r across 29696 matched cortical vertices,descriptive ceiling; candidate reuse allowed
sub-22,left,899,0.017706284299492836,929,0.09929925203323364,30,0.22806436399994431,0.11275339390330667,0.11677541164210976,72,absolute Pearson r across 29696 matched cortical vertices,descriptive ceiling; candidate reuse allowed
sub-22,left,900,0.03492164611816406,853,0.09051620960235596,-47,0.22846246708808107,0.11289814471839431,0.10658004821748751,72,absolute Pearson r across 29696 matched cortical vertices,descriptive ceiling; candidate reuse allowed
sub-22,left,901,0.0012682972010225058,850,0.0865999087691307,-51,0.22872004905686572,0.11298147913691553,0.10625702765488859,73,absolute Pearson r across 29696 matched cortical vertices,descriptive ceiling; candidate reuse allowed
sub-22,left,902,0.005316918715834618,844,0.07705087214708328,-58,0.2290081878283309,0.11321387229945243,0.10558619641358591,73,absolute Pearson r across 29696 matched cortical vertices,descriptive ceiling; candidate reuse allowed
sub-22,left,903,0.06497442722320557,883,0.08827637135982513,-20,0.22906512406052354,0.1132924169367035,0.11080678973766346,73,absolute Pearson r across 29696 matched cortical vertices,descriptive ceiling; candidate reuse allowed
sub-22,left,904,0.019916921854019165,971,0.09008557349443436,67,0.22919048145550758,0.11342136534281871,0.12243506183204926,73,absolute Pearson r across 29696 matched cortical vertices,descriptive ceiling; candidate reuse allowed
sub-22,left,905,0.04480897635221481,903,0.07435911893844604,-2,0.22945296324573888,0.11363809132300756,0.1132924169367035,73,absolute Pearson r across 29696 matched cortical vertices,descriptive ceiling; candidate reuse allowed
sub-22,left,906,0.05473347380757332,854,0.11108476668596268,-52,0.23033876149442753,0.11378577090075373,0.10675324876458435,73,absolute Pearson r across 29696 matched cortical vertices,descriptive ceiling; candidate reuse allowed
sub-22,left,907,0.06546837091445923,912,0.08024995028972626,5,0.23050413614556367,0.11389758688350377,0.11436895283185933,73,absolute Pearson r across 29696 matched cortical vertices,descriptive ceiling; candidate reuse allowed
sub-22,left,908,0.0009628543630242348,883,0.06413426250219345,-25,0.23057626058168276,0.11398497586063769,0.11080678973766346,73,absolute Pearson r across 29696 matched cortical vertices,descriptive ceiling; candidate reuse allowed
sub-22,left,909,0.017751026898622513,915,0.09785500913858414,6,0.23102376337986272,0.11411296148045777,0.11493438490804538,73,absolute Pearson r across 29696 matched cortical vertices,descriptive ceiling; candidate reuse allowed
sub-22,left,910,0.0350063182413578,953,0.08265668898820877,43,0.23123276786749525,0.11423184284937507,0.12012469912491815,73,absolute Pearson r across 29696 matched cortical vertices,descriptive ceiling; candidate reuse allowed
sub-22,left,911,0.03628822788596153,867,0.0749024748802185,-44,0.23133536220837858,0.11430010877998453,0.10860534947806653,73,absolute Pearson r across 29696 matched cortical vertices,descriptive ceiling; candidate reuse allowed
sub-22,left,912,0.02313937246799469,851,0.06781814247369766,-61,0.23155685855876004,0.11436895283185933,0.10637398219497428,73,absolute Pearson r across 29696 matched cortical vertices,descriptive ceiling; candidate reuse allowed
sub-22,left,913,0.008914515376091003,870,0.07268724590539932,-43,0.2317760829881652,0.11448396006807544,0.10901970789439923,74,absolute Pearson r across 29696 matched cortical vertices,descriptive ceiling; candidate reuse allowed
sub-22,left,914,0.033310338854789734,866,0.08833876997232437,-48,0.23227982178537748,0.11464980556854125,0.1084386535202099,74,absolute Pearson r across 29696 matched cortical vertices,descriptive ceiling; candidate reuse allowed
sub-22,left,915,0.005579513497650623,889,0.08325109630823135,-26,0.2323176994987677,0.11493438490804538,0.1115101964474002,74,absolute Pearson r across 29696 matched cortical vertices,descriptive ceiling; candidate reuse allowed
sub-22,left,916,0.009488949552178383,928,0.0741894319653511,12,0.23266754049599447,0.11520979324421664,0.11654131407609368,74,absolute Pearson r across 29696 matched cortical vertices,descriptive ceiling; candidate reuse allowed
sub-22,left,917,0.010070481337606907,983,0.07354260236024857,66,0.2328320321678982,0.11526203310168019,0.12379335758624462,74,absolute Pearson r across 29696 matched cortical vertices,descriptive ceiling; candidate reuse allowed
sub-22,left,918,0.07080078125,926,0.09239625930786133,8,0.2330710082629594,0.11535113252391942,0.11630924130409225,74,absolute Pearson r across 29696 matched cortical vertices,descriptive ceiling; candidate reuse allowed
sub-22,left,919,0.021695630624890327,992,0.08998001366853714,73,0.2334998481734184,0.11542734356526847,0.12509524319761142,74,absolute Pearson r across 29696 matched cortical vertices,descriptive ceiling; candidate reuse allowed
sub-22,left,920,0.012900109402835369,854,0.07571741193532944,-66,0.23367143999141038,0.11562517585290828,0.10675324876458435,74,absolute Pearson r across 29696 matched cortical vertices,descriptive ceiling; candidate reuse allowed
sub-22,left,921,0.02505776658654213,948,0.08560968935489655,27,0.23397786775424906,0.11566031202621528,0.11954129600919376,74,absolute Pearson r across 29696 matched cortical vertices,descriptive ceiling; candidate reuse allowed
sub-22,left,922,0.037483107298612595,874,0.09363297373056412,-48,0.2340959803997872,0.11585936711522311,0.10942880377362083,74,absolute Pearson r across 29696 matched cortical vertices,descriptive ceiling; candidate reuse allowed
sub-22,left,923,0.05601147189736366,871,0.07915425300598145,-52,0.23448027426504095,0.11600233267168429,0.10907045385701053,74,absolute Pearson r across 29696 matched cortical vertices,descriptive ceiling; candidate reuse allowed
sub-22,left,924,0.020800743252038956,857,0.07097456604242325,-67,0.23482916482230431,0.11607736096794473,0.10734026271907275,74,absolute Pearson r across 29696 matched cortical vertices,descriptive ceiling; candidate reuse allowed
sub-22,left,925,0.003689277684316039,983,0.07002321630716324,58,0.2349690634159347,0.11621148440873476,0.12379335758624462,74,absolute Pearson r across 29696 matched cortical vertices,descriptive ceiling; candidate reuse allowed
sub-22,left,926,0.012081848457455635,880,0.06883659958839417,-46,0.2351462470937405,0.11630924130409225,0.11034372260825968,75,absolute Pearson r across 29696 matched cortical vertices,descriptive ceiling; candidate reuse allowed
sub-22,left,927,0.010371838696300983,979,0.09727644175291061,52,0.2353060763264887,0.11645132972363588,0.12346691856795496,75,absolute Pearson r across 29696 matched cortical vertices,descriptive ceiling; candidate reuse allowed
sub-22,left,928,0.020687635987997055,976,0.08097745478153229,48,0.23591646758326354,0.11654131407609368,0.12301929791317408,75,absolute Pearson r across 29696 matched cortical vertices,descriptive ceiling; candidate reuse allowed
sub-22,left,929,0.008264848031103611,994,0.09441457688808441,65,0.23615802768655678,0.11677541164210976,0.12536323380268513,75,absolute Pearson r across 29696 matched cortical vertices,descriptive ceiling; candidate reuse allowed
sub-22,left,930,0.003811350092291832,982,0.09145388007164001,52,0.2363979472189752,0.1168801082327069,0.12372198098413127,75,absolute Pearson r across 29696 matched cortical vertices,descriptive ceiling; candidate reuse allowed
sub-22,left,931,0.05526399239897728,942,0.07324416935443878,11,0.2364912657520459,0.1170293732258574,0.11861134394591409,75,absolute Pearson r across 29696 matched cortical vertices,descriptive ceiling; candidate reuse allowed
sub-22,left,932,0.026909297332167625,896,0.07467063516378403,-36,0.23666148011834856,0.11714696619493394,0.11238003190088765,75,absolute Pearson r across 29696 matched cortical vertices,descriptive ceiling; candidate reuse allowed
sub-22,left,933,0.005444469396024942,981,0.08318319916725159,48,0.23701574577145637,0.11723339854824581,0.12365704450485789,75,absolute Pearson r across 29696 matched cortical vertices,descriptive ceiling; candidate reuse allowed
sub-22,left,934,0.02706717886030674,887,0.10798271000385284,-47,0.23723139240942526,0.11741070245448475,0.111282296757005,75,absolute Pearson r across 29696 matched cortical vertices,descriptive ceiling; candidate reuse allowed
sub-22,left,935,0.001381227164529264,961,0.06878136843442917,26,0.2373162455024225,0.11762377991540236,0.12122491807790338,75,absolute Pearson r across 29696 matched cortical vertices,descriptive ceiling; candidate reuse allowed
sub-22,left,936,0.010370394214987755,917,0.07600774616003036,-19,0.23753201291509665,0.11778884163687452,0.11526203310168019,75,absolute Pearson r across 29696 matched cortical vertices,descriptive ceiling; candidate reuse allowed
sub-22,left,937,0.02532866783440113,952,0.08678685873746872,15,0.23778592814262686,0.11796877749851596,0.11999320799082384,75,absolute Pearson r across 29696 matched cortical vertices,descriptive ceiling; candidate reuse allowed
sub-22,left,938,0.012728400528430939,919,0.09172653406858444,-19,0.23799342395799652,0.11804314049692789,0.11542734356526847,76,absolute Pearson r across 29696 matched cortical vertices,descriptive ceiling; candidate reuse allowed
sub-22,left,939,0.0013104698155075312,946,0.10551320761442184,7,0.23838376122997032,0.11808616606565599,0.11915889189683586,76,absolute Pearson r across 29696 matched cortical vertices,descriptive ceiling; candidate reuse allowed
sub-22,left,940,0.021008361130952835,996,0.09667576849460602,56,0.23896359635424416,0.1182165580661745,0.12563686739887636,76,absolute Pearson r across 29696 matched cortical vertices,descriptive ceiling; candidate reuse allowed
sub-22,left,941,0.03614594414830208,915,0.10250555723905563,-26,0.23934059557917628,0.1184748890279516,0.11493438490804538,76,absolute Pearson r across 29696 matched cortical vertices,descriptive ceiling; candidate reuse allowed
sub-22,left,942,0.011313225142657757,980,0.07292001694440842,38,0.2393865493973163,0.11861134394591409,0.12352580175929682,76,absolute Pearson r across 29696 matched cortical vertices,descriptive ceiling; candidate reuse allowed
sub-22,left,943,0.010844011791050434,985,0.06101662665605545,42,0.2396480317148081,0.11873936093059152,0.12410237857891641,76,absolute Pearson r across 29696 matched cortical vertices,descriptive ceiling; candidate reuse allowed
sub-22,left,944,0.027066707611083984,902,0.07431907951831818,-42,0.23986496142956898,0.11886186180410334,0.11321387229945243,76,absolute Pearson r across 29696 matched cortical vertices,descriptive ceiling; candidate reuse allowed
sub-22,left,945,0.03172438591718674,991,0.0769343227148056,46,0.24026146942171323,0.11897861783350243,0.1249209232909856,76,absolute Pearson r across 29696 matched cortical vertices,descriptive ceiling; candidate reuse allowed
sub-22,left,946,0.010716750286519527,928,0.08100242167711258,-18,0.24065869255497196,0.11915889189683586,0.11654131407609368,76,absolute Pearson r across 29696 matched cortical vertices,descriptive ceiling; candidate reuse allowed
sub-22,left,947,0.053231656551361084,933,0.09285832196474075,-14,0.24076846083504982,0.11946056717019964,0.11723339854824581,76,absolute Pearson r across 29696 matched cortical vertices,descriptive ceiling; candidate reuse allowed
sub-22,left,948,0.02692716009914875,876,0.08121681213378906,-72,0.24114916101481454,0.11954129600919376,0.10973495841914899,76,absolute Pearson r across 29696 matched cortical vertices,descriptive ceiling; candidate reuse allowed
sub-22,left,949,0.015770668163895607,889,0.0843421071767807,-60,0.24142513436091145,0.11965532051376497,0.1115101964474002,76,absolute Pearson r across 29696 matched cortical vertices,descriptive ceiling; candidate reuse allowed
sub-22,left,950,0.0223882794380188,990,0.07327771186828613,40,0.24189709684802346,0.11972107659641333,0.12484919900685405,76,absolute Pearson r across 29696 matched cortical vertices,descriptive ceiling; candidate reuse allowed
sub-22,left,951,0.003943164832890034,892,0.07010024040937424,-59,0.24191616677914524,0.11981763310042105,0.11180386233315644,77,absolute Pearson r across 29696 matched cortical vertices,descriptive ceiling; candidate reuse allowed
sub-22,left,952,0.01143402885645628,979,0.07592180371284485,27,0.24237487924592416,0.11999320799082384,0.12346691856795496,77,absolute Pearson r across 29696 matched cortical vertices,descriptive ceiling; candidate reuse allowed
sub-22,left,953,0.03844917193055153,977,0.0928037241101265,24,0.24266996232257115,0.12012469912491815,0.12317368609711603,77,absolute Pearson r across 29696 matched cortical vertices,descriptive ceiling; candidate reuse allowed
sub-22,left,954,0.054728683084249496,884,0.08938539773225784,-70,0.24288329641806222,0.12017240906132058,0.11088997600265645,77,absolute Pearson r across 29696 matched cortical vertices,descriptive ceiling; candidate reuse allowed
sub-22,left,955,0.03165779635310173,989,0.07249986380338669,34,0.24318109092195161,0.12040490037992717,0.12461468459240839,77,absolute Pearson r across 29696 matched cortical vertices,descriptive ceiling; candidate reuse allowed
sub-22,left,956,0.04544666409492493,885,0.07373566925525665,-71,0.24347967430742762,0.12066371986507864,0.11104957927520194,77,absolute Pearson r across 29696 matched cortical vertices,descriptive ceiling; candidate reuse allowed
sub-22,left,957,0.022050699219107628,920,0.08565259724855423,-37,0.24361495708394154,0.1207119836157854,0.11562517585290828,77,absolute Pearson r across 29696 matched cortical vertices,descriptive ceiling; candidate reuse allowed
sub-22,left,958,0.009723598137497902,977,0.08499675989151001,19,0.24392517779207362,0.12076640627557524,0.12317368609711603,77,absolute Pearson r across 29696 matched cortical vertices,descriptive ceiling; candidate reuse allowed
sub-22,left,959,0.0338125117123127,901,0.08332996070384979,-58,0.24411100930412427,0.12091710292318893,0.11298147913691553,77,absolute Pearson r across 29696 matched cortical vertices,descriptive ceiling; candidate reuse allowed
sub-22,left,960,0.053665049374103546,889,0.068929523229599,-71,0.24420293448350233,0.12100407855505561,0.1115101964474002,77,absolute Pearson r across 29696 matched cortical vertices,descriptive ceiling; candidate reuse allowed
sub-22,left,961,0.008143099024891853,922,0.06888782978057861,-39,0.24459566540279742,0.12122491807790338,0.11585936711522311,77,absolute Pearson r across 29696 matched cortical vertices,descriptive ceiling; candidate reuse allowed
sub-22,left,962,0.0001104935072362423,946,0.08539817482233047,-16,0.24510884400241711,0.12125873582002351,0.11915889189683586,77,absolute Pearson r across 29696 matched cortical vertices,descriptive ceiling; candidate reuse allowed
sub-22,left,963,0.005024876445531845,937,0.09317635744810104,-26,0.24541989604817466,0.12144327016794114,0.11796877749851596,78,absolute Pearson r across 29696 matched cortical vertices,descriptive ceiling; candidate reuse allowed
sub-22,left,964,0.004944588523358107,924,0.07457844913005829,-40,0.24558583330584632,0.12151867237227847,0.11607736096794473,78,absolute Pearson r across 29696 matched cortical vertices,descriptive ceiling; candidate reuse allowed
sub-22,left,965,0.00876925140619278,974,0.06368517130613327,9,0.24598244997224455,0.12158078373129037,0.12285154815946005,78,absolute Pearson r across 29696 matched cortical vertices,descriptive ceiling; candidate reuse allowed
sub-22,left,966,0.02319292724132538,990,0.08458362519741058,24,0.2461261977974576,0.12179120320184465,0.12484919900685405,78,absolute Pearson r across 29696 matched cortical vertices,descriptive ceiling; candidate reuse allowed
sub-22,left,967,0.019954726099967957,981,0.07762491703033447,14,0.2466545621051064,0.12186355407986145,0.12365704450485789,78,absolute Pearson r across 29696 matched cortical vertices,descriptive ceiling; candidate reuse allowed
sub-22,left,968,0.03214740753173828,922,0.08671437203884125,-46,0.24685359480746888,0.12205349279530449,0.11585936711522311,78,absolute Pearson r across 29696 matched cortical vertices,descriptive ceiling; candidate reuse allowed
sub-22,left,969,0.05989629775285721,920,0.07267824560403824,-49,0.24699528639926527,0.12209936866426031,0.11562517585290828,78,absolute Pearson r across 29696 matched cortical vertices,descriptive ceiling; candidate reuse allowed
sub-22,left,970,0.04400646314024925,996,0.08004885911941528,26,0.24719808146962824,0.12240309945870863,0.12563686739887636,78,absolute Pearson r across 29696 matched cortical vertices,descriptive ceiling; candidate reuse allowed
sub-22,left,971,0.030358504503965378,914,0.06917716562747955,-57,0.247400528986922,0.12243506183204926,0.11464980556854125,78,absolute Pearson r across 29696 matched cortical vertices,descriptive ceiling; candidate reuse allowed
sub-22,left,972,0.04731927067041397,951,0.10293721407651901,-21,0.24751857323753912,0.12251834498346349,0.11981763310042105,78,absolute Pearson r across 29696 matched cortical vertices,descriptive ceiling; candidate reuse allowed
sub-22,left,973,0.04205353558063507,916,0.07427091896533966,-57,0.24759098734462492,0.12267979794704266,0.11520979324421664,78,absolute Pearson r across 29696 matched cortical vertices,descriptive ceiling; candidate reuse allowed
sub-22,left,974,0.016431692987680435,950,0.12025107443332672,-24,0.24784612655687938,0.12285154815946005,0.11972107659641333,78,absolute Pearson r across 29696 matched cortical vertices,descriptive ceiling; candidate reuse allowed
sub-22,left,975,0.03234384208917618,927,0.0830826386809349,-48,0.24826220103798435,0.12292243127281306,0.11645132972363588,78,absolute Pearson r across 29696 matched cortical vertices,descriptive ceiling; candidate reuse allowed
sub-22,left,976,0.01644442416727543,913,0.07830001413822174,-63,0.24843311307062388,0.12301929791317408,0.11448396006807544,79,absolute Pearson r across 29696 matched cortical vertices,descriptive ceiling; candidate reuse allowed
sub-22,left,977,0.04161960631608963,960,0.07123637199401855,-17,0.24849593448354168,0.12317368609711603,0.12100407855505561,79,absolute Pearson r across 29696 matched cortical vertices,descriptive ceiling; candidate reuse allowed
sub-22,left,978,0.019474951550364494,912,0.08926761150360107,-66,0.2489119236858061,0.1232216358385806,0.11436895283185933,79,absolute Pearson r across 29696 matched cortical vertices,descriptive ceiling; candidate reuse allowed
sub-22,left,979,0.0017024477710947394,916,0.07552982866764069,-63,0.2493605243128545,0.12346691856795496,0.11520979324421664,79,absolute Pearson r across 29696 matched cortical vertices,descriptive ceiling; candidate reuse allowed
sub-22,left,980,0.017117558047175407,978,0.09120839089155197,-2,0.24962114694260773,0.12352580175929682,0.1232216358385806,79,absolute Pearson r across 29696 matched cortical vertices,descriptive ceiling; candidate reuse allowed
sub-22,left,981,0.0026246760971844196,924,0.05758444964885712,-57,0.24968162174439534,0.12365704450485789,0.11607736096794473,79,absolute Pearson r across 29696 matched cortical vertices,descriptive ceiling; candidate reuse allowed
sub-22,left,982,0.01672041416168213,977,0.07462672889232635,-5,0.2501997004948057,0.12372198098413127,0.12317368609711603,79,absolute Pearson r across 29696 matched cortical vertices,descriptive ceiling; candidate reuse allowed
sub-22,left,983,0.0020282678306102753,944,0.07425055652856827,-39,0.25034706986601957,0.12379335758624462,0.11886186180410334,79,absolute Pearson r across 29696 matched cortical vertices,descriptive ceiling; candidate reuse allowed
sub-22,left,984,0.03251729533076286,934,0.07603462040424347,-50,0.25053159944428566,0.12401492599433285,0.11741070245448475,79,absolute Pearson r across 29696 matched cortical vertices,descriptive ceiling; candidate reuse allowed
sub-22,left,985,0.004920619074255228,997,0.08743632584810257,12,0.2509770746050616,0.12410237857891641,0.12567025558030315,79,absolute Pearson r across 29696 matched cortical vertices,descriptive ceiling; candidate reuse allowed
sub-22,left,986,0.03295472264289856,974,0.0683516412973404,-12,0.2511009446572504,0.12416511234558848,0.12285154815946005,79,absolute Pearson r across 29696 matched cortical vertices,descriptive ceiling; candidate reuse allowed
sub-22,left,987,0.030231459066271782,981,0.06507474929094315,-6,0.2513824796784892,0.1242837978585591,0.12365704450485789,79,absolute Pearson r across 29696 matched cortical vertices,descriptive ceiling; candidate reuse allowed
sub-22,left,988,0.010014734230935574,941,0.0912577286362648,-47,0.25156953527703757,0.12452715693907977,0.1184748890279516,80,absolute Pearson r across 29696 matched cortical vertices,descriptive ceiling; candidate reuse allowed
sub-22,left,989,0.019226888194680214,915,0.071795754134655,-74,0.251889614124258,0.12461468459240839,0.11493438490804538,80,absolute Pearson r across 29696 matched cortical vertices,descriptive ceiling; candidate reuse allowed
sub-22,left,990,0.0005762383807450533,942,0.0667746514081955,-48,0.25212078687308814,0.12484919900685405,0.11861134394591409,80,absolute Pearson r across 29696 matched cortical vertices,descriptive ceiling; candidate reuse allowed
sub-22,left,991,0.0123007046058774,972,0.06696314364671707,-19,0.25235927421410054,0.1249209232909856,0.12251834498346349,80,absolute Pearson r across 29696 matched cortical vertices,descriptive ceiling; candidate reuse allowed
sub-22,left,992,0.006710585206747055,968,0.0847373977303505,-24,0.2526482821927185,0.12509524319761142,0.12205349279530449,80,absolute Pearson r across 29696 matched cortical vertices,descriptive ceiling; candidate reuse allowed
sub-22,left,993,0.042828451842069626,935,0.07432515174150467,-58,0.25300723592115887,0.12527129624804623,0.11762377991540236,80,absolute Pearson r across 29696 matched cortical vertices,descriptive ceiling; candidate reuse allowed
sub-22,left,994,0.010182217694818974,957,0.07888948917388916,-37,0.25330959348114285,0.12536323380268513,0.1207119836157854,80,absolute Pearson r across 29696 matched cortical vertices,descriptive ceiling; candidate reuse allowed
sub-22,left,995,0.020126180723309517,924,0.07019419223070145,-71,0.25371335416529855,0.12549095743485453,0.11607736096794473,80,absolute Pearson r across 29696 matched cortical vertices,descriptive ceiling; candidate reuse allowed
sub-22,left,996,0.037000078707933426,976,0.07574820518493652,-20,0.25391213921058065,0.12563686739887636,0.12301929791317408,80,absolute Pearson r across 29696 matched cortical vertices,descriptive ceiling; candidate reuse allowed
sub-22,left,997,0.014857335016131401,933,0.09710203856229782,-64,0.2541803126393274,0.12567025558030315,0.11723339854824581,80,absolute Pearson r across 29696 matched cortical vertices,descriptive ceiling; candidate reuse allowed
sub-22,left,998,0.017123332247138023,980,0.06639280170202255,-18,0.2545669497163372,0.12574557864815947,0.12352580175929682,80,absolute Pearson r across 29696 matched cortical vertices,descriptive ceiling; candidate reuse allowed
sub-22,left,999,0.004604781046509743,981,0.05771169066429138,-18,0.2547927229589862,0.1258750416613452,0.12365704450485789,80,absolute Pearson r across 29696 matched cortical vertices,descriptive ceiling; candidate reuse allowed
sub-24,left,1,0.9975185990333557,1,0.9975185990333557,0,0.00020565901145301255,9.474135958930686e-05,9.474135958930686e-05,3,absolute Pearson r across 29696 matched cortical vertices,descriptive ceiling; candidate reuse allowed
sub-24,left,2,0.982234537601471,2,0.982234537601471,0,0.00038267504967507554,0.0002344456039970258,0.0002344456039970258,3,absolute Pearson r across 29696 matched cortical vertices,descriptive ceiling; candidate reuse allowed
sub-24,left,3,0.9595078825950623,3,0.9595078825950623,0,0.0006062518629979027,0.00031634441603495614,0.00031634441603495614,3,absolute Pearson r across 29696 matched cortical vertices,descriptive ceiling; candidate reuse allowed
sub-24,left,4,0.9344803094863892,4,0.9344803094863892,0,0.000841480452014565,0.00044240011521826973,0.00044240011521826973,3,absolute Pearson r across 29696 matched cortical vertices,descriptive ceiling; candidate reuse allowed
sub-24,left,5,0.9111630320549011,5,0.9111630320549011,0,0.0011684756727802642,0.0005643833683196976,0.0005643833683196976,3,absolute Pearson r across 29696 matched cortical vertices,descriptive ceiling; candidate reuse allowed
sub-24,left,6,0.9118039608001709,6,0.9118039608001709,0,0.0013515353614201274,0.0006460208036789244,0.0006460208036789244,3,absolute Pearson r across 29696 matched cortical vertices,descriptive ceiling; candidate reuse allowed
sub-24,left,7,0.8778830170631409,7,0.8778830170631409,0,0.001480783907712743,0.0008798199705134652,0.0008798199705134652,3,absolute Pearson r across 29696 matched cortical vertices,descriptive ceiling; candidate reuse allowed
sub-24,left,8,0.6861754059791565,8,0.6861754059791565,0,0.0019474177261556147,0.000934832118124446,0.000934832118124446,3,absolute Pearson r across 29696 matched cortical vertices,descriptive ceiling; candidate reuse allowed
sub-24,left,9,0.3419650197029114,10,0.8067315816879272,1,0.0020111487185026575,0.0009981880212653893,0.0010926392889420346,3,absolute Pearson r across 29696 matched cortical vertices,descriptive ceiling; candidate reuse allowed
sub-24,left,10,0.10055510699748993,9,0.7075017690658569,-1,0.0021551664932082156,0.0010926392889420346,0.0009981880212653893,3,absolute Pearson r across 29696 matched cortical vertices,descriptive ceiling; candidate reuse allowed
sub-24,left,11,0.704389214515686,11,0.704389214515686,0,0.0023572565884631257,0.0013072457234804165,0.0013072457234804165,3,absolute Pearson r across 29696 matched cortical vertices,descriptive ceiling; candidate reuse allowed
sub-24,left,12,0.6361016631126404,12,0.6361016631126404,0,0.0026593902933269072,0.0013366647294750077,0.0013366647294750077,3,absolute Pearson r across 29696 matched cortical vertices,descriptive ceiling; candidate reuse allowed
sub-24,left,13,0.5812749266624451,13,0.5812749266624451,0,0.0028597015410241483,0.0014867444031000446,0.0014867444031000446,3,absolute Pearson r across 29696 matched cortical vertices,descriptive ceiling; candidate reuse allowed
sub-24,left,14,0.3188028037548065,15,0.6268154382705688,1,0.0032586204357158526,0.0016762274985390492,0.0017309785168058388,3,absolute Pearson r across 29696 matched cortical vertices,descriptive ceiling; candidate reuse allowed
sub-24,left,15,0.23947618901729584,13,0.5940326452255249,-2,0.0034445164632125377,0.0017309785168058388,0.0014867444031000446,3,absolute Pearson r across 29696 matched cortical vertices,descriptive ceiling; candidate reuse allowed
sub-24,left,16,0.05344279855489731,14,0.744795024394989,-2,0.003549326509246848,0.0018012011592589972,0.0016762274985390492,3,absolute Pearson r across 29696 matched cortical vertices,descriptive ceiling; candidate reuse allowed
sub-24,left,17,0.07280095666646957,18,0.7377443313598633,1,0.0038856954586902193,0.0019710296826140044,0.00206034610018797,3,absolute Pearson r across 29696 matched cortical vertices,descriptive ceiling; candidate reuse allowed
sub-24,left,18,0.05571409687399864,20,0.6723963022232056,2,0.004167180015573861,0.00206034610018797,0.002430908575807557,3,absolute Pearson r across 29696 matched cortical vertices,descriptive ceiling; candidate reuse allowed
sub-24,left,19,0.37867966294288635,17,0.6405274271965027,-2,0.004357478673110543,0.0021697950796272323,0.0019710296826140044,3,absolute Pearson r across 29696 matched cortical vertices,descriptive ceiling; candidate reuse allowed
sub-24,left,20,0.19507509469985962,19,0.6490176320075989,-1,0.004562219236205376,0.002430908575807557,0.0021697950796272323,3,absolute Pearson r across 29696 matched cortical vertices,descriptive ceiling; candidate reuse allowed
sub-24,left,21,0.5692206025123596,21,0.5692206025123596,0,0.00497325606312444,0.0025073219647634565,0.0025073219647634565,3,absolute Pearson r across 29696 matched cortical vertices,descriptive ceiling; candidate reuse allowed
sub-24,left,22,0.20015893876552582,23,0.5442028641700745,1,0.005045633085375879,0.0025602889777765203,0.002658113220010966,3,absolute Pearson r across 29696 matched cortical vertices,descriptive ceiling; candidate reuse allowed
sub-24,left,23,0.21610382199287415,22,0.5203333497047424,-1,0.0052988304614609676,0.002658113220010966,0.0025602889777765203,3,absolute Pearson r across 29696 matched cortical vertices,descriptive ceiling; candidate reuse allowed
sub-24,left,24,0.4947893023490906,24,0.4947893023490906,0,0.005463586189295228,0.002690818381082807,0.002690818381082807,3,absolute Pearson r across 29696 matched cortical vertices,descriptive ceiling; candidate reuse allowed
sub-24,left,25,0.3428574800491333,27,0.4615273177623749,2,0.005555909635911229,0.0028059455515202884,0.0031899664949320283,3,absolute Pearson r across 29696 matched cortical vertices,descriptive ceiling; candidate reuse allowed
sub-24,left,26,0.027794480323791504,24,0.4286487102508545,-2,0.006081045007653803,0.0031046085126282975,0.002690818381082807,3,absolute Pearson r across 29696 matched cortical vertices,descriptive ceiling; candidate reuse allowed
sub-24,left,27,0.009628829546272755,26,0.6047132611274719,-1,0.006278933982889126,0.0031899664949320283,0.0031046085126282975,3,absolute Pearson r across 29696 matched cortical vertices,descriptive ceiling; candidate reuse allowed
sub-24,left,28,0.04597734287381172,30,0.4707740843296051,2,0.006598257882186343,0.003261776708950158,0.0035238121640069568,3,absolute Pearson r across 29696 matched cortical vertices,descriptive ceiling; candidate reuse allowed
sub-24,left,29,0.24536791443824768,29,0.24536791443824768,0,0.006834151802751135,0.0034319311681035736,0.0034319311681035736,3,absolute Pearson r across 29696 matched cortical vertices,descriptive ceiling; candidate reuse allowed
sub-24,left,30,0.030057214200496674,28,0.6685071587562561,-2,0.0070411674526587534,0.0035238121640069568,0.003261776708950158,3,absolute Pearson r across 29696 matched cortical vertices,descriptive ceiling; candidate reuse allowed
sub-24,left,31,0.06991293281316757,32,0.5729303359985352,1,0.007222766143896614,0.0037286281716969894,0.003765448805450714,3,absolute Pearson r across 29696 matched cortical vertices,descriptive ceiling; candidate reuse allowed
sub-24,left,32,0.3718126118183136,34,0.4737430810928345,2,0.007447032950282947,0.003765448805450714,0.003979882103110214,3,absolute Pearson r across 29696 matched cortical vertices,descriptive ceiling; candidate reuse allowed
sub-24,left,33,0.0018469373462721705,32,0.3543887138366699,-1,0.007537177260847365,0.00389069417453998,0.003765448805450714,3,absolute Pearson r across 29696 matched cortical vertices,descriptive ceiling; candidate reuse allowed
sub-24,left,34,0.11694096028804779,31,0.5512046813964844,-3,0.007635569393654474,0.003979882103110214,0.0037286281716969894,3,absolute Pearson r across 29696 matched cortical vertices,descriptive ceiling; candidate reuse allowed
sub-24,left,35,0.09130211174488068,34,0.23115339875221252,-1,0.008136704446688311,0.004097839726977994,0.003979882103110214,3,absolute Pearson r across 29696 matched cortical vertices,descriptive ceiling; candidate reuse allowed
sub-24,left,36,0.2094787061214447,37,0.4309152066707611,1,0.00830018563254256,0.00417491720529148,0.004285924219346163,3,absolute Pearson r across 29696 matched cortical vertices,descriptive ceiling; candidate reuse allowed
sub-24,left,37,0.018914757296442986,35,0.38410472869873047,-2,0.008591118800951326,0.004285924219346163,0.004097839726977994,3,absolute Pearson r across 29696 matched cortical vertices,descriptive ceiling; candidate reuse allowed
sub-24,left,38,0.033474598079919815,36,0.6399400234222412,-2,0.008881681138766329,0.004411307302176462,0.00417491720529148,4,absolute Pearson r across 29696 matched cortical vertices,descriptive ceiling; candidate reuse allowed
sub-24,left,39,0.024572141468524933,37,0.3429170548915863,-2,0.009166860845564671,0.00464978156227101,0.004285924219346163,4,absolute Pearson r across 29696 matched cortical vertices,descriptive ceiling; candidate reuse allowed
sub-24,left,40,0.17899829149246216,37,0.4699448347091675,-3,0.009359357206284032,0.004719875759769716,0.004285924219346163,4,absolute Pearson r across 29696 matched cortical vertices,descriptive ceiling; candidate reuse allowed
sub-24,left,41,0.00036641862243413925,38,0.3117278814315796,-3,0.009524807443460346,0.004891136403761723,0.004411307302176462,4,absolute Pearson r across 29696 matched cortical vertices,descriptive ceiling; candidate reuse allowed
sub-24,left,42,0.026764921844005585,46,0.49915239214897156,4,0.009881571195856887,0.004965747963273818,0.005363764817822733,4,absolute Pearson r across 29696 matched cortical vertices,descriptive ceiling; candidate reuse allowed
sub-24,left,43,0.126825213432312,44,0.3671598434448242,1,0.010167280482346415,0.0050619889850356415,0.005246702493732207,4,absolute Pearson r across 29696 matched cortical vertices,descriptive ceiling; candidate reuse allowed
sub-24,left,44,0.05886942893266678,41,0.2839774489402771,-3,0.01037568303532056,0.005246702493732207,0.004891136403761723,4,absolute Pearson r across 29696 matched cortical vertices,descriptive ceiling; candidate reuse allowed
sub-24,left,45,0.08964494615793228,43,0.3573291301727295,-2,0.010575490728550982,0.005290158929717799,0.0050619889850356415,4,absolute Pearson r across 29696 matched cortical vertices,descriptive ceiling; candidate reuse allowed
sub-24,left,46,0.03002164512872696,45,0.29545560479164124,-1,0.010809721024404332,0.005363764817822733,0.005290158929717799,4,absolute Pearson r across 29696 matched cortical vertices,descriptive ceiling; candidate reuse allowed
sub-24,left,47,0.02932131476700306,45,0.27882519364356995,-2,0.011127797000159664,0.005594203727550555,0.005290158929717799,4,absolute Pearson r across 29696 matched cortical vertices,descriptive ceiling; candidate reuse allowed
sub-24,left,48,0.02275596559047699,47,0.36076173186302185,-1,0.011248270393938808,0.005691534202828115,0.005594203727550555,4,absolute Pearson r across 29696 matched cortical vertices,descriptive ceiling; candidate reuse allowed
sub-24,left,49,0.32608628273010254,48,0.33314278721809387,-1,0.011569046818967648,0.005788889600367076,0.005691534202828115,4,absolute Pearson r across 29696 matched cortical vertices,descriptive ceiling; candidate reuse allowed
sub-24,left,50,0.24069513380527496,52,0.26085758209228516,2,0.011897096679555274,0.0059646681750048555,0.006142483110866683,4,absolute Pearson r across 29696 matched cortical vertices,descriptive ceiling; candidate reuse allowed
sub-24,left,51,0.34190043807029724,56,0.3453112840652466,5,0.012134083551319721,0.006013692876110784,0.006590384002295788,5,absolute Pearson r across 29696 matched cortical vertices,descriptive ceiling; candidate reuse allowed
sub-24,left,52,0.25282812118530273,56,0.3561388850212097,4,0.012186847134240212,0.006142483110866683,0.006590384002295788,5,absolute Pearson r across 29696 matched cortical vertices,descriptive ceiling; candidate reuse allowed
sub-24,left,53,0.3084985613822937,53,0.3084985613822937,0,0.012241293195609891,0.00622932135969014,0.00622932135969014,5,absolute Pearson r across 29696 matched cortical vertices,descriptive ceiling; candidate reuse allowed
sub-24,left,54,0.0965091660618782,57,0.3202964663505554,3,0.01257369790897715,0.0064271628557961025,0.006746976994050082,5,absolute Pearson r across 29696 matched cortical vertices,descriptive ceiling; candidate reuse allowed
sub-24,left,55,0.2584036588668823,53,0.30853739380836487,-2,0.012882109454582612,0.0064977746743208244,0.00622932135969014,5,absolute Pearson r across 29696 matched cortical vertices,descriptive ceiling; candidate reuse allowed
sub-24,left,56,0.0024198759347200394,60,0.3104725778102875,4,0.01313902733765602,0.006590384002295788,0.007126650750609672,5,absolute Pearson r across 29696 matched cortical vertices,descriptive ceiling; candidate reuse allowed
sub-24,left,57,0.14404141902923584,56,0.25161588191986084,-1,0.013347014220723196,0.006746976994050082,0.006590384002295788,5,absolute Pearson r across 29696 matched cortical vertices,descriptive ceiling; candidate reuse allowed
sub-24,left,58,0.264586865901947,58,0.264586865901947,0,0.0137520867201161,0.00681559886267062,0.00681559886267062,5,absolute Pearson r across 29696 matched cortical vertices,descriptive ceiling; candidate reuse allowed
sub-24,left,59,0.2983246445655823,57,0.3588356077671051,-2,0.01384725178745694,0.007008442859353458,0.006746976994050082,5,absolute Pearson r across 29696 matched cortical vertices,descriptive ceiling; candidate reuse allowed
sub-24,left,60,0.1602858603000641,64,0.26833805441856384,4,0.014194399935886797,0.007126650750609672,0.007574778803303114,5,absolute Pearson r across 29696 matched cortical vertices,descriptive ceiling; candidate reuse allowed
sub-24,left,61,0.0008466221624985337,65,0.235741525888443,4,0.01431472255921965,0.007341470482710831,0.007648857120517926,5,absolute Pearson r across 29696 matched cortical vertices,descriptive ceiling; candidate reuse allowed
sub-24,left,62,0.15560759603977203,58,0.3419641852378845,-4,0.01474375241825831,0.00734832355561524,0.00681559886267062,5,absolute Pearson r across 29696 matched cortical vertices,descriptive ceiling; candidate reuse allowed
sub-24,left,63,0.09493828564882278,65,0.310359388589859,2,0.014998630764491814,0.007528937402669687,0.007648857120517926,6,absolute Pearson r across 29696 matched cortical vertices,descriptive ceiling; candidate reuse allowed
sub-24,left,64,0.18131697177886963,61,0.39778172969818115,-3,0.015036485738692677,0.007574778803303114,0.007341470482710831,6,absolute Pearson r across 29696 matched cortical vertices,descriptive ceiling; candidate reuse allowed
sub-24,left,65,0.03660266846418381,60,0.27143800258636475,-5,0.015475529228502807,0.007648857120517926,0.007126650750609672,6,absolute Pearson r across 29696 matched cortical vertices,descriptive ceiling; candidate reuse allowed
sub-24,left,66,0.10712704062461853,64,0.2981807589530945,-2,0.015610051415530705,0.007749161351303104,0.007574778803303114,6,absolute Pearson r across 29696 matched cortical vertices,descriptive ceiling; candidate reuse allowed
sub-24,left,67,0.12401127070188522,69,0.2934238314628601,2,0.015946451185797357,0.00796318973606529,0.008148340962054154,6,absolute Pearson r across 29696 matched cortical vertices,descriptive ceiling; candidate reuse allowed
sub-24,left,68,0.11204729974269867,73,0.3858537971973419,5,0.01616313380155085,0.008079340440809926,0.008755696474288725,6,absolute Pearson r across 29696 matched cortical vertices,descriptive ceiling; candidate reuse allowed
sub-24,left,69,0.08955703675746918,68,0.27524295449256897,-1,0.016241806371952473,0.008148340962054154,0.008079340440809926,6,absolute Pearson r across 29696 matched cortical vertices,descriptive ceiling; candidate reuse allowed
sub-24,left,70,0.02984415553510189,67,0.35310885310173035,-3,0.016565084505222046,0.008208947239855295,0.00796318973606529,6,absolute Pearson r across 29696 matched cortical vertices,descriptive ceiling; candidate reuse allowed
sub-24,left,71,0.26213112473487854,71,0.26213112473487854,0,0.016787232079567074,0.008481144042787868,0.008481144042787868,6,absolute Pearson r across 29696 matched cortical vertices,descriptive ceiling; candidate reuse allowed
sub-24,left,72,0.19842034578323364,69,0.3174731433391571,-3,0.017057092461766794,0.008656345442577882,0.008148340962054154,6,absolute Pearson r across 29696 matched cortical vertices,descriptive ceiling; candidate reuse allowed
sub-24,left,73,0.024144714698195457,72,0.43304455280303955,-1,0.017209511764835914,0.008755696474288725,0.008656345442577882,6,absolute Pearson r across 29696 matched cortical vertices,descriptive ceiling; candidate reuse allowed
sub-24,left,74,0.17885878682136536,79,0.251677930355072,5,0.017548350344876014,0.00885213176792994,0.00935221339720564,6,absolute Pearson r across 29696 matched cortical vertices,descriptive ceiling; candidate reuse allowed
sub-24,left,75,0.13901939988136292,70,0.30879297852516174,-5,0.017856040219907984,0.00891656505138508,0.008208947239855295,6,absolute Pearson r across 29696 matched cortical vertices,descriptive ceiling; candidate reuse allowed
sub-24,left,76,0.08272218704223633,74,0.3065670430660248,-2,0.01812497031019341,0.009036369184358803,0.00885213176792994,7,absolute Pearson r across 29696 matched cortical vertices,descriptive ceiling; candidate reuse allowed
sub-24,left,77,0.14486895501613617,80,0.28974151611328125,3,0.018377879023876775,0.009152849522002836,0.009522637872638266,7,absolute Pearson r across 29696 matched cortical vertices,descriptive ceiling; candidate reuse allowed
sub-24,left,78,0.0139065096154809,79,0.24190638959407806,1,0.01840346709926559,0.009344433422548122,0.00935221339720564,7,absolute Pearson r across 29696 matched cortical vertices,descriptive ceiling; candidate reuse allowed
sub-24,left,79,0.13100360333919525,80,0.2828421890735626,1,0.018571719597166775,0.00935221339720564,0.009522637872638266,7,absolute Pearson r across 29696 matched cortical vertices,descriptive ceiling; candidate reuse allowed
sub-24,left,80,0.0055320002138614655,78,0.21925699710845947,-2,0.018757059212192007,0.009522637872638266,0.009344433422548122,7,absolute Pearson r across 29696 matched cortical vertices,descriptive ceiling; candidate reuse allowed
sub-24,left,81,0.019999191164970398,75,0.2814803421497345,-6,0.019232289151369875,0.009575931443452637,0.00891656505138508,7,absolute Pearson r across 29696 matched cortical vertices,descriptive ceiling; candidate reuse allowed
sub-24,left,82,0.15841785073280334,87,0.28540119528770447,5,0.019639567522678404,0.009755712030630722,0.01029008382990731,7,absolute Pearson r across 29696 matched cortical vertices,descriptive ceiling; candidate reuse allowed
sub-24,left,83,0.007298620883375406,84,0.21197474002838135,1,0.019753204706037544,0.00987451003480769,0.00999951546228634,7,absolute Pearson r across 29696 matched cortical vertices,descriptive ceiling; candidate reuse allowed
sub-24,left,84,0.17667090892791748,77,0.24162843823432922,-7,0.020060049457248173,0.00999951546228634,0.009152849522002836,7,absolute Pearson r across 29696 matched cortical vertices,descriptive ceiling; candidate reuse allowed
sub-24,left,85,0.10609233379364014,91,0.2542482614517212,6,0.020206596216117152,0.010133242364727553,0.010875328387555365,7,absolute Pearson r across 29696 matched cortical vertices,descriptive ceiling; candidate reuse allowed
sub-24,left,86,0.20161426067352295,86,0.20161426067352295,0,0.020597647561743516,0.0102501045905834,0.0102501045905834,7,absolute Pearson r across 29696 matched cortical vertices,descriptive ceiling; candidate reuse allowed
sub-24,left,87,0.1872202306985855,91,0.2676325738430023,4,0.02063593248333373,0.01029008382990731,0.010875328387555365,7,absolute Pearson r across 29696 matched cortical vertices,descriptive ceiling; candidate reuse allowed
sub-24,left,88,0.13013224303722382,83,0.3686932921409607,-5,0.020957425272828907,0.010521450450813428,0.00987451003480769,8,absolute Pearson r across 29696 matched cortical vertices,descriptive ceiling; candidate reuse allowed
sub-24,left,89,0.006080523133277893,96,0.30019545555114746,7,0.021038558032899876,0.010580300236286125,0.011434708971418116,8,absolute Pearson r across 29696 matched cortical vertices,descriptive ceiling; candidate reuse allowed
sub-24,left,90,0.09442436695098877,87,0.17895084619522095,-3,0.02133446048101107,0.010739559722008055,0.01029008382990731,8,absolute Pearson r across 29696 matched cortical vertices,descriptive ceiling; candidate reuse allowed
sub-24,left,91,0.07553275674581528,93,0.28620874881744385,2,0.021392072533719872,0.010875328387555365,0.011105640463296982,8,absolute Pearson r across 29696 matched cortical vertices,descriptive ceiling; candidate reuse allowed
sub-24,left,92,0.1954861581325531,92,0.1954861581325531,0,0.02186895879832912,0.011035163226362036,0.011035163226362036,8,absolute Pearson r across 29696 matched cortical vertices,descriptive ceiling; candidate reuse allowed
sub-24,left,93,0.17522376775741577,92,0.29794153571128845,-1,0.02196371977876474,0.011105640463296982,0.011035163226362036,8,absolute Pearson r across 29696 matched cortical vertices,descriptive ceiling; candidate reuse allowed
sub-24,left,94,0.11390113085508347,97,0.20593315362930298,3,0.022475422945285074,0.01122302459427964,0.011518222205883272,8,absolute Pearson r across 29696 matched cortical vertices,descriptive ceiling; candidate reuse allowed
sub-24,left,95,0.05654009431600571,90,0.2738308310508728,-5,0.02261009428258423,0.01126500988220801,0.010739559722008055,8,absolute Pearson r across 29696 matched cortical vertices,descriptive ceiling; candidate reuse allowed
sub-24,left,96,0.1839676797389984,96,0.1839676797389984,0,0.023105862272115932,0.011434708971418116,0.011434708971418116,8,absolute Pearson r across 29696 matched cortical vertices,descriptive ceiling; candidate reuse allowed
sub-24,left,97,0.0046738795936107635,104,0.2296408861875534,7,0.02326749769552689,0.011518222205883272,0.01247302973463489,8,absolute Pearson r across 29696 matched cortical vertices,descriptive ceiling; candidate reuse allowed
sub-24,left,98,0.0436115637421608,104,0.26182252168655396,6,0.023448914073844876,0.011646776206025085,0.01247302973463489,8,absolute Pearson r across 29696 matched cortical vertices,descriptive ceiling; candidate reuse allowed
sub-24,left,99,0.032066844403743744,106,0.2368922084569931,7,0.02356913890590189,0.01181012891180863,0.01268943454564172,8,absolute Pearson r across 29696 matched cortical vertices,descriptive ceiling; candidate reuse allowed
sub-24,left,100,0.14827601611614227,108,0.2375783920288086,8,0.023914413198294696,0.011896572325154313,0.01283747948319631,8,absolute Pearson r across 29696 matched cortical vertices,descriptive ceiling; candidate reuse allowed
sub-24,left,101,0.13379235565662384,110,0.25029924511909485,9,0.024222277101975866,0.011973783143594144,0.013233418350917474,9,absolute Pearson r across 29696 matched cortical vertices,descriptive ceiling; candidate reuse allowed
sub-24,left,102,0.07378492504358292,100,0.26371750235557556,-2,0.02433752113607842,0.012161368937949295,0.011896572325154313,9,absolute Pearson r across 29696 matched cortical vertices,descriptive ceiling; candidate reuse allowed
sub-24,left,103,0.08921965956687927,109,0.2260446399450302,6,0.024519395108867685,0.012406249857239851,0.013019713656530601,9,absolute Pearson r across 29696 matched cortical vertices,descriptive ceiling; candidate reuse allowed
sub-24,left,104,0.20907871425151825,102,0.2312265932559967,-2,0.02483095823795925,0.01247302973463489,0.012161368937949295,9,absolute Pearson r across 29696 matched cortical vertices,descriptive ceiling; candidate reuse allowed
sub-24,left,105,0.11357400566339493,113,0.2135818749666214,8,0.025152860141817626,0.012531265090927316,0.013646054889613147,9,absolute Pearson r across 29696 matched cortical vertices,descriptive ceiling; candidate reuse allowed
sub-24,left,106,0.005508461035788059,101,0.1962887942790985,-5,0.02525849410403598,0.01268943454564172,0.011973783143594144,9,absolute Pearson r across 29696 matched cortical vertices,descriptive ceiling; candidate reuse allowed
sub-24,left,107,0.007982408627867699,109,0.19302816689014435,2,0.025392938636572424,0.012801547443946867,0.013019713656530601,9,absolute Pearson r across 29696 matched cortical vertices,descriptive ceiling; candidate reuse allowed
sub-24,left,108,0.06136423721909523,104,0.228090301156044,-4,0.02575865946031878,0.01283747948319631,0.01247302973463489,9,absolute Pearson r across 29696 matched cortical vertices,descriptive ceiling; candidate reuse allowed
sub-24,left,109,0.039869941771030426,117,0.19383271038532257,8,0.02597548000796949,0.013019713656530601,0.013946449527416136,9,absolute Pearson r across 29696 matched cortical vertices,descriptive ceiling; candidate reuse allowed
sub-24,left,110,0.05634850636124611,111,0.18650248646736145,1,0.026226081064210933,0.013233418350917474,0.013376593542913288,9,absolute Pearson r across 29696 matched cortical vertices,descriptive ceiling; candidate reuse allowed
sub-24,left,111,0.1372329443693161,110,0.20495817065238953,-1,0.02643665543560081,0.013376593542913288,0.013233418350917474,9,absolute Pearson r across 29696 matched cortical vertices,descriptive ceiling; candidate reuse allowed
sub-24,left,112,0.13136523962020874,111,0.16680680215358734,-1,0.02659218576167674,0.013434842712736086,0.013376593542913288,9,absolute Pearson r across 29696 matched cortical vertices,descriptive ceiling; candidate reuse allowed
sub-24,left,113,0.11220091581344604,111,0.11353477835655212,-2,0.02683045296741289,0.013646054889613147,0.013376593542913288,10,absolute Pearson r across 29696 matched cortical vertices,descriptive ceiling; candidate reuse allowed
sub-24,left,114,0.0668640062212944,108,0.255605012178421,-6,0.027508419244096395,0.013710269032646766,0.01283747948319631,10,absolute Pearson r across 29696 matched cortical vertices,descriptive ceiling; candidate reuse allowed
sub-24,left,115,0.2613821029663086,115,0.2613821029663086,0,0.02773287221106837,0.013781129923449946,0.013781129923449946,10,absolute Pearson r across 29696 matched cortical vertices,descriptive ceiling; candidate reuse allowed
sub-24,left,116,0.027653640136122704,114,0.1701030284166336,-2,0.027829998276731778,0.013869402687018589,0.013710269032646766,10,absolute Pearson r across 29696 matched cortical vertices,descriptive ceiling; candidate reuse allowed
sub-24,left,117,0.09065362811088562,113,0.2005470246076584,-4,0.02815284258099303,0.013946449527416136,0.013646054889613147,10,absolute Pearson r across 29696 matched cortical vertices,descriptive ceiling; candidate reuse allowed
sub-24,left,118,0.22209873795509338,118,0.22209873795509338,0,0.02832285114819459,0.014273177113597423,0.014273177113597423,10,absolute Pearson r across 29696 matched cortical vertices,descriptive ceiling; candidate reuse allowed
sub-24,left,119,0.06830713897943497,120,0.20198610424995422,1,0.028771090361315775,0.014288792019427057,0.014440066203023167,10,absolute Pearson r across 29696 matched cortical vertices,descriptive ceiling; candidate reuse allowed
sub-24,left,120,0.00319057353772223,118,0.2038266956806183,-2,0.02882083058288159,0.014440066203023167,0.014273177113597423,10,absolute Pearson r across 29696 matched cortical vertices,descriptive ceiling; candidate reuse allowed
sub-24,left,121,0.014488046057522297,128,0.20452186465263367,7,0.02896486927838513,0.014556142670918358,0.015309975904584274,10,absolute Pearson r across 29696 matched cortical vertices,descriptive ceiling; candidate reuse allowed
sub-24,left,122,0.008503232151269913,116,0.21196596324443817,-6,0.029238972278422606,0.014585850923047249,0.013869402687018589,10,absolute Pearson r across 29696 matched cortical vertices,descriptive ceiling; candidate reuse allowed
sub-24,left,123,0.25253650546073914,123,0.25253650546073914,0,0.029334414704985087,0.01463743724047076,0.01463743724047076,10,absolute Pearson r across 29696 matched cortical vertices,descriptive ceiling; candidate reuse allowed
sub-24,left,124,0.06194561347365379,123,0.288605660200119,-1,0.029523973959077514,0.014767611214401568,0.01463743724047076,10,absolute Pearson r across 29696 matched cortical vertices,descriptive ceiling; candidate reuse allowed
sub-24,left,125,0.12636470794677734,127,0.1305874139070511,2,0.029733846163295274,0.014874101345113888,0.015198126810070408,10,absolute Pearson r across 29696 matched cortical vertices,descriptive ceiling; candidate reuse allowed
sub-24,left,126,0.10095386952161789,135,0.1708473116159439,9,0.030040033262100432,0.014992656440769253,0.016287324929264102,11,absolute Pearson r across 29696 matched cortical vertices,descriptive ceiling; candidate reuse allowed
sub-24,left,127,0.1705884039402008,136,0.25952309370040894,9,0.030259780231272432,0.015198126810070408,0.01636789077751223,11,absolute Pearson r across 29696 matched cortical vertices,descriptive ceiling; candidate reuse allowed
sub-24,left,128,0.1322087198495865,134,0.26082414388656616,6,0.030485100151042777,0.015309975904584274,0.016132696619442062,11,absolute Pearson r across 29696 matched cortical vertices,descriptive ceiling; candidate reuse allowed
sub-24,left,129,0.13842588663101196,138,0.16639459133148193,9,0.031177764494722156,0.015454880051497416,0.016589131579769947,11,absolute Pearson r across 29696 matched cortical vertices,descriptive ceiling; candidate reuse allowed
sub-24,left,130,0.012487363070249557,126,0.21168136596679688,-4,0.03143015815300503,0.015546113475591641,0.014992656440769253,11,absolute Pearson r across 29696 matched cortical vertices,descriptive ceiling; candidate reuse allowed
sub-24,left,131,0.035097282379865646,132,0.3152257204055786,1,0.03154508088004278,0.015735104966752102,0.0158141805646851,11,absolute Pearson r across 29696 matched cortical vertices,descriptive ceiling; candidate reuse allowed
sub-24,left,132,0.0015423618024215102,129,0.18024632334709167,-3,0.03182125280591155,0.0158141805646851,0.015454880051497416,11,absolute Pearson r across 29696 matched cortical vertices,descriptive ceiling; candidate reuse allowed
sub-24,left,133,0.0068732695654034615,123,0.19491271674633026,-10,0.031978038762710354,0.01595007161812103,0.01463743724047076,11,absolute Pearson r across 29696 matched cortical vertices,descriptive ceiling; candidate reuse allowed
sub-24,left,134,0.016821913421154022,137,0.156160369515419,3,0.03214125622808523,0.016132696619442062,0.01649351479499201,11,absolute Pearson r across 29696 matched cortical vertices,descriptive ceiling; candidate reuse allowed
sub-24,left,135,0.06554605811834335,128,0.21015122532844543,-7,0.03238856553634026,0.016287324929264102,0.015309975904584274,11,absolute Pearson r across 29696 matched cortical vertices,descriptive ceiling; candidate reuse allowed
sub-24,left,136,0.11478151381015778,141,0.2502003610134125,5,0.03248595000007616,0.01636789077751223,0.016909807424228623,11,absolute Pearson r across 29696 matched cortical vertices,descriptive ceiling; candidate reuse allowed
sub-24,left,137,0.04662016034126282,132,0.23531077802181244,-5,0.03301202792721565,0.01649351479499201,0.0158141805646851,11,absolute Pearson r across 29696 matched cortical vertices,descriptive ceiling; candidate reuse allowed
sub-24,left,138,0.04245935380458832,132,0.1769915074110031,-6,0.0331037997325877,0.016589131579769947,0.0158141805646851,12,absolute Pearson r across 29696 matched cortical vertices,descriptive ceiling; candidate reuse allowed
sub-24,left,139,0.014923031441867352,147,0.17664510011672974,8,0.0334273247064478,0.01677465698302044,0.01777101589364769,12,absolute Pearson r across 29696 matched cortical vertices,descriptive ceiling; candidate reuse allowed
sub-24,left,140,0.052101150155067444,146,0.19368323683738708,6,0.03376677831824135,0.016858236358384987,0.017512877496877105,12,absolute Pearson r across 29696 matched cortical vertices,descriptive ceiling; candidate reuse allowed
sub-24,left,141,0.06874847412109375,149,0.1885281652212143,8,0.03392942022536159,0.016909807424228623,0.017941721014880736,12,absolute Pearson r across 29696 matched cortical vertices,descriptive ceiling; candidate reuse allowed
sub-24,left,142,0.03324713557958603,140,0.24913662672042847,-2,0.03411543446668295,0.016956677908471232,0.016858236358384987,12,absolute Pearson r across 29696 matched cortical vertices,descriptive ceiling; candidate reuse allowed
sub-24,left,143,0.12534672021865845,148,0.20612826943397522,5,0.034516125339646944,0.017191369716470485,0.017798011739699242,12,absolute Pearson r across 29696 matched cortical vertices,descriptive ceiling; candidate reuse allowed
sub-24,left,144,0.015421796590089798,141,0.25003582239151,-3,0.03482364203262871,0.01734895248420367,0.016909807424228623,12,absolute Pearson r across 29696 matched cortical vertices,descriptive ceiling; candidate reuse allowed
sub-24,left,145,0.0857580378651619,149,0.2347337156534195,4,0.03486087347727761,0.017478105055026623,0.017941721014880736,12,absolute Pearson r across 29696 matched cortical vertices,descriptive ceiling; candidate reuse allowed
sub-24,left,146,0.095624640583992,154,0.14085471630096436,8,0.03516909332129581,0.017512877496877105,0.01852799251077067,12,absolute Pearson r across 29696 matched cortical vertices,descriptive ceiling; candidate reuse allowed
sub-24,left,147,0.059158165007829666,143,0.19500641524791718,-4,0.03551199507980122,0.01777101589364769,0.017191369716470485,12,absolute Pearson r across 29696 matched cortical vertices,descriptive ceiling; candidate reuse allowed
sub-24,left,148,0.015139572322368622,136,0.2072155773639679,-12,0.03565526563886591,0.017798011739699242,0.01636789077751223,12,absolute Pearson r across 29696 matched cortical vertices,descriptive ceiling; candidate reuse allowed
sub-24,left,149,0.07510776072740555,159,0.15808255970478058,10,0.035893961174754824,0.017941721014880736,0.019201414354794687,12,absolute Pearson r across 29696 matched cortical vertices,descriptive ceiling; candidate reuse allowed
sub-24,left,150,0.05628402903676033,148,0.24252849817276,-2,0.036073043592799635,0.018107562425437554,0.017798011739699242,12,absolute Pearson r across 29696 matched cortical vertices,descriptive ceiling; candidate reuse allowed
sub-24,left,151,0.10123571008443832,164,0.20430538058280945,13,0.036293180371461356,0.018157021587466585,0.01981342230260659,13,absolute Pearson r across 29696 matched cortical vertices,descriptive ceiling; candidate reuse allowed
sub-24,left,152,0.06265950202941895,156,0.12671267986297607,4,0.03669721725365027,0.01830650060762301,0.01883504526426004,13,absolute Pearson r across 29696 matched cortical vertices,descriptive ceiling; candidate reuse allowed
sub-24,left,153,0.08143758773803711,145,0.14647407829761505,-8,0.03696272229501812,0.018390028082974977,0.017478105055026623,13,absolute Pearson r across 29696 matched cortical vertices,descriptive ceiling; candidate reuse allowed
sub-24,left,154,0.07373267412185669,142,0.17200353741645813,-12,0.03719457035329844,0.01852799251077067,0.016956677908471232,13,absolute Pearson r across 29696 matched cortical vertices,descriptive ceiling; candidate reuse allowed
sub-24,left,155,0.01678345538675785,149,0.18881551921367645,-6,0.03727534425695961,0.018551900868416828,0.017941721014880736,13,absolute Pearson r across 29696 matched cortical vertices,descriptive ceiling; candidate reuse allowed
sub-24,left,156,0.045110899955034256,164,0.22881339490413666,8,0.03770371275637724,0.01883504526426004,0.01981342230260659,13,absolute Pearson r across 29696 matched cortical vertices,descriptive ceiling; candidate reuse allowed
sub-24,left,157,0.09856405854225159,144,0.2638407349586487,-13,0.0378159016648179,0.018905207980278768,0.01734895248420367,13,absolute Pearson r across 29696 matched cortical vertices,descriptive ceiling; candidate reuse allowed
sub-24,left,158,0.13489583134651184,155,0.143842414021492,-3,0.03804680401134496,0.018944739460780645,0.018551900868416828,13,absolute Pearson r across 29696 matched cortical vertices,descriptive ceiling; candidate reuse allowed
sub-24,left,159,0.2366926670074463,159,0.2366926670074463,0,0.0382042503160877,0.019201414354794687,0.019201414354794687,13,absolute Pearson r across 29696 matched cortical vertices,descriptive ceiling; candidate reuse allowed
sub-24,left,160,0.04620494693517685,156,0.1920495480298996,-4,0.03863639400196557,0.019305132694248904,0.01883504526426004,13,absolute Pearson r across 29696 matched cortical vertices,descriptive ceiling; candidate reuse allowed
sub-24,left,161,0.04801274463534355,154,0.17350803315639496,-7,0.038887525972847004,0.019422501931295105,0.01852799251077067,13,absolute Pearson r across 29696 matched cortical vertices,descriptive ceiling; candidate reuse allowed
sub-24,left,162,0.017723042517900467,169,0.18057073652744293,7,0.03895959055729086,0.01956786818073998,0.02029746693825281,13,absolute Pearson r across 29696 matched cortical vertices,descriptive ceiling; candidate reuse allowed
sub-24,left,163,0.08425832539796829,157,0.2452261596918106,-6,0.03925372298404271,0.019738579069874453,0.018905207980278768,14,absolute Pearson r across 29696 matched cortical vertices,descriptive ceiling; candidate reuse allowed
sub-24,left,164,0.09016643464565277,166,0.19337940216064453,2,0.03955488422859197,0.01981342230260659,0.019895212798219458,14,absolute Pearson r across 29696 matched cortical vertices,descriptive ceiling; candidate reuse allowed
sub-24,left,165,0.00915259774774313,155,0.1888715773820877,-10,0.03965008586513196,0.019830919802339933,0.018551900868416828,14,absolute Pearson r across 29696 matched cortical vertices,descriptive ceiling; candidate reuse allowed
sub-24,left,166,0.01626208797097206,163,0.144545316696167,-3,0.0399229662114508,0.019895212798219458,0.019738579069874453,14,absolute Pearson r across 29696 matched cortical vertices,descriptive ceiling; candidate reuse allowed
sub-24,left,167,0.02091110311448574,158,0.16387763619422913,-9,0.04031152545356687,0.02000733314292124,0.018944739460780645,14,absolute Pearson r across 29696 matched cortical vertices,descriptive ceiling; candidate reuse allowed
sub-24,left,168,0.0067026372998952866,171,0.2344675213098526,3,0.04035882538070627,0.020147866868431057,0.02060051827549507,14,absolute Pearson r across 29696 matched cortical vertices,descriptive ceiling; candidate reuse allowed
sub-24,left,169,0.00210544909350574,172,0.13122621178627014,3,0.04091883675861155,0.02029746693825281,0.020744302699329975,14,absolute Pearson r across 29696 matched cortical vertices,descriptive ceiling; candidate reuse allowed
sub-24,left,170,0.029846278950572014,177,0.17405472695827484,7,0.04117593195553976,0.02047692555037222,0.021289065763059598,14,absolute Pearson r across 29696 matched cortical vertices,descriptive ceiling; candidate reuse allowed
sub-24,left,171,0.12458345293998718,178,0.17013585567474365,7,0.04140985014343669,0.02060051827549507,0.021515583421609072,14,absolute Pearson r across 29696 matched cortical vertices,descriptive ceiling; candidate reuse allowed
sub-24,left,172,0.05117693915963173,184,0.18663306534290314,12,0.041527132474479984,0.020744302699329975,0.02223573260199814,14,absolute Pearson r across 29696 matched cortical vertices,descriptive ceiling; candidate reuse allowed
sub-24,left,173,0.04159287363290787,177,0.15493103861808777,4,0.042017578156765406,0.020887051370619053,0.021289065763059598,14,absolute Pearson r across 29696 matched cortical vertices,descriptive ceiling; candidate reuse allowed
sub-24,left,174,0.07634922862052917,188,0.29140985012054443,14,0.04220444125448339,0.02094427489602426,0.02275139379086826,14,absolute Pearson r across 29696 matched cortical vertices,descriptive ceiling; candidate reuse allowed
sub-24,left,175,0.030533868819475174,176,0.27519187331199646,1,0.04224541466109692,0.0209981127116309,0.02114573939772116,14,absolute Pearson r across 29696 matched cortical vertices,descriptive ceiling; candidate reuse allowed
sub-24,left,176,0.05190768092870712,172,0.2544262409210205,-4,0.04243226707903413,0.02114573939772116,0.020744302699329975,15,absolute Pearson r across 29696 matched cortical vertices,descriptive ceiling; candidate reuse allowed
sub-24,left,177,0.05189702287316322,170,0.18453018367290497,-7,0.04265571795254405,0.021289065763059598,0.02047692555037222,15,absolute Pearson r across 29696 matched cortical vertices,descriptive ceiling; candidate reuse allowed
sub-24,left,178,0.022852445021271706,167,0.19616328179836273,-11,0.042912897987319905,0.021515583421609072,0.02000733314292124,15,absolute Pearson r across 29696 matched cortical vertices,descriptive ceiling; candidate reuse allowed
sub-24,left,179,0.14262230694293976,177,0.17425478994846344,-2,0.043229305720978974,0.021573908581931145,0.021289065763059598,15,absolute Pearson r across 29696 matched cortical vertices,descriptive ceiling; candidate reuse allowed
sub-24,left,180,0.023448454216122627,176,0.17326968908309937,-4,0.04348194238589736,0.02172851854910287,0.02114573939772116,15,absolute Pearson r across 29696 matched cortical vertices,descriptive ceiling; candidate reuse allowed
sub-24,left,181,0.0718868225812912,190,0.12740099430084229,9,0.04372778472837582,0.02182792856399999,0.02293723889883033,15,absolute Pearson r across 29696 matched cortical vertices,descriptive ceiling; candidate reuse allowed
sub-24,left,182,0.0007776683196425438,181,0.14487051963806152,-1,0.04403597077575843,0.02198179983627164,0.02182792856399999,15,absolute Pearson r across 29696 matched cortical vertices,descriptive ceiling; candidate reuse allowed
sub-24,left,183,0.03622924163937569,186,0.1541275978088379,3,0.04423076842208317,0.02209478158173605,0.022487797868520884,15,absolute Pearson r across 29696 matched cortical vertices,descriptive ceiling; candidate reuse allowed
sub-24,left,184,0.0045537278056144714,196,0.13180947303771973,12,0.044732442437411805,0.02223573260199814,0.023708332541278652,15,absolute Pearson r across 29696 matched cortical vertices,descriptive ceiling; candidate reuse allowed
sub-24,left,185,0.055535826832056046,198,0.15393903851509094,13,0.04490609526236775,0.0224521165881603,0.02401642104085771,15,absolute Pearson r across 29696 matched cortical vertices,descriptive ceiling; candidate reuse allowed
sub-24,left,186,0.09798213094472885,201,0.16427114605903625,15,0.04512530444543157,0.022487797868520884,0.024334973679345187,15,absolute Pearson r across 29696 matched cortical vertices,descriptive ceiling; candidate reuse allowed
sub-24,left,187,0.011952698230743408,184,0.1851704716682434,-3,0.04534499315997694,0.02257741677397339,0.02223573260199814,15,absolute Pearson r across 29696 matched cortical vertices,descriptive ceiling; candidate reuse allowed
sub-24,left,188,0.037342559546232224,195,0.14776410162448883,7,0.04559120824277144,0.02275139379086826,0.02366858502803195,16,absolute Pearson r across 29696 matched cortical vertices,descriptive ceiling; candidate reuse allowed
sub-24,left,189,0.040909186005592346,178,0.17440003156661987,-11,0.04571450133743099,0.022887705341060938,0.021515583421609072,16,absolute Pearson r across 29696 matched cortical vertices,descriptive ceiling; candidate reuse allowed
sub-24,left,190,0.014785027131438255,183,0.11457499116659164,-7,0.04602402899175144,0.02293723889883033,0.02209478158173605,16,absolute Pearson r across 29696 matched cortical vertices,descriptive ceiling; candidate reuse allowed
sub-24,left,191,0.13358516991138458,185,0.19173435866832733,-6,0.04629115299878713,0.023073170047700244,0.0224521165881603,16,absolute Pearson r across 29696 matched cortical vertices,descriptive ceiling; candidate reuse allowed
sub-24,left,192,0.06115168333053589,196,0.19427648186683655,4,0.0463402797656391,0.023183324210241933,0.023708332541278652,16,absolute Pearson r across 29696 matched cortical vertices,descriptive ceiling; candidate reuse allowed
sub-24,left,193,0.0948614850640297,194,0.15389275550842285,1,0.04670013797325994,0.023189717742068336,0.023538597237622035,16,absolute Pearson r across 29696 matched cortical vertices,descriptive ceiling; candidate reuse allowed
sub-24,left,194,0.1419978141784668,186,0.19499699771404266,-8,0.04692150397863794,0.023538597237622035,0.022487797868520884,16,absolute Pearson r across 29696 matched cortical vertices,descriptive ceiling; candidate reuse allowed
sub-24,left,195,0.01570158079266548,202,0.15348225831985474,7,0.047166654941909,0.02366858502803195,0.024519651368243064,16,absolute Pearson r across 29696 matched cortical vertices,descriptive ceiling; candidate reuse allowed
sub-24,left,196,0.05682000517845154,210,0.11539983749389648,14,0.04750879598982104,0.023708332541278652,0.025342410564253015,16,absolute Pearson r across 29696 matched cortical vertices,descriptive ceiling; candidate reuse allowed
sub-24,left,197,0.04827038571238518,203,0.1608738899230957,6,0.04765533547443929,0.023910653400030492,0.02459518894224237,16,absolute Pearson r across 29696 matched cortical vertices,descriptive ceiling; candidate reuse allowed
sub-24,left,198,0.007792296353727579,192,0.1237519383430481,-6,0.047820339622427085,0.02401642104085771,0.023183324210241933,16,absolute Pearson r across 29696 matched cortical vertices,descriptive ceiling; candidate reuse allowed
sub-24,left,199,0.022666875272989273,204,0.1789008229970932,5,0.048169698181113496,0.02406475305869169,0.024676185867867274,16,absolute Pearson r across 29696 matched cortical vertices,descriptive ceiling; candidate reuse allowed
sub-24,left,200,0.0011595143005251884,189,0.14499905705451965,-11,0.04842800684942093,0.02420004087777869,0.022887705341060938,16,absolute Pearson r across 29696 matched cortical vertices,descriptive ceiling; candidate reuse allowed
sub-24,left,201,0.02086670882999897,200,0.14721496403217316,-1,0.048540486076920034,0.024334973679345187,0.02420004087777869,17,absolute Pearson r across 29696 matched cortical vertices,descriptive ceiling; candidate reuse allowed
sub-24,left,202,0.04476695880293846,193,0.22540774941444397,-9,0.04874328620258722,0.024519651368243064,0.023189717742068336,17,absolute Pearson r across 29696 matched cortical vertices,descriptive ceiling; candidate reuse allowed
sub-24,left,203,0.05482080206274986,198,0.13280747830867767,-5,0.04930484573067623,0.02459518894224237,0.02401642104085771,17,absolute Pearson r across 29696 matched cortical vertices,descriptive ceiling; candidate reuse allowed
sub-24,left,204,0.06664184480905533,216,0.12306593358516693,12,0.04968156687348429,0.024676185867867274,0.026189356397250965,17,absolute Pearson r across 29696 matched cortical vertices,descriptive ceiling; candidate reuse allowed
sub-24,left,205,0.031395770609378815,193,0.17794878780841827,-12,0.049807808697550006,0.02470296779778524,0.023189717742068336,17,absolute Pearson r across 29696 matched cortical vertices,descriptive ceiling; candidate reuse allowed
sub-24,left,206,0.06063036620616913,222,0.14183320105075836,16,0.05022010921670434,0.024763460759608003,0.026824319646561214,17,absolute Pearson r across 29696 matched cortical vertices,descriptive ceiling; candidate reuse allowed
sub-24,left,207,0.015381732024252415,218,0.15705561637878418,11,0.05031061665951305,0.024872032152452428,0.02633444400170721,17,absolute Pearson r across 29696 matched cortical vertices,descriptive ceiling; candidate reuse allowed
sub-24,left,208,0.06293907761573792,213,0.12879490852355957,5,0.0504788955721791,0.025067781757666704,0.02578055290545528,17,absolute Pearson r across 29696 matched cortical vertices,descriptive ceiling; candidate reuse allowed
sub-24,left,209,0.08489711582660675,199,0.14999906718730927,-10,0.05078539222289024,0.025211905984154043,0.02406475305869169,17,absolute Pearson r across 29696 matched cortical vertices,descriptive ceiling; candidate reuse allowed
sub-24,left,210,0.0034709731116890907,203,0.18199464678764343,-7,0.05097182645895789,0.025342410564253015,0.02459518894224237,17,absolute Pearson r across 29696 matched cortical vertices,descriptive ceiling; candidate reuse allowed
sub-24,left,211,0.10865377634763718,223,0.14562058448791504,12,0.05135285732530878,0.025537138871412124,0.026954702714481325,17,absolute Pearson r across 29696 matched cortical vertices,descriptive ceiling; candidate reuse allowed
sub-24,left,212,0.004100691992789507,205,0.18076182901859283,-7,0.05143895309106923,0.025701518234056184,0.02470296779778524,17,absolute Pearson r across 29696 matched cortical vertices,descriptive ceiling; candidate reuse allowed
sub-24,left,213,0.08227360248565674,228,0.18590989708900452,15,0.05176908147038924,0.02578055290545528,0.027687520241077283,18,absolute Pearson r across 29696 matched cortical vertices,descriptive ceiling; candidate reuse allowed
sub-24,left,214,0.016571346670389175,222,0.12268631905317307,8,0.05199640022150041,0.02592043326520311,0.026824319646561214,18,absolute Pearson r across 29696 matched cortical vertices,descriptive ceiling; candidate reuse allowed
sub-24,left,215,0.03670733422040939,219,0.1694437563419342,4,0.05213179731290011,0.02606977260664435,0.026491545090941322,18,absolute Pearson r across 29696 matched cortical vertices,descriptive ceiling; candidate reuse allowed
sub-24,left,216,0.1009867936372757,209,0.16879436373710632,-7,0.052436376695679465,0.026189356397250965,0.025211905984154043,18,absolute Pearson r across 29696 matched cortical vertices,descriptive ceiling; candidate reuse allowed
sub-24,left,217,0.04294514283537865,205,0.14020822942256927,-12,0.05274250707420928,0.026243131720094404,0.02470296779778524,18,absolute Pearson r across 29696 matched cortical vertices,descriptive ceiling; candidate reuse allowed
sub-24,left,218,0.01577601209282875,234,0.130885049700737,16,0.052857913429872776,0.02633444400170721,0.0284014112913413,18,absolute Pearson r across 29696 matched cortical vertices,descriptive ceiling; candidate reuse allowed
sub-24,left,219,0.09664333611726761,232,0.14109042286872864,13,0.053167790840038635,0.026491545090941322,0.02807892663320572,18,absolute Pearson r across 29696 matched cortical vertices,descriptive ceiling; candidate reuse allowed
sub-24,left,220,0.07638702541589737,205,0.14498353004455566,-15,0.05320944900949883,0.02660309994291854,0.02470296779778524,18,absolute Pearson r across 29696 matched cortical vertices,descriptive ceiling; candidate reuse allowed
sub-24,left,221,0.08190540969371796,207,0.16543874144554138,-14,0.0536968558966445,0.026726962294351377,0.024872032152452428,18,absolute Pearson r across 29696 matched cortical vertices,descriptive ceiling; candidate reuse allowed
sub-24,left,222,0.003930777311325073,236,0.14999288320541382,14,0.05386971482714554,0.026824319646561214,0.0286460408631845,18,absolute Pearson r across 29696 matched cortical vertices,descriptive ceiling; candidate reuse allowed
sub-24,left,223,0.018413780257105827,236,0.1571386158466339,13,0.05393169317596786,0.026954702714481325,0.0286460408631845,18,absolute Pearson r across 29696 matched cortical vertices,descriptive ceiling; candidate reuse allowed
sub-24,left,224,0.08004433661699295,235,0.15145321190357208,11,0.05423874322991474,0.027048115299916922,0.028480965240464014,18,absolute Pearson r across 29696 matched cortical vertices,descriptive ceiling; candidate reuse allowed
sub-24,left,225,0.006156705319881439,240,0.13572072982788086,15,0.054647886622796314,0.027251302356425616,0.029020830579561223,18,absolute Pearson r across 29696 matched cortical vertices,descriptive ceiling; candidate reuse allowed
sub-24,left,226,0.16329896450042725,226,0.16329896450042725,0,0.05498454015780071,0.0274331676190884,0.0274331676190884,19,absolute Pearson r across 29696 matched cortical vertices,descriptive ceiling; candidate reuse allowed
sub-24,left,227,0.05666922405362129,226,0.12478886544704437,-1,0.05516577551208996,0.027608104486885228,0.0274331676190884,19,absolute Pearson r across 29696 matched cortical vertices,descriptive ceiling; candidate reuse allowed
sub-24,left,228,0.07246892899274826,225,0.16987091302871704,-3,0.055522692345454296,0.027687520241077283,0.027251302356425616,19,absolute Pearson r across 29696 matched cortical vertices,descriptive ceiling; candidate reuse allowed
sub-24,left,229,0.03964316472411156,246,0.10997389256954193,17,0.05591552290210141,0.02776502692190625,0.02985452351161432,19,absolute Pearson r across 29696 matched cortical vertices,descriptive ceiling; candidate reuse allowed
sub-24,left,230,0.06400595605373383,214,0.2133503258228302,-16,0.05611738486807188,0.027836410536812226,0.02592043326520311,19,absolute Pearson r across 29696 matched cortical vertices,descriptive ceiling; candidate reuse allowed
sub-24,left,231,0.006767052225768566,232,0.12072744220495224,1,0.056408236228441676,0.028037678669495317,0.02807892663320572,19,absolute Pearson r across 29696 matched cortical vertices,descriptive ceiling; candidate reuse allowed
sub-24,left,232,0.06846841424703598,248,0.17253896594047546,16,0.05644604176959834,0.02807892663320572,0.030044884664694356,19,absolute Pearson r across 29696 matched cortical vertices,descriptive ceiling; candidate reuse allowed
sub-24,left,233,0.07895584404468536,218,0.13027165830135345,-15,0.05698412331673932,0.02820811572357633,0.02633444400170721,19,absolute Pearson r across 29696 matched cortical vertices,descriptive ceiling; candidate reuse allowed
sub-24,left,234,0.033929720520973206,229,0.1891002058982849,-5,0.05710852016657427,0.0284014112913413,0.02776502692190625,19,absolute Pearson r across 29696 matched cortical vertices,descriptive ceiling; candidate reuse allowed
sub-24,left,235,0.0029686579946428537,219,0.18063759803771973,-16,0.05724373703583257,0.028480965240464014,0.026491545090941322,19,absolute Pearson r across 29696 matched cortical vertices,descriptive ceiling; candidate reuse allowed
sub-24,left,236,0.004402393940836191,228,0.12440478801727295,-8,0.057470823742643264,0.0286460408631845,0.027687520241077283,19,absolute Pearson r across 29696 matched cortical vertices,descriptive ceiling; candidate reuse allowed
sub-24,left,237,0.006744168233126402,253,0.14313896000385284,16,0.057787496004295606,0.028715963209201785,0.030730515667825913,19,absolute Pearson r across 29696 matched cortical vertices,descriptive ceiling; candidate reuse allowed
sub-24,left,238,0.07672732323408127,258,0.15682357549667358,20,0.057884145409137756,0.028769770786892974,0.031204684986690462,20,absolute Pearson r across 29696 matched cortical vertices,descriptive ceiling; candidate reuse allowed
sub-24,left,239,0.011395681649446487,250,0.19693925976753235,11,0.05801774628016012,0.02888708044341045,0.030402391131296322,20,absolute Pearson r across 29696 matched cortical vertices,descriptive ceiling; candidate reuse allowed
sub-24,left,240,0.025086548179388046,222,0.15970613062381744,-18,0.05842783295568348,0.029020830579561223,0.026824319646561214,20,absolute Pearson r across 29696 matched cortical vertices,descriptive ceiling; candidate reuse allowed
sub-24,left,241,0.08710120618343353,261,0.12472430616617203,20,0.0585281392268986,0.02925803825517808,0.03165749544598652,20,absolute Pearson r across 29696 matched cortical vertices,descriptive ceiling; candidate reuse allowed
sub-24,left,242,0.058039288967847824,262,0.1104343831539154,20,0.058939750727229186,0.029327892134159907,0.03183810606282321,20,absolute Pearson r across 29696 matched cortical vertices,descriptive ceiling; candidate reuse allowed
sub-24,left,243,0.0825476348400116,235,0.17295898497104645,-8,0.059289252699078,0.029548473875135567,0.028480965240464014,20,absolute Pearson r across 29696 matched cortical vertices,descriptive ceiling; candidate reuse allowed
sub-24,left,244,0.05504893511533737,228,0.11979565024375916,-16,0.059536119765279207,0.029559954861986593,0.027687520241077283,20,absolute Pearson r across 29696 matched cortical vertices,descriptive ceiling; candidate reuse allowed
sub-24,left,245,0.012441230937838554,240,0.16954271495342255,-5,0.05960772592167924,0.029676386735795937,0.029020830579561223,20,absolute Pearson r across 29696 matched cortical vertices,descriptive ceiling; candidate reuse allowed
sub-24,left,246,0.024306191131472588,240,0.16588780283927917,-6,0.060007217346384624,0.02985452351161432,0.029020830579561223,20,absolute Pearson r across 29696 matched cortical vertices,descriptive ceiling; candidate reuse allowed
sub-24,left,247,0.000598829472437501,260,0.12778447568416595,13,0.0601112975553972,0.029966639002260216,0.031475316748996035,20,absolute Pearson r across 29696 matched cortical vertices,descriptive ceiling; candidate reuse allowed
sub-24,left,248,0.03484819456934929,238,0.10846761614084244,-10,0.06035180372512348,0.030044884664694356,0.028769770786892974,20,absolute Pearson r across 29696 matched cortical vertices,descriptive ceiling; candidate reuse allowed
sub-24,left,249,0.007534838281571865,246,0.16989758610725403,-3,0.0605193654442664,0.03013876844767642,0.02985452351161432,20,absolute Pearson r across 29696 matched cortical vertices,descriptive ceiling; candidate reuse allowed
sub-24,left,250,0.020189015194773674,231,0.14374716579914093,-19,0.0608378755868876,0.030402391131296322,0.028037678669495317,20,absolute Pearson r across 29696 matched cortical vertices,descriptive ceiling; candidate reuse allowed
sub-24,left,251,0.10423819720745087,268,0.14880730211734772,17,0.061096126439780706,0.03052509914109311,0.03266169801636235,21,absolute Pearson r across 29696 matched cortical vertices,descriptive ceiling; candidate reuse allowed
sub-24,left,252,0.012942884117364883,265,0.14431260526180267,13,0.061204105309377844,0.030696652254250126,0.03216418091689855,21,absolute Pearson r across 29696 matched cortical vertices,descriptive ceiling; candidate reuse allowed
sub-24,left,253,0.05767356604337692,239,0.11081412434577942,-14,0.06150093589244746,0.030730515667825913,0.02888708044341045,21,absolute Pearson r across 29696 matched cortical vertices,descriptive ceiling; candidate reuse allowed
sub-24,left,254,0.029817920178174973,233,0.1748332530260086,-21,0.061687604845728765,0.030909361032008177,0.02820811572357633,21,absolute Pearson r across 29696 matched cortical vertices,descriptive ceiling; candidate reuse allowed
sub-24,left,255,0.010636788792908192,267,0.12023013085126877,12,0.06211532879358638,0.030971963955613267,0.03251203470970376,21,absolute Pearson r across 29696 matched cortical vertices,descriptive ceiling; candidate reuse allowed
sub-24,left,256,0.04280342534184456,235,0.15253610908985138,-21,0.0625745464602998,0.031058484968345595,0.028480965240464014,21,absolute Pearson r across 29696 matched cortical vertices,descriptive ceiling; candidate reuse allowed
sub-24,left,257,0.0016802685568109155,238,0.13968297839164734,-19,0.06267347297048569,0.031186359804918427,0.028769770786892974,21,absolute Pearson r across 29696 matched cortical vertices,descriptive ceiling; candidate reuse allowed
sub-24,left,258,0.07023552805185318,255,0.1527283936738968,-3,0.06296483888140676,0.031204684986690462,0.030971963955613267,21,absolute Pearson r across 29696 matched cortical vertices,descriptive ceiling; candidate reuse allowed
sub-24,left,259,0.06103367730975151,239,0.1820882111787796,-20,0.06311761729874385,0.0314147312206892,0.02888708044341045,21,absolute Pearson r across 29696 matched cortical vertices,descriptive ceiling; candidate reuse allowed
sub-24,left,260,0.062028974294662476,245,0.1457899659872055,-15,0.06325200080771265,0.031475316748996035,0.029676386735795937,21,absolute Pearson r across 29696 matched cortical vertices,descriptive ceiling; candidate reuse allowed
sub-24,left,261,0.0955643355846405,267,0.15157382190227509,6,0.06377241989652244,0.03165749544598652,0.03251203470970376,21,absolute Pearson r across 29696 matched cortical vertices,descriptive ceiling; candidate reuse allowed
sub-24,left,262,0.03234422206878662,245,0.11133028566837311,-17,0.06395261838424011,0.03183810606282321,0.029676386735795937,21,absolute Pearson r across 29696 matched cortical vertices,descriptive ceiling; candidate reuse allowed
sub-24,left,263,0.02480929158627987,276,0.1712753027677536,13,0.06399861992473785,0.03195163983982236,0.033502006224357034,22,absolute Pearson r across 29696 matched cortical vertices,descriptive ceiling; candidate reuse allowed
sub-24,left,264,0.08337810635566711,245,0.10642784088850021,-19,0.0644494038324227,0.03197851530553786,0.029676386735795937,22,absolute Pearson r across 29696 matched cortical vertices,descriptive ceiling; candidate reuse allowed
sub-24,left,265,0.05632326379418373,245,0.1346358358860016,-20,0.06470018813889289,0.03216418091689855,0.029676386735795937,22,absolute Pearson r across 29696 matched cortical vertices,descriptive ceiling; candidate reuse allowed
sub-24,left,266,0.08334854245185852,246,0.15317659080028534,-20,0.06496308907125341,0.032345296164542243,0.02985452351161432,22,absolute Pearson r across 29696 matched cortical vertices,descriptive ceiling; candidate reuse allowed
sub-24,left,267,0.09739090502262115,266,0.14186173677444458,-1,0.06529341495070257,0.03251203470970376,0.032345296164542243,22,absolute Pearson r across 29696 matched cortical vertices,descriptive ceiling; candidate reuse allowed
sub-24,left,268,0.011851128190755844,276,0.15478746592998505,8,0.06538551436971514,0.03266169801636235,0.033502006224357034,22,absolute Pearson r across 29696 matched cortical vertices,descriptive ceiling; candidate reuse allowed
sub-24,left,269,0.030100498348474503,283,0.12618783116340637,14,0.06560277726906356,0.03281233073702888,0.0345054311836781,22,absolute Pearson r across 29696 matched cortical vertices,descriptive ceiling; candidate reuse allowed
sub-24,left,270,0.07614121586084366,259,0.1536431461572647,-11,0.06607473827715434,0.03287364364536937,0.0314147312206892,22,absolute Pearson r across 29696 matched cortical vertices,descriptive ceiling; candidate reuse allowed
sub-24,left,271,0.040687158703804016,260,0.20648515224456787,-11,0.06622550161639293,0.03296270479234131,0.031475316748996035,22,absolute Pearson r across 29696 matched cortical vertices,descriptive ceiling; candidate reuse allowed
sub-24,left,272,0.02253412827849388,276,0.13668915629386902,4,0.06635891677102979,0.033034841800528125,0.033502006224357034,22,absolute Pearson r across 29696 matched cortical vertices,descriptive ceiling; candidate reuse allowed
sub-24,left,273,0.05900071933865547,284,0.13357743620872498,11,0.0666271761541737,0.033171525790304524,0.03471878595776407,22,absolute Pearson r across 29696 matched cortical vertices,descriptive ceiling; candidate reuse allowed
sub-24,left,274,0.04140838235616684,262,0.10646304488182068,-12,0.06669985408993867,0.03328292925875279,0.03183810606282321,22,absolute Pearson r across 29696 matched cortical vertices,descriptive ceiling; candidate reuse allowed
sub-24,left,275,0.016732217743992805,260,0.14652912318706512,-15,0.06707537839807207,0.033445563751907055,0.031475316748996035,22,absolute Pearson r across 29696 matched cortical vertices,descriptive ceiling; candidate reuse allowed
sub-24,left,276,0.004170163534581661,260,0.1372973471879959,-16,0.06775524842271705,0.033502006224357034,0.031475316748996035,23,absolute Pearson r across 29696 matched cortical vertices,descriptive ceiling; candidate reuse allowed
sub-24,left,277,0.04929439723491669,257,0.14683637022972107,-20,0.06780881795936994,0.033691692221028774,0.031186359804918427,23,absolute Pearson r across 29696 matched cortical vertices,descriptive ceiling; candidate reuse allowed
sub-24,left,278,0.046992603689432144,260,0.11450330168008804,-18,0.06788913491622385,0.03385169229712869,0.031475316748996035,23,absolute Pearson r across 29696 matched cortical vertices,descriptive ceiling; candidate reuse allowed
sub-24,left,279,0.04079904779791832,263,0.18542884290218353,-16,0.06804807465937243,0.03405542118936584,0.03195163983982236,23,absolute Pearson r across 29696 matched cortical vertices,descriptive ceiling; candidate reuse allowed
sub-24,left,280,0.019557707011699677,292,0.1399003118276596,12,0.0684323974286637,0.034152143390360906,0.03556791171267835,23,absolute Pearson r across 29696 matched cortical vertices,descriptive ceiling; candidate reuse allowed
sub-24,left,281,0.0014947415329515934,258,0.11001639068126678,-23,0.06866716021279365,0.03416664583069464,0.031204684986690462,23,absolute Pearson r across 29696 matched cortical vertices,descriptive ceiling; candidate reuse allowed
sub-24,left,282,0.010143181309103966,272,0.16154122352600098,-10,0.06882195863859397,0.03429797063722335,0.033034841800528125,23,absolute Pearson r across 29696 matched cortical vertices,descriptive ceiling; candidate reuse allowed
sub-24,left,283,0.05217602103948593,297,0.1287030279636383,14,0.06918083893850775,0.0345054311836781,0.03626676201963572,23,absolute Pearson r across 29696 matched cortical vertices,descriptive ceiling; candidate reuse allowed
sub-24,left,284,0.009193268604576588,275,0.147241473197937,-9,0.069302232683353,0.03471878595776407,0.033445563751907055,23,absolute Pearson r across 29696 matched cortical vertices,descriptive ceiling; candidate reuse allowed
sub-24,left,285,0.013199087232351303,300,0.125218465924263,15,0.06968969399791965,0.03477203434632225,0.036548423194097505,23,absolute Pearson r across 29696 matched cortical vertices,descriptive ceiling; candidate reuse allowed
sub-24,left,286,0.03950782120227814,265,0.10747730731964111,-21,0.0698906549013647,0.03495204817632675,0.03216418091689855,23,absolute Pearson r across 29696 matched cortical vertices,descriptive ceiling; candidate reuse allowed
sub-24,left,287,0.09289607405662537,264,0.14146791398525238,-23,0.0700878197502426,0.03500845044429342,0.03197851530553786,23,absolute Pearson r across 29696 matched cortical vertices,descriptive ceiling; candidate reuse allowed
sub-24,left,288,0.04428733140230179,289,0.14222444593906403,1,0.07038822570994603,0.035166467091863184,0.03518466633419726,24,absolute Pearson r across 29696 matched cortical vertices,descriptive ceiling; candidate reuse allowed
sub-24,left,289,0.07306040823459625,307,0.09932117164134979,18,0.0705249330964488,0.03518466633419726,0.03741331448689085,24,absolute Pearson r across 29696 matched cortical vertices,descriptive ceiling; candidate reuse allowed
sub-24,left,290,0.06672609597444534,275,0.1593378186225891,-15,0.07085478206389086,0.03536245531953605,0.033445563751907055,24,absolute Pearson r across 29696 matched cortical vertices,descriptive ceiling; candidate reuse allowed
sub-24,left,291,0.04265080392360687,270,0.19490884244441986,-21,0.07098976212352756,0.0354695987694351,0.03287364364536937,24,absolute Pearson r across 29696 matched cortical vertices,descriptive ceiling; candidate reuse allowed
sub-24,left,292,0.06738826632499695,311,0.1157190129160881,19,0.07117691387772726,0.03556791171267835,0.03788766428950715,24,absolute Pearson r across 29696 matched cortical vertices,descriptive ceiling; candidate reuse allowed
sub-24,left,293,0.0365985706448555,307,0.11543149501085281,14,0.07151659809995274,0.035603084434409224,0.03741331448689085,24,absolute Pearson r across 29696 matched cortical vertices,descriptive ceiling; candidate reuse allowed
sub-24,left,294,0.03785472735762596,280,0.12823989987373352,-14,0.07191050721824616,0.03571463475913189,0.034152143390360906,24,absolute Pearson r across 29696 matched cortical vertices,descriptive ceiling; candidate reuse allowed
sub-24,left,295,0.02784050814807415,288,0.11002390831708908,-7,0.07203821365953844,0.03595406995069595,0.035166467091863184,24,absolute Pearson r across 29696 matched cortical vertices,descriptive ceiling; candidate reuse allowed
sub-24,left,296,0.009529201313853264,290,0.13858290016651154,-6,0.07225691703025204,0.03619459325188392,0.03536245531953605,24,absolute Pearson r across 29696 matched cortical vertices,descriptive ceiling; candidate reuse allowed
sub-24,left,297,0.024767810478806496,283,0.12145494669675827,-14,0.07276204551732753,0.03626676201963572,0.0345054311836781,24,absolute Pearson r across 29696 matched cortical vertices,descriptive ceiling; candidate reuse allowed
sub-24,left,298,0.044211797416210175,281,0.22603771090507507,-17,0.07305190541228682,0.03639772280353997,0.03416664583069464,24,absolute Pearson r across 29696 matched cortical vertices,descriptive ceiling; candidate reuse allowed
sub-24,left,299,0.06209525465965271,289,0.1591249406337738,-10,0.07311258310356336,0.036452420949883456,0.03518466633419726,24,absolute Pearson r across 29696 matched cortical vertices,descriptive ceiling; candidate reuse allowed
sub-24,left,300,0.043729037046432495,289,0.1643044352531433,-11,0.07344139650288689,0.036548423194097505,0.03518466633419726,24,absolute Pearson r across 29696 matched cortical vertices,descriptive ceiling; candidate reuse allowed
sub-24,left,301,0.010111968964338303,292,0.18149334192276,-9,0.07363243427834756,0.03672521343988897,0.03556791171267835,25,absolute Pearson r across 29696 matched cortical vertices,descriptive ceiling; candidate reuse allowed
sub-24,left,302,0.015995420515537262,312,0.15811769664287567,10,0.07394727085696554,0.03690340658030222,0.03805620925016529,25,absolute Pearson r across 29696 matched cortical vertices,descriptive ceiling; candidate reuse allowed
sub-24,left,303,0.11315484344959259,303,0.11315484344959259,0,0.07422923566025266,0.03697462740880102,0.03697462740880102,25,absolute Pearson r across 29696 matched cortical vertices,descriptive ceiling; candidate reuse allowed
sub-24,left,304,0.027680156752467155,322,0.08707085996866226,18,0.07436166572580134,0.03704446061492683,0.039405301994967126,25,absolute Pearson r across 29696 matched cortical vertices,descriptive ceiling; candidate reuse allowed
sub-24,left,305,0.09422378987073898,330,0.16751204431056976,25,0.0744859275924415,0.03718441397468518,0.04045577674706881,25,absolute Pearson r across 29696 matched cortical vertices,descriptive ceiling; candidate reuse allowed
sub-24,left,306,0.0704287439584732,284,0.11130403727293015,-22,0.07468256993900983,0.03728618553162347,0.03471878595776407,25,absolute Pearson r across 29696 matched cortical vertices,descriptive ceiling; candidate reuse allowed
sub-24,left,307,0.011761922389268875,315,0.13924537599086761,8,0.0750102572827517,0.03741331448689085,0.03846678777889792,25,absolute Pearson r across 29696 matched cortical vertices,descriptive ceiling; candidate reuse allowed
sub-24,left,308,0.07577991485595703,290,0.13114488124847412,-18,0.07515394006743756,0.037582249999671906,0.03536245531953605,25,absolute Pearson r across 29696 matched cortical vertices,descriptive ceiling; candidate reuse allowed
sub-24,left,309,0.008794992230832577,312,0.12036208063364029,3,0.07580501911098499,0.03763591267155896,0.03805620925016529,25,absolute Pearson r across 29696 matched cortical vertices,descriptive ceiling; candidate reuse allowed
sub-24,left,310,0.08677246421575546,323,0.09622935950756073,13,0.07597145165893235,0.037718355969528064,0.0394581435706166,25,absolute Pearson r across 29696 matched cortical vertices,descriptive ceiling; candidate reuse allowed
sub-24,left,311,0.022557847201824188,298,0.16304416954517365,-13,0.07615569556660806,0.03788766428950715,0.03639772280353997,25,absolute Pearson r across 29696 matched cortical vertices,descriptive ceiling; candidate reuse allowed
sub-24,left,312,0.07255950570106506,327,0.11868245154619217,15,0.07644864805334362,0.03805620925016529,0.03995815688481124,25,absolute Pearson r across 29696 matched cortical vertices,descriptive ceiling; candidate reuse allowed
sub-24,left,313,0.03663410618901253,291,0.12273149937391281,-22,0.07661810579548105,0.038206321003305135,0.0354695987694351,26,absolute Pearson r across 29696 matched cortical vertices,descriptive ceiling; candidate reuse allowed
sub-24,left,314,0.08622197061777115,315,0.13397693634033203,1,0.07713488480320842,0.038379830040869645,0.03846678777889792,26,absolute Pearson r across 29696 matched cortical vertices,descriptive ceiling; candidate reuse allowed
sub-24,left,315,0.04574025794863701,290,0.12257784605026245,-25,0.07733614770209299,0.03846678777889792,0.03536245531953605,26,absolute Pearson r across 29696 matched cortical vertices,descriptive ceiling; candidate reuse allowed
sub-24,left,316,0.1008993461728096,301,0.13473336398601532,-15,0.07742723827125073,0.03870592684611329,0.03672521343988897,26,absolute Pearson r across 29696 matched cortical vertices,descriptive ceiling; candidate reuse allowed
sub-24,left,317,0.0019891136325895786,339,0.10787469893693924,22,0.07760843496801742,0.03872404566171412,0.04148419841742145,26,absolute Pearson r across 29696 matched cortical vertices,descriptive ceiling; candidate reuse allowed
sub-24,left,318,0.022827140986919403,309,0.13504955172538757,-9,0.0779593749285967,0.03883327411256817,0.03763591267155896,26,absolute Pearson r across 29696 matched cortical vertices,descriptive ceiling; candidate reuse allowed
sub-24,left,319,0.000796981155872345,295,0.13143745064735413,-24,0.07825078590100865,0.038900884993477505,0.03595406995069595,26,absolute Pearson r across 29696 matched cortical vertices,descriptive ceiling; candidate reuse allowed
sub-24,left,320,0.07423824816942215,299,0.1379474252462387,-21,0.07856869821189238,0.039274331248735195,0.036452420949883456,26,absolute Pearson r across 29696 matched cortical vertices,descriptive ceiling; candidate reuse allowed
sub-24,left,321,0.11430144309997559,308,0.14636266231536865,-13,0.07882369588309165,0.03932841138616678,0.037582249999671906,26,absolute Pearson r across 29696 matched cortical vertices,descriptive ceiling; candidate reuse allowed
sub-24,left,322,0.04348723962903023,299,0.1397843062877655,-23,0.07899061951837578,0.039405301994967126,0.036452420949883456,26,absolute Pearson r across 29696 matched cortical vertices,descriptive ceiling; candidate reuse allowed
sub-24,left,323,0.027368389070034027,330,0.1609952300786972,7,0.07924433447627452,0.0394581435706166,0.04045577674706881,26,absolute Pearson r across 29696 matched cortical vertices,descriptive ceiling; candidate reuse allowed
sub-24,left,324,0.007325096055865288,350,0.1352013200521469,26,0.07937420940261979,0.03946353768418711,0.0429101213824051,26,absolute Pearson r across 29696 matched cortical vertices,descriptive ceiling; candidate reuse allowed
sub-24,left,325,0.08090776205062866,304,0.14115749299526215,-21,0.07946316854271347,0.039763083517605276,0.03704446061492683,26,absolute Pearson r across 29696 matched cortical vertices,descriptive ceiling; candidate reuse allowed
sub-24,left,326,0.0641690194606781,316,0.12316563725471497,-10,0.07989272658685771,0.039827518290250885,0.03870592684611329,27,absolute Pearson r across 29696 matched cortical vertices,descriptive ceiling; candidate reuse allowed
sub-24,left,327,0.020977819338440895,311,0.11109742522239685,-16,0.08015045207401146,0.03995815688481124,0.03788766428950715,27,absolute Pearson r across 29696 matched cortical vertices,descriptive ceiling; candidate reuse allowed
sub-24,left,328,0.059543292969465256,341,0.12300123274326324,13,0.08026407420531949,0.04018569482057552,0.041832339701316106,27,absolute Pearson r across 29696 matched cortical vertices,descriptive ceiling; candidate reuse allowed
sub-24,left,329,0.0009803799912333488,354,0.11297427117824554,25,0.0808663945325024,0.0404049487624323,0.043387486487963416,27,absolute Pearson r across 29696 matched cortical vertices,descriptive ceiling; candidate reuse allowed
sub-24,left,330,0.068287692964077,338,0.12248750030994415,8,0.0809104632130132,0.04045577674706881,0.04141585345737894,27,absolute Pearson r across 29696 matched cortical vertices,descriptive ceiling; candidate reuse allowed
sub-24,left,331,0.0002470321487635374,327,0.10657526552677155,-4,0.08122528293917336,0.04053150423881818,0.03995815688481124,27,absolute Pearson r across 29696 matched cortical vertices,descriptive ceiling; candidate reuse allowed
sub-24,left,332,0.05163193121552467,325,0.163641095161438,-7,0.08147539969379117,0.040551526594003844,0.039763083517605276,27,absolute Pearson r across 29696 matched cortical vertices,descriptive ceiling; candidate reuse allowed
sub-24,left,333,0.07031655311584473,360,0.1333550363779068,27,0.08181183058156352,0.040738044972053564,0.0441923139474803,27,absolute Pearson r across 29696 matched cortical vertices,descriptive ceiling; candidate reuse allowed
sub-24,left,334,0.03885470703244209,307,0.13689611852169037,-27,0.08189227264645499,0.04079516390643402,0.03741331448689085,27,absolute Pearson r across 29696 matched cortical vertices,descriptive ceiling; candidate reuse allowed
sub-24,left,335,0.019956406205892563,354,0.11093021929264069,19,0.08222747606488959,0.040997438903586404,0.043387486487963416,27,absolute Pearson r across 29696 matched cortical vertices,descriptive ceiling; candidate reuse allowed
sub-24,left,336,0.03370886668562889,362,0.10027965903282166,26,0.08234240976473202,0.041096897091230294,0.04454040248203329,27,absolute Pearson r across 29696 matched cortical vertices,descriptive ceiling; candidate reuse allowed
sub-24,left,337,0.00922069326043129,315,0.1048680767416954,-22,0.08246753098848345,0.04122257140828361,0.03846678777889792,27,absolute Pearson r across 29696 matched cortical vertices,descriptive ceiling; candidate reuse allowed
sub-24,left,338,0.02097507007420063,365,0.10668829083442688,27,0.08269845646680542,0.04141585345737894,0.04491674298608882,28,absolute Pearson r across 29696 matched cortical vertices,descriptive ceiling; candidate reuse allowed
sub-24,left,339,0.023265432566404343,350,0.14694765210151672,11,0.08306557977507356,0.04148419841742145,0.0429101213824051,28,absolute Pearson r across 29696 matched cortical vertices,descriptive ceiling; candidate reuse allowed
sub-24,left,340,0.008894603699445724,337,0.1136026382446289,-3,0.08318708990494965,0.04168838673568157,0.04122257140828361,28,absolute Pearson r across 29696 matched cortical vertices,descriptive ceiling; candidate reuse allowed
sub-24,left,341,0.025025391951203346,342,0.12468418478965759,1,0.08370979919838718,0.041832339701316106,0.04188182290201792,28,absolute Pearson r across 29696 matched cortical vertices,descriptive ceiling; candidate reuse allowed
sub-24,left,342,0.06150590628385544,314,0.09245621412992477,-28,0.08390598238978933,0.04188182290201792,0.038379830040869645,28,absolute Pearson r across 29696 matched cortical vertices,descriptive ceiling; candidate reuse allowed
sub-24,left,343,0.003595269052311778,360,0.17215251922607422,17,0.0839659498782066,0.04200533138610746,0.0441923139474803,28,absolute Pearson r across 29696 matched cortical vertices,descriptive ceiling; candidate reuse allowed
sub-24,left,344,0.03325264900922775,367,0.11859767884016037,23,0.08449519263713842,0.04226228505884386,0.04510159841983536,28,absolute Pearson r across 29696 matched cortical vertices,descriptive ceiling; candidate reuse allowed
sub-24,left,345,0.04845850169658661,340,0.15618768334388733,-5,0.08468370278929015,0.04236507586604495,0.04168838673568157,28,absolute Pearson r across 29696 matched cortical vertices,descriptive ceiling; candidate reuse allowed
sub-24,left,346,0.04847259074449539,335,0.09326913952827454,-11,0.08513206271288228,0.04252952791275918,0.040997438903586404,28,absolute Pearson r across 29696 matched cortical vertices,descriptive ceiling; candidate reuse allowed
sub-24,left,347,0.0227764081209898,319,0.15023866295814514,-28,0.08523368300911348,0.04267896865456517,0.038900884993477505,28,absolute Pearson r across 29696 matched cortical vertices,descriptive ceiling; candidate reuse allowed
sub-24,left,348,0.011394456960260868,354,0.12089894711971283,6,0.08533363051623216,0.04273008562906995,0.043387486487963416,28,absolute Pearson r across 29696 matched cortical vertices,descriptive ceiling; candidate reuse allowed
sub-24,left,349,0.0035578713286668062,377,0.10021796822547913,28,0.08547604985769365,0.04286465834123092,0.046293605489162455,28,absolute Pearson r across 29696 matched cortical vertices,descriptive ceiling; candidate reuse allowed
sub-24,left,350,0.055635806173086166,337,0.12215889990329742,-13,0.08583715328723539,0.0429101213824051,0.04122257140828361,28,absolute Pearson r across 29696 matched cortical vertices,descriptive ceiling; candidate reuse allowed
sub-24,left,351,0.020459095016121864,367,0.09481281787157059,16,0.08613120367052754,0.04304164936996538,0.04510159841983536,29,absolute Pearson r across 29696 matched cortical vertices,descriptive ceiling; candidate reuse allowed
sub-24,left,352,0.03735329955816269,338,0.10440980643033981,-14,0.08627712784561802,0.043225833452583,0.04141585345737894,29,absolute Pearson r across 29696 matched cortical vertices,descriptive ceiling; candidate reuse allowed
sub-24,left,353,0.09413383901119232,332,0.13470342755317688,-21,0.08654246213101323,0.043275692371312145,0.040551526594003844,29,absolute Pearson r across 29696 matched cortical vertices,descriptive ceiling; candidate reuse allowed
sub-24,left,354,0.0928976833820343,336,0.1514250636100769,-18,0.08716495765753372,0.043387486487963416,0.041096897091230294,29,absolute Pearson r across 29696 matched cortical vertices,descriptive ceiling; candidate reuse allowed
sub-24,left,355,0.035169605165719986,370,0.11313372850418091,15,0.08725829537893075,0.04356438467663677,0.04552032868198181,29,absolute Pearson r across 29696 matched cortical vertices,descriptive ceiling; candidate reuse allowed
sub-24,left,356,0.015252896584570408,333,0.11078861355781555,-23,0.08735199640175038,0.04362411060947364,0.040738044972053564,29,absolute Pearson r across 29696 matched cortical vertices,descriptive ceiling; candidate reuse allowed
sub-24,left,357,0.03972018510103226,369,0.10770922154188156,12,0.08773840468931567,0.043798275109814495,0.04529610348827,29,absolute Pearson r across 29696 matched cortical vertices,descriptive ceiling; candidate reuse allowed
sub-24,left,358,0.06520349532365799,353,0.11344458907842636,-5,0.08821622126607405,0.04395479724945596,0.043275692371312145,29,absolute Pearson r across 29696 matched cortical vertices,descriptive ceiling; candidate reuse allowed
sub-24,left,359,0.004809848964214325,352,0.11324913799762726,-7,0.08825915900984135,0.044040506318704334,0.043225833452583,29,absolute Pearson r across 29696 matched cortical vertices,descriptive ceiling; candidate reuse allowed
sub-24,left,360,0.08653037995100021,333,0.13225556910037994,-27,0.0886041723674364,0.0441923139474803,0.040738044972053564,29,absolute Pearson r across 29696 matched cortical vertices,descriptive ceiling; candidate reuse allowed
sub-24,left,361,0.04619405418634415,385,0.08493219316005707,24,0.08892804200219666,0.04444667852481408,0.04736946224184165,29,absolute Pearson r across 29696 matched cortical vertices,descriptive ceiling; candidate reuse allowed
sub-24,left,362,0.023787494748830795,333,0.11509042978286743,-29,0.08907113165907968,0.04454040248203329,0.040738044972053564,29,absolute Pearson r across 29696 matched cortical vertices,descriptive ceiling; candidate reuse allowed
sub-24,left,363,0.034145187586545944,391,0.10219641774892807,28,0.08927172425817816,0.044629286276385294,0.04812188254963289,30,absolute Pearson r across 29696 matched cortical vertices,descriptive ceiling; candidate reuse allowed
sub-24,left,364,0.024232730269432068,344,0.10135576128959656,-20,0.08943377827852822,0.044744285404205844,0.04226228505884386,30,absolute Pearson r across 29696 matched cortical vertices,descriptive ceiling; candidate reuse allowed
sub-24,left,365,0.022669004276394844,379,0.09699391573667526,14,0.08982247655938468,0.04491674298608882,0.0466098783990628,30,absolute Pearson r across 29696 matched cortical vertices,descriptive ceiling; candidate reuse allowed
sub-24,left,366,0.037915077060461044,394,0.14263960719108582,28,0.08998325344170269,0.04498277476619513,0.04843437804008219,30,absolute Pearson r across 29696 matched cortical vertices,descriptive ceiling; candidate reuse allowed
sub-24,left,367,0.025573302060365677,355,0.11636960506439209,-12,0.09033794346066147,0.04510159841983536,0.04356438467663677,30,absolute Pearson r across 29696 matched cortical vertices,descriptive ceiling; candidate reuse allowed
sub-24,left,368,0.09552368521690369,368,0.09552368521690369,0,0.09043367186829238,0.04520171277386172,0.04520171277386172,30,absolute Pearson r across 29696 matched cortical vertices,descriptive ceiling; candidate reuse allowed
sub-24,left,369,0.035632308572530746,391,0.1053326353430748,22,0.09056955737210168,0.04529610348827,0.04812188254963289,30,absolute Pearson r across 29696 matched cortical vertices,descriptive ceiling; candidate reuse allowed
sub-24,left,370,0.062393125146627426,372,0.11367765814065933,2,0.09100666600126392,0.04552032868198181,0.04573987987210175,30,absolute Pearson r across 29696 matched cortical vertices,descriptive ceiling; candidate reuse allowed
sub-24,left,371,0.007615160197019577,390,0.1220531091094017,19,0.09107467389434405,0.04555605344489543,0.04797665709610959,30,absolute Pearson r across 29696 matched cortical vertices,descriptive ceiling; candidate reuse allowed
sub-24,left,372,0.042261961847543716,352,0.10791037231683731,-20,0.09126889649446181,0.04573987987210175,0.043225833452583,30,absolute Pearson r across 29696 matched cortical vertices,descriptive ceiling; candidate reuse allowed
sub-24,left,373,0.019118258729577065,353,0.11887873709201813,-20,0.09165220423296734,0.045784670884448826,0.043275692371312145,30,absolute Pearson r across 29696 matched cortical vertices,descriptive ceiling; candidate reuse allowed
sub-24,left,374,0.003224562620744109,369,0.10974323004484177,-5,0.09197795181127387,0.04597616383347032,0.04529610348827,30,absolute Pearson r across 29696 matched cortical vertices,descriptive ceiling; candidate reuse allowed
sub-24,left,375,0.00929408147931099,358,0.10821262747049332,-17,0.0921395311789272,0.04611808647247242,0.04395479724945596,30,absolute Pearson r across 29696 matched cortical vertices,descriptive ceiling; candidate reuse allowed
sub-24,left,376,0.05627593398094177,383,0.07056314498186111,7,0.0925176303583453,0.04622023040760454,0.04705103818770274,31,absolute Pearson r across 29696 matched cortical vertices,descriptive ceiling; candidate reuse allowed
sub-24,left,377,0.03728295862674713,355,0.07294029742479324,-22,0.09278077117986024,0.046293605489162455,0.04356438467663677,31,absolute Pearson r across 29696 matched cortical vertices,descriptive ceiling; candidate reuse allowed
sub-24,left,378,0.007400703150779009,376,0.08739698678255081,-2,0.09299646187732163,0.04636963254670128,0.04622023040760454,31,absolute Pearson r across 29696 matched cortical vertices,descriptive ceiling; candidate reuse allowed
sub-24,left,379,0.018303299322724342,371,0.130648672580719,-8,0.09362511885667195,0.0466098783990628,0.04555605344489543,31,absolute Pearson r across 29696 matched cortical vertices,descriptive ceiling; candidate reuse allowed
sub-24,left,380,0.0039649419486522675,405,0.11623421311378479,25,0.0937283612730699,0.0466463341964569,0.04981928013171559,31,absolute Pearson r across 29696 matched cortical vertices,descriptive ceiling; candidate reuse allowed
sub-24,left,381,0.04121275246143341,368,0.08204308152198792,-13,0.09392317077954873,0.046859805647151656,0.04520171277386172,31,absolute Pearson r across 29696 matched cortical vertices,descriptive ceiling; candidate reuse allowed
sub-24,left,382,0.0500139445066452,369,0.1640433520078659,-13,0.09405454294586672,0.04697625470081796,0.04529610348827,31,absolute Pearson r across 29696 matched cortical vertices,descriptive ceiling; candidate reuse allowed
sub-24,left,383,0.09538983553647995,374,0.10011373460292816,-9,0.09431649180478546,0.04705103818770274,0.04597616383347032,31,absolute Pearson r across 29696 matched cortical vertices,descriptive ceiling; candidate reuse allowed
sub-24,left,384,0.01894737221300602,367,0.1370113044977188,-17,0.09473608482213167,0.04725872642972348,0.04510159841983536,31,absolute Pearson r across 29696 matched cortical vertices,descriptive ceiling; candidate reuse allowed
sub-24,left,385,0.034883201122283936,360,0.10427893698215485,-25,0.0949104223458378,0.04736946224184165,0.0441923139474803,31,absolute Pearson r across 29696 matched cortical vertices,descriptive ceiling; candidate reuse allowed
sub-24,left,386,0.017128877341747284,387,0.10198325663805008,1,0.09507139555471575,0.0473934438389033,0.047516209521459296,31,absolute Pearson r across 29696 matched cortical vertices,descriptive ceiling; candidate reuse allowed
sub-24,left,387,0.08443848788738251,367,0.11996442824602127,-20,0.09526860866508627,0.047516209521459296,0.04510159841983536,31,absolute Pearson r across 29696 matched cortical vertices,descriptive ceiling; candidate reuse allowed
sub-24,left,388,0.013831683434545994,389,0.15190546214580536,1,0.09563301498156761,0.04777976159843287,0.04785240818326091,32,absolute Pearson r across 29696 matched cortical vertices,descriptive ceiling; candidate reuse allowed
sub-24,left,389,0.04277715086936951,363,0.10328135639429092,-26,0.09580452429041646,0.04785240818326091,0.044629286276385294,32,absolute Pearson r across 29696 matched cortical vertices,descriptive ceiling; candidate reuse allowed
sub-24,left,390,0.026627086102962494,372,0.11728551238775253,-18,0.0959866450958162,0.04797665709610959,0.04573987987210175,32,absolute Pearson r across 29696 matched cortical vertices,descriptive ceiling; candidate reuse allowed
sub-24,left,391,0.021795600652694702,420,0.12870749831199646,29,0.0961927256345609,0.04812188254963289,0.051752120321391766,32,absolute Pearson r across 29696 matched cortical vertices,descriptive ceiling; candidate reuse allowed
sub-24,left,392,0.021573156118392944,407,0.09855562448501587,15,0.09657182951517233,0.04824115490590483,0.05001170209319232,32,absolute Pearson r across 29696 matched cortical vertices,descriptive ceiling; candidate reuse allowed
sub-24,left,393,0.007609417662024498,379,0.14340023696422577,-14,0.09673802333340766,0.04836660938790985,0.0466098783990628,32,absolute Pearson r across 29696 matched cortical vertices,descriptive ceiling; candidate reuse allowed
sub-24,left,394,0.015074900351464748,409,0.11857466399669647,15,0.09691039033146556,0.04843437804008219,0.05041969041869353,32,absolute Pearson r across 29696 matched cortical vertices,descriptive ceiling; candidate reuse allowed
sub-24,left,395,0.025155777111649513,400,0.15219198167324066,5,0.09725099710389747,0.04859733894566175,0.04902202435900139,32,absolute Pearson r across 29696 matched cortical vertices,descriptive ceiling; candidate reuse allowed
sub-24,left,396,0.00643110042437911,380,0.11440608650445938,-16,0.09774348292264877,0.04863771612363794,0.0466463341964569,32,absolute Pearson r across 29696 matched cortical vertices,descriptive ceiling; candidate reuse allowed
sub-24,left,397,0.05993300676345825,427,0.10907918214797974,30,0.09781781977271047,0.048795204245721355,0.052587684624047774,32,absolute Pearson r across 29696 matched cortical vertices,descriptive ceiling; candidate reuse allowed
sub-24,left,398,0.034830763936042786,369,0.12017663568258286,-29,0.09800247256831893,0.04881656724506477,0.04529610348827,32,absolute Pearson r across 29696 matched cortical vertices,descriptive ceiling; candidate reuse allowed
sub-24,left,399,0.023431003093719482,380,0.10998134315013885,-19,0.09839199337883789,0.049003355914262775,0.0466463341964569,32,absolute Pearson r across 29696 matched cortical vertices,descriptive ceiling; candidate reuse allowed
sub-24,left,400,0.03450698405504227,368,0.10209138691425323,-32,0.09859109594729787,0.04902202435900139,0.04520171277386172,32,absolute Pearson r across 29696 matched cortical vertices,descriptive ceiling; candidate reuse allowed
sub-24,left,401,0.004719182848930359,416,0.09863708913326263,15,0.09905165527765993,0.04921616504211519,0.05133235200490027,33,absolute Pearson r across 29696 matched cortical vertices,descriptive ceiling; candidate reuse allowed
sub-24,left,402,0.010640264488756657,424,0.09988415241241455,22,0.09912710484751262,0.049401898666337415,0.05234961271992967,33,absolute Pearson r across 29696 matched cortical vertices,descriptive ceiling; candidate reuse allowed
sub-24,left,403,0.018200229853391647,417,0.10393837094306946,14,0.09935729830446594,0.0496092107738722,0.05137008612776675,33,absolute Pearson r across 29696 matched cortical vertices,descriptive ceiling; candidate reuse allowed
sub-24,left,404,0.05491623654961586,383,0.13998207449913025,-21,0.09953054956557542,0.04966667325628841,0.04705103818770274,33,absolute Pearson r across 29696 matched cortical vertices,descriptive ceiling; candidate reuse allowed
sub-24,left,405,0.0009310953319072723,390,0.11316747218370438,-15,0.0999517394175917,0.04981928013171559,0.04797665709610959,33,absolute Pearson r across 29696 matched cortical vertices,descriptive ceiling; candidate reuse allowed
sub-24,left,406,0.014028511941432953,418,0.10509615391492844,12,0.10012730730323274,0.04994904894117856,0.051490989219238115,33,absolute Pearson r across 29696 matched cortical vertices,descriptive ceiling; candidate reuse allowed
sub-24,left,407,0.015080609358847141,423,0.09975133091211319,16,0.10040049064774685,0.05001170209319232,0.05230871714712157,33,absolute Pearson r across 29696 matched cortical vertices,descriptive ceiling; candidate reuse allowed
sub-24,left,408,0.03771692514419556,430,0.12312397360801697,22,0.10066757572373206,0.0502548072274885,0.05296846910167035,33,absolute Pearson r across 29696 matched cortical vertices,descriptive ceiling; candidate reuse allowed
sub-24,left,409,0.01108712051063776,398,0.11051388829946518,-11,0.10092799121863873,0.05041969041869353,0.04881656724506477,33,absolute Pearson r across 29696 matched cortical vertices,descriptive ceiling; candidate reuse allowed
sub-24,left,410,0.0013743252493441105,382,0.10709471255540848,-28,0.10116732295190371,0.05054333914200398,0.04697625470081796,33,absolute Pearson r across 29696 matched cortical vertices,descriptive ceiling; candidate reuse allowed
sub-24,left,411,0.0021744980476796627,387,0.09254924952983856,-24,0.10132455148524767,0.05085181286658634,0.047516209521459296,33,absolute Pearson r across 29696 matched cortical vertices,descriptive ceiling; candidate reuse allowed
sub-24,left,412,0.02071155048906803,414,0.0985049232840538,2,0.10167393053817331,0.050898376561422334,0.051120686436040626,33,absolute Pearson r across 29696 matched cortical vertices,descriptive ceiling; candidate reuse allowed
sub-24,left,413,0.03967878222465515,445,0.10325172543525696,32,0.10182654396864256,0.05098590573859907,0.05478646937708686,34,absolute Pearson r across 29696 matched cortical vertices,descriptive ceiling; candidate reuse allowed
sub-24,left,414,0.02503729611635208,405,0.1343723088502884,-9,0.1020331377522632,0.051120686436040626,0.04981928013171559,34,absolute Pearson r across 29696 matched cortical vertices,descriptive ceiling; candidate reuse allowed
sub-24,left,415,0.026014098897576332,436,0.1525345891714096,21,0.10255248334767435,0.05114086149150815,0.05377049940474685,34,absolute Pearson r across 29696 matched cortical vertices,descriptive ceiling; candidate reuse allowed
sub-24,left,416,0.03485273942351341,449,0.11146143078804016,33,0.10263489124009997,0.05133235200490027,0.05545206113977786,34,absolute Pearson r across 29696 matched cortical vertices,descriptive ceiling; candidate reuse allowed
sub-24,left,417,0.03182382509112358,415,0.09272926300764084,-2,0.10284744327981271,0.05137008612776675,0.05114086149150815,34,absolute Pearson r across 29696 matched cortical vertices,descriptive ceiling; candidate reuse allowed
sub-24,left,418,0.039518311619758606,404,0.09517812728881836,-14,0.10295598504346921,0.051490989219238115,0.04966667325628841,34,absolute Pearson r across 29696 matched cortical vertices,descriptive ceiling; candidate reuse allowed
sub-24,left,419,0.02069072797894478,443,0.11943769454956055,24,0.10324176915421482,0.051702288351814986,0.054685212438105764,34,absolute Pearson r across 29696 matched cortical vertices,descriptive ceiling; candidate reuse allowed
sub-24,left,420,0.020576607435941696,396,0.11503901332616806,-24,0.10374173723639032,0.051752120321391766,0.04863771612363794,34,absolute Pearson r across 29696 matched cortical vertices,descriptive ceiling; candidate reuse allowed
sub-24,left,421,0.0546724833548069,417,0.1079292818903923,-4,0.10412235626054782,0.05199913539883286,0.05137008612776675,34,absolute Pearson r across 29696 matched cortical vertices,descriptive ceiling; candidate reuse allowed
sub-24,left,422,0.0252604428678751,397,0.10691063851118088,-25,0.10427923883622583,0.05216107505950987,0.048795204245721355,34,absolute Pearson r across 29696 matched cortical vertices,descriptive ceiling; candidate reuse allowed
sub-24,left,423,0.008991347625851631,448,0.11512135714292526,25,0.1044515692076197,0.05230871714712157,0.05539315756688679,34,absolute Pearson r across 29696 matched cortical vertices,descriptive ceiling; candidate reuse allowed
sub-24,left,424,0.008663835935294628,408,0.0894489586353302,-16,0.10468100274650279,0.05234961271992967,0.0502548072274885,34,absolute Pearson r across 29696 matched cortical vertices,descriptive ceiling; candidate reuse allowed
sub-24,left,425,0.019607817754149437,399,0.10312977433204651,-26,0.10515509505680815,0.0525249362228696,0.049003355914262775,34,absolute Pearson r across 29696 matched cortical vertices,descriptive ceiling; candidate reuse allowed
sub-24,left,426,0.05109197273850441,430,0.1293174773454666,4,0.10524908491921933,0.05257646139775587,0.05296846910167035,35,absolute Pearson r across 29696 matched cortical vertices,descriptive ceiling; candidate reuse allowed
sub-24,left,427,0.03932851925492287,409,0.10446804761886597,-18,0.10539381097329532,0.052587684624047774,0.05041969041869353,35,absolute Pearson r across 29696 matched cortical vertices,descriptive ceiling; candidate reuse allowed
sub-24,left,428,0.0009379792027175426,431,0.1250915229320526,3,0.1056643400036308,0.05268238192495891,0.053164225280920525,35,absolute Pearson r across 29696 matched cortical vertices,descriptive ceiling; candidate reuse allowed
sub-24,left,429,0.032667823135852814,407,0.09029033780097961,-22,0.10596440293292768,0.052788570505084224,0.05001170209319232,35,absolute Pearson r across 29696 matched cortical vertices,descriptive ceiling; candidate reuse allowed
sub-24,left,430,0.012702972628176212,432,0.08589879423379898,2,0.10610265850344745,0.05296846910167035,0.05320058639466559,35,absolute Pearson r across 29696 matched cortical vertices,descriptive ceiling; candidate reuse allowed
sub-24,left,431,0.00373881496489048,433,0.12447678297758102,2,0.1065222984101937,0.053164225280920525,0.05325313564514036,35,absolute Pearson r across 29696 matched cortical vertices,descriptive ceiling; candidate reuse allowed
sub-24,left,432,0.008688529953360558,447,0.09655687212944031,15,0.1065580924241747,0.05320058639466559,0.0552529195689355,35,absolute Pearson r across 29696 matched cortical vertices,descriptive ceiling; candidate reuse allowed
sub-24,left,433,0.015051817521452904,464,0.11498531699180603,31,0.10702606829888343,0.05325313564514036,0.05742344178119909,35,absolute Pearson r across 29696 matched cortical vertices,descriptive ceiling; candidate reuse allowed
sub-24,left,434,0.0622166246175766,419,0.09394921362400055,-15,0.10704775756390762,0.05358867864285021,0.051702288351814986,35,absolute Pearson r across 29696 matched cortical vertices,descriptive ceiling; candidate reuse allowed
sub-24,left,435,0.02827111817896366,407,0.09840736538171768,-28,0.10733187543133973,0.05364178305524698,0.05001170209319232,35,absolute Pearson r across 29696 matched cortical vertices,descriptive ceiling; candidate reuse allowed
sub-24,left,436,0.011464886367321014,465,0.11273420602083206,29,0.10758298204426489,0.05377049940474685,0.057481869109701274,35,absolute Pearson r across 29696 matched cortical vertices,descriptive ceiling; candidate reuse allowed
sub-24,left,437,0.001334508415311575,423,0.1095254123210907,-14,0.107850567554899,0.0539194441075739,0.05230871714712157,35,absolute Pearson r across 29696 matched cortical vertices,descriptive ceiling; candidate reuse allowed
sub-24,left,438,0.013120321556925774,467,0.0856882706284523,29,0.10840372556666172,0.05402199638210583,0.05765024965520802,36,absolute Pearson r across 29696 matched cortical vertices,descriptive ceiling; candidate reuse allowed
sub-24,left,439,0.007577040698379278,443,0.09689367562532425,4,0.10861952242293922,0.05415147992923335,0.054685212438105764,36,absolute Pearson r across 29696 matched cortical vertices,descriptive ceiling; candidate reuse allowed
sub-24,left,440,0.026861384510993958,427,0.10637175291776657,-13,0.10876396337105176,0.05435135565106868,0.052587684624047774,36,absolute Pearson r across 29696 matched cortical vertices,descriptive ceiling; candidate reuse allowed
sub-24,left,441,0.006925614550709724,430,0.14353065192699432,-11,0.10927229842349068,0.05449959122163408,0.05296846910167035,36,absolute Pearson r across 29696 matched cortical vertices,descriptive ceiling; candidate reuse allowed
sub-24,left,442,0.0489179790019989,444,0.08433881402015686,2,0.10934884629811205,0.05465449943413845,0.05473975290585472,36,absolute Pearson r across 29696 matched cortical vertices,descriptive ceiling; candidate reuse allowed
sub-24,left,443,0.07539041340351105,474,0.12319852411746979,31,0.10951424328401978,0.054685212438105764,0.05854868714253681,36,absolute Pearson r across 29696 matched cortical vertices,descriptive ceiling; candidate reuse allowed
sub-24,left,444,0.002384049817919731,421,0.10728687047958374,-23,0.10968477637508268,0.05473975290585472,0.05199913539883286,36,absolute Pearson r across 29696 matched cortical vertices,descriptive ceiling; candidate reuse allowed
sub-24,left,445,0.038497086614370346,465,0.09054743498563766,20,0.10992161879522071,0.05478646937708686,0.057481869109701274,36,absolute Pearson r across 29696 matched cortical vertices,descriptive ceiling; candidate reuse allowed
sub-24,left,446,0.003154878504574299,462,0.08469481766223907,16,0.11039128391472552,0.055228244410886786,0.05715615698460864,36,absolute Pearson r across 29696 matched cortical vertices,descriptive ceiling; candidate reuse allowed
sub-24,left,447,0.049340300261974335,425,0.11397917568683624,-22,0.11057054250816895,0.0552529195689355,0.0525249362228696,36,absolute Pearson r across 29696 matched cortical vertices,descriptive ceiling; candidate reuse allowed
sub-24,left,448,0.07639367133378983,420,0.10497746616601944,-28,0.1106274285509126,0.05539315756688679,0.051752120321391766,36,absolute Pearson r across 29696 matched cortical vertices,descriptive ceiling; candidate reuse allowed
sub-24,left,449,0.025506971403956413,461,0.09691838175058365,12,0.11098685266280327,0.05545206113977786,0.05701716679336418,36,absolute Pearson r across 29696 matched cortical vertices,descriptive ceiling; candidate reuse allowed
sub-24,left,450,0.00518866628408432,484,0.0855666995048523,34,0.11121029251011845,0.055584719738538436,0.05997011236724852,36,absolute Pearson r across 29696 matched cortical vertices,descriptive ceiling; candidate reuse allowed
sub-24,left,451,0.010641115717589855,419,0.12012390792369843,-32,0.11157244173636613,0.05577431944398733,0.051702288351814986,37,absolute Pearson r across 29696 matched cortical vertices,descriptive ceiling; candidate reuse allowed
sub-24,left,452,0.007019177079200745,421,0.11016067862510681,-31,0.11171581674581779,0.05582083373693995,0.05199913539883286,37,absolute Pearson r across 29696 matched cortical vertices,descriptive ceiling; candidate reuse allowed
sub-24,left,453,0.027289725840091705,422,0.13659986853599548,-31,0.1119770963302943,0.055960669444862464,0.05216107505950987,37,absolute Pearson r across 29696 matched cortical vertices,descriptive ceiling; candidate reuse allowed
sub-24,left,454,0.01188832987099886,436,0.11745569854974747,-18,0.11212212180542579,0.05606014809319718,0.05377049940474685,37,absolute Pearson r across 29696 matched cortical vertices,descriptive ceiling; candidate reuse allowed
sub-24,left,455,0.023507772013545036,443,0.10176434367895126,-12,0.1124801991600367,0.056219982194386474,0.054685212438105764,37,absolute Pearson r across 29696 matched cortical vertices,descriptive ceiling; candidate reuse allowed
sub-24,left,456,0.037328220903873444,436,0.09040285646915436,-20,0.11286725875987429,0.05630983127928622,0.05377049940474685,37,absolute Pearson r across 29696 matched cortical vertices,descriptive ceiling; candidate reuse allowed
sub-24,left,457,0.003266909159719944,422,0.10009928792715073,-35,0.11304104528252361,0.05644305840063641,0.05216107505950987,37,absolute Pearson r across 29696 matched cortical vertices,descriptive ceiling; candidate reuse allowed
sub-24,left,458,0.041745834052562714,438,0.12760230898857117,-20,0.11312072128810224,0.0565528899568151,0.05402199638210583,37,absolute Pearson r across 29696 matched cortical vertices,descriptive ceiling; candidate reuse allowed
sub-24,left,459,0.06894570589065552,471,0.12253017723560333,12,0.11328721309907745,0.056656379014530266,0.058228549136902584,37,absolute Pearson r across 29696 matched cortical vertices,descriptive ceiling; candidate reuse allowed
sub-24,left,460,0.03420551121234894,472,0.10751362890005112,12,0.11367850551117681,0.056891823935915735,0.058297066792854534,37,absolute Pearson r across 29696 matched cortical vertices,descriptive ceiling; candidate reuse allowed
sub-24,left,461,0.09224583953619003,461,0.09224583953619003,0,0.11401409502994928,0.05701716679336418,0.05701716679336418,37,absolute Pearson r across 29696 matched cortical vertices,descriptive ceiling; candidate reuse allowed
sub-24,left,462,0.06102752313017845,466,0.07732721418142319,4,0.11429922226690396,0.05715615698460864,0.05755016778983598,37,absolute Pearson r across 29696 matched cortical vertices,descriptive ceiling; candidate reuse allowed
sub-24,left,463,0.007100585848093033,500,0.09334652870893478,37,0.11434859234375047,0.05726337896559102,0.06213806641116295,38,absolute Pearson r across 29696 matched cortical vertices,descriptive ceiling; candidate reuse allowed
sub-24,left,464,0.045372046530246735,452,0.1122225821018219,-12,0.114553102536127,0.05742344178119909,0.05582083373693995,38,absolute Pearson r across 29696 matched cortical vertices,descriptive ceiling; candidate reuse allowed
sub-24,left,465,0.028544262051582336,429,0.14059320092201233,-36,0.11527869321481078,0.057481869109701274,0.052788570505084224,38,absolute Pearson r across 29696 matched cortical vertices,descriptive ceiling; candidate reuse allowed
sub-24,left,466,0.055954188108444214,428,0.13122715055942535,-38,0.11556010644195742,0.05755016778983598,0.05268238192495891,38,absolute Pearson r across 29696 matched cortical vertices,descriptive ceiling; candidate reuse allowed
sub-24,left,467,0.022857926785945892,473,0.10315219312906265,6,0.11564563190105946,0.05765024965520802,0.05845223296004411,38,absolute Pearson r across 29696 matched cortical vertices,descriptive ceiling; candidate reuse allowed
sub-24,left,468,0.006127721630036831,462,0.09566132724285126,-6,0.115817915501687,0.05782943809031004,0.05715615698460864,38,absolute Pearson r across 29696 matched cortical vertices,descriptive ceiling; candidate reuse allowed
sub-24,left,469,0.007524636574089527,502,0.098808154463768,33,0.11600060395083002,0.05797878351901368,0.06248683948608385,38,absolute Pearson r across 29696 matched cortical vertices,descriptive ceiling; candidate reuse allowed
sub-24,left,470,0.016054829582571983,482,0.08796270936727524,12,0.11641595152082339,0.05814838765210429,0.05990229090205767,38,absolute Pearson r across 29696 matched cortical vertices,descriptive ceiling; candidate reuse allowed
sub-24,left,471,0.009419235400855541,473,0.08914024382829666,2,0.11671438319938789,0.058228549136902584,0.05845223296004411,38,absolute Pearson r across 29696 matched cortical vertices,descriptive ceiling; candidate reuse allowed
sub-24,left,472,0.017058800905942917,459,0.1202884316444397,-13,0.11683087886250514,0.058297066792854534,0.056656379014530266,38,absolute Pearson r across 29696 matched cortical vertices,descriptive ceiling; candidate reuse allowed
sub-24,left,473,0.014801005832850933,497,0.09670586884021759,24,0.11704620652854962,0.05845223296004411,0.061575111574783035,38,absolute Pearson r across 29696 matched cortical vertices,descriptive ceiling; candidate reuse allowed
sub-24,left,474,0.049591198563575745,478,0.11918577551841736,4,0.11763330358850983,0.05854868714253681,0.0591194768708393,38,absolute Pearson r across 29696 matched cortical vertices,descriptive ceiling; candidate reuse allowed
sub-24,left,475,0.04098143056035042,509,0.09055742621421814,34,0.1179459929144873,0.058682666790429876,0.06309411057915586,38,absolute Pearson r across 29696 matched cortical vertices,descriptive ceiling; candidate reuse allowed
sub-24,left,476,0.0189101230353117,465,0.10720591992139816,-11,0.11800862613280198,0.058739218600536665,0.057481869109701274,39,absolute Pearson r across 29696 matched cortical vertices,descriptive ceiling; candidate reuse allowed
sub-24,left,477,0.04567518085241318,451,0.0997958704829216,-26,0.11841177801131021,0.05886687556657421,0.05577431944398733,39,absolute Pearson r across 29696 matched cortical vertices,descriptive ceiling; candidate reuse allowed
sub-24,left,478,0.023131711408495903,446,0.1182495504617691,-32,0.1185734680801787,0.0591194768708393,0.055228244410886786,39,absolute Pearson r across 29696 matched cortical vertices,descriptive ceiling; candidate reuse allowed
sub-24,left,479,0.008544025011360645,452,0.11054100096225739,-27,0.11880045077012501,0.05927852323281713,0.05582083373693995,39,absolute Pearson r across 29696 matched cortical vertices,descriptive ceiling; candidate reuse allowed
sub-24,left,480,0.007286841981112957,487,0.10767626017332077,7,0.11887732323792684,0.05940072863584717,0.06036739031001557,39,absolute Pearson r across 29696 matched cortical vertices,descriptive ceiling; candidate reuse allowed
sub-24,left,481,0.011211184784770012,484,0.10982169955968857,3,0.11933659694953073,0.05950718821098717,0.05997011236724852,39,absolute Pearson r across 29696 matched cortical vertices,descriptive ceiling; candidate reuse allowed
sub-24,left,482,0.018305979669094086,514,0.10963660478591919,32,0.11939175804443801,0.05990229090205767,0.06378370585086823,39,absolute Pearson r across 29696 matched cortical vertices,descriptive ceiling; candidate reuse allowed
sub-24,left,483,0.0609123669564724,521,0.10667415708303452,38,0.11961389631534657,0.059935120506882204,0.06470529359793717,39,absolute Pearson r across 29696 matched cortical vertices,descriptive ceiling; candidate reuse allowed
sub-24,left,484,0.01629169099032879,470,0.09761486947536469,-14,0.11968563986621593,0.05997011236724852,0.05814838765210429,39,absolute Pearson r across 29696 matched cortical vertices,descriptive ceiling; candidate reuse allowed
sub-24,left,485,0.042133767157793045,450,0.089035764336586,-35,0.12020032279445546,0.060088591282224456,0.055584719738538436,39,absolute Pearson r across 29696 matched cortical vertices,descriptive ceiling; candidate reuse allowed
sub-24,left,486,0.02600662037730217,519,0.09082434326410294,33,0.12049038786174059,0.06030130692443116,0.06437451835951541,39,absolute Pearson r across 29696 matched cortical vertices,descriptive ceiling; candidate reuse allowed
sub-24,left,487,0.016655208542943,451,0.09140810370445251,-36,0.12067325311908049,0.06036739031001557,0.05577431944398733,39,absolute Pearson r across 29696 matched cortical vertices,descriptive ceiling; candidate reuse allowed
sub-24,left,488,0.020531892776489258,457,0.11312506347894669,-31,0.12102038343457001,0.06062106226391665,0.05644305840063641,40,absolute Pearson r across 29696 matched cortical vertices,descriptive ceiling; candidate reuse allowed
sub-24,left,489,0.0025061180349439383,479,0.07706239074468613,-10,0.12131343026989098,0.0606913849155705,0.05927852323281713,40,absolute Pearson r across 29696 matched cortical vertices,descriptive ceiling; candidate reuse allowed
sub-24,left,490,0.04073713347315788,527,0.10836043953895569,37,0.12173658244900658,0.060744876078267,0.06542421438578308,40,absolute Pearson r across 29696 matched cortical vertices,descriptive ceiling; candidate reuse allowed
sub-24,left,491,0.05086209997534752,453,0.09876349568367004,-38,0.12193273540844,0.060929513561623454,0.055960669444862464,40,absolute Pearson r across 29696 matched cortical vertices,descriptive ceiling; candidate reuse allowed
sub-24,left,492,0.004873829893767834,494,0.12913642823696136,2,0.12207610802511672,0.061026775544011626,0.061328584291296874,40,absolute Pearson r across 29696 matched cortical vertices,descriptive ceiling; candidate reuse allowed
sub-24,left,493,0.02819237858057022,527,0.0709584653377533,34,0.12231269778543082,0.06112039572738311,0.06542421438578308,40,absolute Pearson r across 29696 matched cortical vertices,descriptive ceiling; candidate reuse allowed
sub-24,left,494,0.03577623888850212,507,0.1312572956085205,13,0.12233917474748891,0.061328584291296874,0.06284974747912701,40,absolute Pearson r across 29696 matched cortical vertices,descriptive ceiling; candidate reuse allowed
sub-24,left,495,0.013033333234488964,474,0.08965978026390076,-21,0.12258591496395592,0.06136784654459947,0.05854868714253681,40,absolute Pearson r across 29696 matched cortical vertices,descriptive ceiling; candidate reuse allowed
sub-24,left,496,0.012391206808388233,476,0.11686280369758606,-20,0.12285809998656898,0.06155080547009916,0.058739218600536665,40,absolute Pearson r across 29696 matched cortical vertices,descriptive ceiling; candidate reuse allowed
sub-24,left,497,0.011759952642023563,530,0.08709336072206497,33,0.12306225913596967,0.061575111574783035,0.06582658377208973,40,absolute Pearson r across 29696 matched cortical vertices,descriptive ceiling; candidate reuse allowed
sub-24,left,498,0.004417142365127802,496,0.11243762820959091,-2,0.1233908257013883,0.06173224960145265,0.06155080547009916,40,absolute Pearson r across 29696 matched cortical vertices,descriptive ceiling; candidate reuse allowed
sub-24,left,499,0.026066511869430542,505,0.12259871512651443,6,0.12363181864835186,0.06196065403003876,0.06264924838743678,40,absolute Pearson r across 29696 matched cortical vertices,descriptive ceiling; candidate reuse allowed
sub-24,left,500,0.000232505495660007,462,0.09286340326070786,-38,0.12396231901751655,0.06213806641116295,0.05715615698460864,40,absolute Pearson r across 29696 matched cortical vertices,descriptive ceiling; candidate reuse allowed
sub-24,left,501,0.04892749339342117,504,0.12111268937587738,3,0.12409234598998896,0.06223225505133024,0.06263608365801625,41,absolute Pearson r across 29696 matched cortical vertices,descriptive ceiling; candidate reuse allowed
sub-24,left,502,0.024515176191926003,504,0.09636247158050537,2,0.12445710153171906,0.06248683948608385,0.06263608365801625,41,absolute Pearson r across 29696 matched cortical vertices,descriptive ceiling; candidate reuse allowed
sub-24,left,503,0.02930845506489277,477,0.11892613023519516,-26,0.12494534649575688,0.06253331058723846,0.05886687556657421,41,absolute Pearson r across 29696 matched cortical vertices,descriptive ceiling; candidate reuse allowed
sub-24,left,504,0.06625501066446304,529,0.08789375424385071,25,0.12517725440725289,0.06263608365801625,0.06574987209871208,41,absolute Pearson r across 29696 matched cortical vertices,descriptive ceiling; candidate reuse allowed
sub-24,left,505,0.05469987168908119,517,0.10792834311723709,12,0.1255488211879716,0.06264924838743678,0.06413713724032909,41,absolute Pearson r across 29696 matched cortical vertices,descriptive ceiling; candidate reuse allowed
sub-24,left,506,0.002088838256895542,495,0.11451467126607895,-11,0.12574788022892464,0.06278540296963335,0.06136784654459947,41,absolute Pearson r across 29696 matched cortical vertices,descriptive ceiling; candidate reuse allowed
sub-24,left,507,0.014528191648423672,545,0.1036371961236,38,0.12582176712970816,0.06284974747912701,0.06757501761452415,41,absolute Pearson r across 29696 matched cortical vertices,descriptive ceiling; candidate reuse allowed
sub-24,left,508,0.031786613166332245,523,0.09729789942502975,15,0.12595419130980645,0.06305925563859192,0.06494054722509789,41,absolute Pearson r across 29696 matched cortical vertices,descriptive ceiling; candidate reuse allowed
sub-24,left,509,0.015746554359793663,530,0.0821603536605835,21,0.1264549620802235,0.06309411057915586,0.06582658377208973,41,absolute Pearson r across 29696 matched cortical vertices,descriptive ceiling; candidate reuse allowed
sub-24,left,510,0.018148766830563545,514,0.08788149058818817,4,0.12672012765616894,0.06331619592618236,0.06378370585086823,41,absolute Pearson r across 29696 matched cortical vertices,descriptive ceiling; candidate reuse allowed
sub-24,left,511,0.0166767667979002,497,0.11605919152498245,-14,0.12708726797231915,0.06331839807956685,0.061575111574783035,41,absolute Pearson r across 29696 matched cortical vertices,descriptive ceiling; candidate reuse allowed
sub-24,left,512,0.03596212714910507,543,0.09836538136005402,31,0.12724357235285919,0.06351948851151798,0.0673457990915747,41,absolute Pearson r across 29696 matched cortical vertices,descriptive ceiling; candidate reuse allowed
sub-24,left,513,0.06628879904747009,471,0.10687181353569031,-42,0.1274307864045742,0.06366910893159797,0.058228549136902584,42,absolute Pearson r across 29696 matched cortical vertices,descriptive ceiling; candidate reuse allowed
sub-24,left,514,0.0484747551381588,549,0.10687654465436935,35,0.12770436858077097,0.06378370585086823,0.0682702321522208,42,absolute Pearson r across 29696 matched cortical vertices,descriptive ceiling; candidate reuse allowed
sub-24,left,515,0.02393449656665325,499,0.07340297847986221,-16,0.1279542067133176,0.06383385007272466,0.06196065403003876,42,absolute Pearson r across 29696 matched cortical vertices,descriptive ceiling; candidate reuse allowed
sub-24,left,516,0.0171817634254694,513,0.0919579491019249,-3,0.12807710026322996,0.06397992110594228,0.06366910893159797,42,absolute Pearson r across 29696 matched cortical vertices,descriptive ceiling; candidate reuse allowed
sub-24,left,517,0.041866011917591095,543,0.09936036914587021,26,0.1281792566923967,0.06413713724032909,0.0673457990915747,42,absolute Pearson r across 29696 matched cortical vertices,descriptive ceiling; candidate reuse allowed
sub-24,left,518,0.07820884883403778,518,0.07820884883403778,0,0.12829786868030263,0.06430530846867781,0.06430530846867781,42,absolute Pearson r across 29696 matched cortical vertices,descriptive ceiling; candidate reuse allowed
sub-24,left,519,0.06504949927330017,481,0.10540438443422318,-38,0.12876086124491157,0.06437451835951541,0.05950718821098717,42,absolute Pearson r across 29696 matched cortical vertices,descriptive ceiling; candidate reuse allowed
sub-24,left,520,0.03375044837594032,504,0.08055517822504044,-16,0.12909704803934888,0.06458544259358613,0.06263608365801625,42,absolute Pearson r across 29696 matched cortical vertices,descriptive ceiling; candidate reuse allowed
sub-24,left,521,0.010574146173894405,481,0.09387844055891037,-40,0.12938744487014114,0.06470529359793717,0.05950718821098717,42,absolute Pearson r across 29696 matched cortical vertices,descriptive ceiling; candidate reuse allowed
sub-24,left,522,0.01944814808666706,498,0.0958033874630928,-24,0.12970476006454362,0.0648876318712312,0.06173224960145265,42,absolute Pearson r across 29696 matched cortical vertices,descriptive ceiling; candidate reuse allowed
sub-24,left,523,0.010897125117480755,556,0.0895838588476181,33,0.12977856682798647,0.06494054722509789,0.06916530415862314,42,absolute Pearson r across 29696 matched cortical vertices,descriptive ceiling; candidate reuse allowed
sub-24,left,524,0.02152712456882,554,0.10747776180505753,30,0.13009249190654043,0.06497255798795404,0.06886850131421307,42,absolute Pearson r across 29696 matched cortical vertices,descriptive ceiling; candidate reuse allowed
sub-24,left,525,0.0541476272046566,517,0.0863497257232666,-8,0.1302974989611425,0.06511720737933134,0.06413713724032909,42,absolute Pearson r across 29696 matched cortical vertices,descriptive ceiling; candidate reuse allowed
sub-24,left,526,0.013321974314749241,483,0.09119945019483566,-43,0.13078083983359665,0.06534412730150951,0.059935120506882204,43,absolute Pearson r across 29696 matched cortical vertices,descriptive ceiling; candidate reuse allowed
sub-24,left,527,0.006409971043467522,535,0.09692457318305969,8,0.13081065867816713,0.06542421438578308,0.06631607886941948,43,absolute Pearson r across 29696 matched cortical vertices,descriptive ceiling; candidate reuse allowed
sub-24,left,528,0.005817293189466,487,0.13717728853225708,-41,0.13102666549747644,0.06558186316524373,0.06036739031001557,43,absolute Pearson r across 29696 matched cortical vertices,descriptive ceiling; candidate reuse allowed
sub-24,left,529,0.018542032688856125,505,0.09908551722764969,-24,0.13115735460596029,0.06574987209871208,0.06264924838743678,43,absolute Pearson r across 29696 matched cortical vertices,descriptive ceiling; candidate reuse allowed
sub-24,left,530,0.006573362275958061,542,0.10085796564817429,12,0.13141452317140273,0.06582658377208973,0.06715210943882398,43,absolute Pearson r across 29696 matched cortical vertices,descriptive ceiling; candidate reuse allowed
sub-24,left,531,0.03666716068983078,507,0.09976615756750107,-24,0.131950464708602,0.06594782858898966,0.06284974747912701,43,absolute Pearson r across 29696 matched cortical vertices,descriptive ceiling; candidate reuse allowed
sub-24,left,532,0.01817985624074936,528,0.13137350976467133,-4,0.13216988267411725,0.06609350240178134,0.06558186316524373,43,absolute Pearson r across 29696 matched cortical vertices,descriptive ceiling; candidate reuse allowed
sub-24,left,533,0.0066877552308142185,497,0.11894655227661133,-36,0.132430468033961,0.06617446355140046,0.061575111574783035,43,absolute Pearson r across 29696 matched cortical vertices,descriptive ceiling; candidate reuse allowed
sub-24,left,534,0.04531039670109749,543,0.07770182937383652,9,0.13268845243244476,0.066227651343559,0.0673457990915747,43,absolute Pearson r across 29696 matched cortical vertices,descriptive ceiling; candidate reuse allowed
sub-24,left,535,0.03271004185080528,528,0.10420370101928711,-7,0.1329216189400623,0.06631607886941948,0.06558186316524373,43,absolute Pearson r across 29696 matched cortical vertices,descriptive ceiling; candidate reuse allowed
sub-24,left,536,0.06330356001853943,542,0.09238879382610321,6,0.13300426317944852,0.06650193317793668,0.06715210943882398,43,absolute Pearson r across 29696 matched cortical vertices,descriptive ceiling; candidate reuse allowed
sub-24,left,537,0.023527001962065697,579,0.10519302636384964,42,0.13332352637951936,0.06653820037568817,0.07196356861556065,43,absolute Pearson r across 29696 matched cortical vertices,descriptive ceiling; candidate reuse allowed
sub-24,left,538,0.053095124661922455,540,0.0983661487698555,2,0.13384148687943806,0.06685234287101288,0.0669503173113875,44,absolute Pearson r across 29696 matched cortical vertices,descriptive ceiling; candidate reuse allowed
sub-24,left,539,0.026749081909656525,500,0.09068899601697922,-39,0.13407260560757095,0.06687156065956508,0.06213806641116295,44,absolute Pearson r across 29696 matched cortical vertices,descriptive ceiling; candidate reuse allowed
sub-24,left,540,0.027393946424126625,560,0.081997811794281,20,0.13419004640395799,0.0669503173113875,0.06967509692852453,44,absolute Pearson r across 29696 matched cortical vertices,descriptive ceiling; candidate reuse allowed
sub-24,left,541,0.041206855326890945,584,0.1116785928606987,43,0.13441840632976138,0.06711872523221583,0.0727801226415293,44,absolute Pearson r across 29696 matched cortical vertices,descriptive ceiling; candidate reuse allowed
sub-24,left,542,0.01727776601910591,539,0.097335584461689,-3,0.1348026545333879,0.06715210943882398,0.06687156065956508,44,absolute Pearson r across 29696 matched cortical vertices,descriptive ceiling; candidate reuse allowed
sub-24,left,543,0.007286939769983292,537,0.0807805135846138,-6,0.13515464106753705,0.0673457990915747,0.06653820037568817,44,absolute Pearson r across 29696 matched cortical vertices,descriptive ceiling; candidate reuse allowed
sub-24,left,544,0.034934405237436295,550,0.08981890976428986,6,0.13539015118462883,0.06754550326544949,0.06842107111234806,44,absolute Pearson r across 29696 matched cortical vertices,descriptive ceiling; candidate reuse allowed
sub-24,left,545,0.06188951060175896,582,0.12499578297138214,37,0.1355691810954436,0.06757501761452415,0.07254111953532073,44,absolute Pearson r across 29696 matched cortical vertices,descriptive ceiling; candidate reuse allowed
sub-24,left,546,0.001578472089022398,519,0.10856088995933533,-27,0.13593732248602736,0.067814580760822,0.06437451835951541,44,absolute Pearson r across 29696 matched cortical vertices,descriptive ceiling; candidate reuse allowed
sub-24,left,547,0.028338871896266937,530,0.09411703795194626,-17,0.13605351075901395,0.06782921477480619,0.06582658377208973,44,absolute Pearson r across 29696 matched cortical vertices,descriptive ceiling; candidate reuse allowed
sub-24,left,548,0.026741718873381615,516,0.10452298820018768,-32,0.1361736234899505,0.06815390649146058,0.06397992110594228,44,absolute Pearson r across 29696 matched cortical vertices,descriptive ceiling; candidate reuse allowed
sub-24,left,549,0.006680307909846306,552,0.10511979460716248,3,0.13690585040461384,0.0682702321522208,0.06859944807584821,44,absolute Pearson r across 29696 matched cortical vertices,descriptive ceiling; candidate reuse allowed
sub-24,left,550,0.017560163512825966,508,0.11012191325426102,-42,0.13697254300812609,0.06842107111234806,0.06305925563859192,44,absolute Pearson r across 29696 matched cortical vertices,descriptive ceiling; candidate reuse allowed
sub-24,left,551,0.03075878694653511,535,0.0909414142370224,-16,0.1373000850166883,0.06847228368599763,0.06631607886941948,45,absolute Pearson r across 29696 matched cortical vertices,descriptive ceiling; candidate reuse allowed
sub-24,left,552,0.08158513158559799,573,0.09143494814634323,21,0.1374131188740425,0.06859944807584821,0.07147770463858923,45,absolute Pearson r across 29696 matched cortical vertices,descriptive ceiling; candidate reuse allowed
sub-24,left,553,0.004649561829864979,557,0.11521019041538239,4,0.13781212883479874,0.06884028554909828,0.0693176777537514,45,absolute Pearson r across 29696 matched cortical vertices,descriptive ceiling; candidate reuse allowed
sub-24,left,554,0.0014886681456118822,566,0.12666165828704834,12,0.13809989442248544,0.06886850131421307,0.07040926552268605,45,absolute Pearson r across 29696 matched cortical vertices,descriptive ceiling; candidate reuse allowed
sub-24,left,555,0.008319877088069916,600,0.09146377444267273,45,0.13820380800873597,0.0690510057205507,0.07493408114139694,45,absolute Pearson r across 29696 matched cortical vertices,descriptive ceiling; candidate reuse allowed
sub-24,left,556,0.031924035400152206,551,0.10041097551584244,-5,0.13877171600882734,0.06916530415862314,0.06847228368599763,45,absolute Pearson r across 29696 matched cortical vertices,descriptive ceiling; candidate reuse allowed
sub-24,left,557,0.014288638718426228,512,0.08651866763830185,-45,0.1388362105354284,0.0693176777537514,0.06351948851151798,45,absolute Pearson r across 29696 matched cortical vertices,descriptive ceiling; candidate reuse allowed
sub-24,left,558,0.01195763424038887,532,0.0853918045759201,-26,0.13898815013779697,0.06934433866049076,0.06609350240178134,45,absolute Pearson r across 29696 matched cortical vertices,descriptive ceiling; candidate reuse allowed
sub-24,left,559,0.04261757805943489,584,0.11246566474437714,25,0.1392429881832903,0.06961686631727938,0.0727801226415293,45,absolute Pearson r across 29696 matched cortical vertices,descriptive ceiling; candidate reuse allowed
sub-24,left,560,0.022289015352725983,605,0.0880684107542038,45,0.13931251315112617,0.06967509692852453,0.07564427113539632,45,absolute Pearson r across 29696 matched cortical vertices,descriptive ceiling; candidate reuse allowed
sub-24,left,561,0.019584178924560547,531,0.10234785079956055,-30,0.13962504967460546,0.0698254547351091,0.06594782858898966,45,absolute Pearson r across 29696 matched cortical vertices,descriptive ceiling; candidate reuse allowed
sub-24,left,562,0.04395388066768646,536,0.08423370867967606,-26,0.13990312571144692,0.07006233811746747,0.06650193317793668,45,absolute Pearson r across 29696 matched cortical vertices,descriptive ceiling; candidate reuse allowed
sub-24,left,563,0.0019123575184494257,609,0.09150546789169312,46,0.14004022088817697,0.07008524312443198,0.07616912210289634,46,absolute Pearson r across 29696 matched cortical vertices,descriptive ceiling; candidate reuse allowed
sub-24,left,564,0.015966864302754402,527,0.07444485276937485,-37,0.14045957988381672,0.07023833744271306,0.06542421438578308,46,absolute Pearson r across 29696 matched cortical vertices,descriptive ceiling; candidate reuse allowed
sub-24,left,565,0.045150481164455414,521,0.10222433507442474,-44,0.14074923614594675,0.07026992670864021,0.06470529359793717,46,absolute Pearson r across 29696 matched cortical vertices,descriptive ceiling; candidate reuse allowed
sub-24,left,566,0.016757532954216003,563,0.10603974759578705,-3,0.1411015832496392,0.07040926552268605,0.07008524312443198,46,absolute Pearson r across 29696 matched cortical vertices,descriptive ceiling; candidate reuse allowed
sub-24,left,567,0.023547830060124397,606,0.08689256757497787,39,0.14119881424850145,0.07047904856485095,0.07566197277675829,46,absolute Pearson r across 29696 matched cortical vertices,descriptive ceiling; candidate reuse allowed
sub-24,left,568,0.005598230753093958,532,0.07663577049970627,-36,0.1413208694269585,0.07078462545513577,0.06609350240178134,46,absolute Pearson r across 29696 matched cortical vertices,descriptive ceiling; candidate reuse allowed
sub-24,left,569,0.056202080100774765,568,0.08619580417871475,-1,0.14160050496799748,0.07093408664822914,0.07078462545513577,46,absolute Pearson r across 29696 matched cortical vertices,descriptive ceiling; candidate reuse allowed
sub-24,left,570,0.045781757682561874,525,0.08391829580068588,-45,0.1416705391324584,0.07104176882794389,0.06511720737933134,46,absolute Pearson r across 29696 matched cortical vertices,descriptive ceiling; candidate reuse allowed
sub-24,left,571,0.004035959020256996,533,0.10974405705928802,-38,0.14214721460325797,0.07112297810409775,0.06617446355140046,46,absolute Pearson r across 29696 matched cortical vertices,descriptive ceiling; candidate reuse allowed
sub-24,left,572,0.08544228971004486,572,0.08544228971004486,0,0.14239118267776374,0.0712675371852491,0.0712675371852491,46,absolute Pearson r across 29696 matched cortical vertices,descriptive ceiling; candidate reuse allowed
sub-24,left,573,0.010867098346352577,528,0.10950712114572525,-45,0.14281094546917633,0.07147770463858923,0.06558186316524373,46,absolute Pearson r across 29696 matched cortical vertices,descriptive ceiling; candidate reuse allowed
sub-24,left,574,0.032612476497888565,610,0.09975472837686539,36,0.14313819091212168,0.07155741293139783,0.07618665943092115,46,absolute Pearson r across 29696 matched cortical vertices,descriptive ceiling; candidate reuse allowed
sub-24,left,575,0.03544922173023224,612,0.1011681780219078,37,0.14350191003894702,0.07167651147269445,0.07641950599558409,46,absolute Pearson r across 29696 matched cortical vertices,descriptive ceiling; candidate reuse allowed
sub-24,left,576,0.0045449696481227875,539,0.08015661686658859,-37,0.14380577964604552,0.07174486660616627,0.06687156065956508,47,absolute Pearson r across 29696 matched cortical vertices,descriptive ceiling; candidate reuse allowed
sub-24,left,577,0.01628459244966507,552,0.08579093217849731,-25,0.14401786349834195,0.07187389143547412,0.06859944807584821,47,absolute Pearson r across 29696 matched cortical vertices,descriptive ceiling; candidate reuse allowed
sub-24,left,578,0.015452281571924686,609,0.10093863308429718,31,0.14421613998940586,0.07194483689183215,0.07616912210289634,47,absolute Pearson r across 29696 matched cortical vertices,descriptive ceiling; candidate reuse allowed
sub-24,left,579,0.005559202749282122,543,0.08846720308065414,-36,0.14427848259976717,0.07196356861556065,0.0673457990915747,47,absolute Pearson r across 29696 matched cortical vertices,descriptive ceiling; candidate reuse allowed
sub-24,left,580,0.035648420453071594,549,0.1132887452840805,-31,0.1446766569484141,0.07217591776060572,0.0682702321522208,47,absolute Pearson r across 29696 matched cortical vertices,descriptive ceiling; candidate reuse allowed
sub-24,left,581,0.034402236342430115,539,0.13660302758216858,-42,0.14473814320378375,0.07244208530333254,0.06687156065956508,47,absolute Pearson r across 29696 matched cortical vertices,descriptive ceiling; candidate reuse allowed
sub-24,left,582,0.004359062295407057,543,0.11755841225385666,-39,0.1449641088093671,0.07254111953532073,0.0673457990915747,47,absolute Pearson r across 29696 matched cortical vertices,descriptive ceiling; candidate reuse allowed
sub-24,left,583,0.045515645295381546,555,0.09036850184202194,-28,0.14529065901808352,0.07275097636724691,0.0690510057205507,47,absolute Pearson r across 29696 matched cortical vertices,descriptive ceiling; candidate reuse allowed
sub-24,left,584,0.018032461404800415,588,0.0907917395234108,4,0.14571090675703835,0.0727801226415293,0.0734428759093719,47,absolute Pearson r across 29696 matched cortical vertices,descriptive ceiling; candidate reuse allowed
sub-24,left,585,0.02400382049381733,556,0.08674672991037369,-29,0.14600166479583648,0.07295463400576455,0.06916530415862314,47,absolute Pearson r across 29696 matched cortical vertices,descriptive ceiling; candidate reuse allowed
sub-24,left,586,0.0014771833084523678,552,0.092826709151268,-34,0.1461679174653152,0.07311757256675751,0.06859944807584821,47,absolute Pearson r across 29696 matched cortical vertices,descriptive ceiling; candidate reuse allowed
sub-24,left,587,0.013124353252351284,607,0.07251261919736862,20,0.1463557457676439,0.07321752750044794,0.07580255976516427,47,absolute Pearson r across 29696 matched cortical vertices,descriptive ceiling; candidate reuse allowed
sub-24,left,588,0.031161867082118988,551,0.13005280494689941,-37,0.1465580906733405,0.0734428759093719,0.06847228368599763,48,absolute Pearson r across 29696 matched cortical vertices,descriptive ceiling; candidate reuse allowed
sub-24,left,589,0.014859451912343502,636,0.096361443400383,47,0.14666699897852165,0.0735048211689839,0.07954998185861717,48,absolute Pearson r across 29696 matched cortical vertices,descriptive ceiling; candidate reuse allowed
sub-24,left,590,0.05333419889211655,629,0.10501160472631454,39,0.14709317872899272,0.0736614487464076,0.07852006258231645,48,absolute Pearson r across 29696 matched cortical vertices,descriptive ceiling; candidate reuse allowed
sub-24,left,591,0.0486394502222538,598,0.08642016351222992,7,0.14736974068026654,0.07374304190110148,0.07459782199714435,48,absolute Pearson r across 29696 matched cortical vertices,descriptive ceiling; candidate reuse allowed
sub-24,left,592,0.021008111536502838,560,0.09852088987827301,-32,0.14739238191218312,0.07379002203205845,0.06967509692852453,48,absolute Pearson r across 29696 matched cortical vertices,descriptive ceiling; candidate reuse allowed
sub-24,left,593,0.03393381088972092,572,0.08475295454263687,-21,0.14808791355678402,0.07397400632123774,0.0712675371852491,48,absolute Pearson r across 29696 matched cortical vertices,descriptive ceiling; candidate reuse allowed
sub-24,left,594,0.061100564897060394,569,0.10583169758319855,-25,0.14820616459983635,0.07416139265586398,0.07093408664822914,48,absolute Pearson r across 29696 matched cortical vertices,descriptive ceiling; candidate reuse allowed
sub-24,left,595,0.0032123937271535397,619,0.08227024972438812,24,0.1483288811548069,0.07421032646574002,0.07737364527752605,48,absolute Pearson r across 29696 matched cortical vertices,descriptive ceiling; candidate reuse allowed
sub-24,left,596,0.020387979224324226,593,0.10321757197380066,-3,0.14872801694444185,0.07442094842811559,0.07397400632123774,48,absolute Pearson r across 29696 matched cortical vertices,descriptive ceiling; candidate reuse allowed
sub-24,left,597,0.04047917574644089,593,0.08547205477952957,-4,0.14914557322494942,0.07448911314464565,0.07397400632123774,48,absolute Pearson r across 29696 matched cortical vertices,descriptive ceiling; candidate reuse allowed
sub-24,left,598,0.003101866226643324,602,0.10344482213258743,4,0.14939722929444998,0.07459782199714435,0.07531157592382025,48,absolute Pearson r across 29696 matched cortical vertices,descriptive ceiling; candidate reuse allowed
sub-24,left,599,0.015290340408682823,557,0.08733099699020386,-42,0.14966307961891764,0.07461306125705129,0.0693176777537514,48,absolute Pearson r across 29696 matched cortical vertices,descriptive ceiling; candidate reuse allowed
sub-24,left,600,0.10225903242826462,600,0.10225903242826462,0,0.15002208088707666,0.07493408114139694,0.07493408114139694,48,absolute Pearson r across 29696 matched cortical vertices,descriptive ceiling; candidate reuse allowed
sub-24,left,601,0.02315312996506691,646,0.09433239698410034,45,0.15008055508152615,0.07510845125316956,0.08069546229202976,49,absolute Pearson r across 29696 matched cortical vertices,descriptive ceiling; candidate reuse allowed
sub-24,left,602,0.035771265625953674,561,0.09178531169891357,-41,0.1502100491700271,0.07531157592382025,0.0698254547351091,49,absolute Pearson r across 29696 matched cortical vertices,descriptive ceiling; candidate reuse allowed
sub-24,left,603,0.04390254244208336,634,0.09170392155647278,31,0.15029940326964772,0.07540458556651529,0.07919852198259099,49,absolute Pearson r across 29696 matched cortical vertices,descriptive ceiling; candidate reuse allowed
sub-24,left,604,0.04279713332653046,622,0.10675985366106033,18,0.15077829022364025,0.07547371226236527,0.07775814971488297,49,absolute Pearson r across 29696 matched cortical vertices,descriptive ceiling; candidate reuse allowed
sub-24,left,605,0.028166435658931732,600,0.07256162911653519,-5,0.1510312145433455,0.07564427113539632,0.07493408114139694,49,absolute Pearson r across 29696 matched cortical vertices,descriptive ceiling; candidate reuse allowed
sub-24,left,606,0.008218146860599518,592,0.08934623748064041,-14,0.1512970828500428,0.07566197277675829,0.07379002203205845,49,absolute Pearson r across 29696 matched cortical vertices,descriptive ceiling; candidate reuse allowed
sub-24,left,607,0.004123779479414225,609,0.1021159365773201,2,0.15142678075109692,0.07580255976516427,0.07616912210289634,49,absolute Pearson r across 29696 matched cortical vertices,descriptive ceiling; candidate reuse allowed
sub-24,left,608,0.04405278339982033,636,0.0714181438088417,28,0.1517430714168779,0.07605328624449971,0.07954998185861717,49,absolute Pearson r across 29696 matched cortical vertices,descriptive ceiling; candidate reuse allowed
sub-24,left,609,0.01048525981605053,645,0.1218445748090744,36,0.1520193893134411,0.07616912210289634,0.08066087248025533,49,absolute Pearson r across 29696 matched cortical vertices,descriptive ceiling; candidate reuse allowed
sub-24,left,610,0.011810606345534325,652,0.08317273110151291,42,0.15212311896903405,0.07618665943092115,0.08164319073662,49,absolute Pearson r across 29696 matched cortical vertices,descriptive ceiling; candidate reuse allowed
sub-24,left,611,0.022174229845404625,615,0.07509391009807587,4,0.15269728283043754,0.0763729175200088,0.07670174999644111,49,absolute Pearson r across 29696 matched cortical vertices,descriptive ceiling; candidate reuse allowed
sub-24,left,612,0.02948838286101818,565,0.11584312468767166,-47,0.15300793030820622,0.07641950599558409,0.07026992670864021,49,absolute Pearson r across 29696 matched cortical vertices,descriptive ceiling; candidate reuse allowed
sub-24,left,613,0.008141795173287392,579,0.11127973347902298,-34,0.15318561716865395,0.07648685503721527,0.07196356861556065,50,absolute Pearson r across 29696 matched cortical vertices,descriptive ceiling; candidate reuse allowed
sub-24,left,614,0.08978241682052612,614,0.08978241682052612,0,0.15340656447414847,0.07665033305737379,0.07665033305737379,50,absolute Pearson r across 29696 matched cortical vertices,descriptive ceiling; candidate reuse allowed
sub-24,left,615,0.012159218080341816,607,0.12338580191135406,-8,0.15356467695817602,0.07670174999644111,0.07580255976516427,50,absolute Pearson r across 29696 matched cortical vertices,descriptive ceiling; candidate reuse allowed
sub-24,left,616,0.007672920823097229,584,0.09087978303432465,-32,0.1537735587739343,0.07694794248642155,0.0727801226415293,50,absolute Pearson r across 29696 matched cortical vertices,descriptive ceiling; candidate reuse allowed
sub-24,left,617,0.01752106286585331,663,0.1076691672205925,46,0.15417268065799622,0.07700218212918822,0.0831396052450005,50,absolute Pearson r across 29696 matched cortical vertices,descriptive ceiling; candidate reuse allowed
sub-24,left,618,0.01751333475112915,668,0.0744977667927742,50,0.1543870390881511,0.07726466271523616,0.08383303004633523,50,absolute Pearson r across 29696 matched cortical vertices,descriptive ceiling; candidate reuse allowed
sub-24,left,619,0.014421697705984116,600,0.06988249719142914,-19,0.15469814442973562,0.07737364527752605,0.07493408114139694,50,absolute Pearson r across 29696 matched cortical vertices,descriptive ceiling; candidate reuse allowed
sub-24,left,620,0.07580409944057465,584,0.09547770023345947,-36,0.1549225428493364,0.07744626166036553,0.0727801226415293,50,absolute Pearson r across 29696 matched cortical vertices,descriptive ceiling; candidate reuse allowed
sub-24,left,621,0.0026060547679662704,591,0.09634032100439072,-30,0.1551986584822588,0.07768674166709218,0.07374304190110148,50,absolute Pearson r across 29696 matched cortical vertices,descriptive ceiling; candidate reuse allowed
sub-24,left,622,0.04683937132358551,587,0.11519438028335571,-35,0.15537775226486064,0.07775814971488297,0.07321752750044794,50,absolute Pearson r across 29696 matched cortical vertices,descriptive ceiling; candidate reuse allowed
sub-24,left,623,0.02538023330271244,589,0.08489659428596497,-34,0.15554106127529152,0.07781337308380241,0.0735048211689839,50,absolute Pearson r across 29696 matched cortical vertices,descriptive ceiling; candidate reuse allowed
sub-24,left,624,0.0187616515904665,615,0.08453936129808426,-9,0.1558657132221724,0.07791043703797398,0.07670174999644111,50,absolute Pearson r across 29696 matched cortical vertices,descriptive ceiling; candidate reuse allowed
sub-24,left,625,0.050235435366630554,624,0.09566759318113327,-1,0.1563080479942767,0.07810410373215786,0.07791043703797398,50,absolute Pearson r across 29696 matched cortical vertices,descriptive ceiling; candidate reuse allowed
sub-24,left,626,0.01431194506585598,651,0.11760038882493973,25,0.15657482348726165,0.0781477842578478,0.08151332268253572,51,absolute Pearson r across 29696 matched cortical vertices,descriptive ceiling; candidate reuse allowed
sub-24,left,627,0.056633949279785156,658,0.1043357104063034,31,0.1567493312448406,0.07833123536898468,0.08255044255588508,51,absolute Pearson r across 29696 matched cortical vertices,descriptive ceiling; candidate reuse allowed
sub-24,left,628,0.05262868106365204,593,0.08747179061174393,-35,0.15679952337943187,0.07843989365150779,0.07397400632123774,51,absolute Pearson r across 29696 matched cortical vertices,descriptive ceiling; candidate reuse allowed
sub-24,left,629,0.012589716352522373,618,0.07088839262723923,-11,0.15717126980415597,0.07852006258231645,0.07726466271523616,51,absolute Pearson r across 29696 matched cortical vertices,descriptive ceiling; candidate reuse allowed
sub-24,left,630,0.0746387466788292,648,0.10880346596240997,18,0.15757815682182486,0.07872449847261226,0.0810608288492801,51,absolute Pearson r across 29696 matched cortical vertices,descriptive ceiling; candidate reuse allowed
sub-24,left,631,0.06215539202094078,676,0.0848093181848526,45,0.1576220179407858,0.07891838505943549,0.08493411572610177,51,absolute Pearson r across 29696 matched cortical vertices,descriptive ceiling; candidate reuse allowed
sub-24,left,632,0.012727190740406513,640,0.10962692648172379,8,0.15782717900817142,0.07904714339353215,0.08013845511051562,51,absolute Pearson r across 29696 matched cortical vertices,descriptive ceiling; candidate reuse allowed
sub-24,left,633,0.011050206609070301,630,0.08444536477327347,-3,0.15813999385368915,0.07908426460349988,0.07872449847261226,51,absolute Pearson r across 29696 matched cortical vertices,descriptive ceiling; candidate reuse allowed
sub-24,left,634,0.01810743659734726,672,0.10642687976360321,38,0.15866693956944872,0.07919852198259099,0.08433317413563497,51,absolute Pearson r across 29696 matched cortical vertices,descriptive ceiling; candidate reuse allowed
sub-24,left,635,0.02341977320611477,585,0.07956933230161667,-50,0.15879596432408039,0.07940242050522955,0.07295463400576455,51,absolute Pearson r across 29696 matched cortical vertices,descriptive ceiling; candidate reuse allowed
sub-24,left,636,0.03668110817670822,663,0.12423163652420044,27,0.15902003967537107,0.07954998185861717,0.0831396052450005,51,absolute Pearson r across 29696 matched cortical vertices,descriptive ceiling; candidate reuse allowed
sub-24,left,637,0.018839500844478607,592,0.09266169369220734,-45,0.15927803323972603,0.07968330273797226,0.07379002203205845,51,absolute Pearson r across 29696 matched cortical vertices,descriptive ceiling; candidate reuse allowed
sub-24,left,638,0.055619094520807266,617,0.11103309690952301,-21,0.15966018292097348,0.07978443993898011,0.07700218212918822,52,absolute Pearson r across 29696 matched cortical vertices,descriptive ceiling; candidate reuse allowed
sub-24,left,639,0.006449887529015541,624,0.0958886370062828,-15,0.1600788883686547,0.07986023663998314,0.07791043703797398,52,absolute Pearson r across 29696 matched cortical vertices,descriptive ceiling; candidate reuse allowed
sub-24,left,640,0.024588827043771744,613,0.09591513127088547,-27,0.1602167878516974,0.08013845511051562,0.07648685503721527,52,absolute Pearson r across 29696 matched cortical vertices,descriptive ceiling; candidate reuse allowed
sub-24,left,641,0.0052832430228590965,670,0.08031584322452545,29,0.16038305995982594,0.08016913604154621,0.08403828644660077,52,absolute Pearson r across 29696 matched cortical vertices,descriptive ceiling; candidate reuse allowed
sub-24,left,642,0.028967121616005898,599,0.09131106734275818,-43,0.16071279158285814,0.08038244364950038,0.07461306125705129,52,absolute Pearson r across 29696 matched cortical vertices,descriptive ceiling; candidate reuse allowed
sub-24,left,643,0.03914792090654373,682,0.09496261924505234,39,0.16097742144266444,0.08044995023635867,0.08568038013975249,52,absolute Pearson r across 29696 matched cortical vertices,descriptive ceiling; candidate reuse allowed
sub-24,left,644,0.034890711307525635,632,0.08560754358768463,-12,0.16111711841785864,0.08056916881018086,0.07904714339353215,52,absolute Pearson r across 29696 matched cortical vertices,descriptive ceiling; candidate reuse allowed
sub-24,left,645,0.010331607423722744,617,0.08250193297863007,-28,0.16142959234946222,0.08066087248025533,0.07700218212918822,52,absolute Pearson r across 29696 matched cortical vertices,descriptive ceiling; candidate reuse allowed
sub-24,left,646,0.041199661791324615,663,0.08629264682531357,17,0.1618541998087512,0.08069546229202976,0.0831396052450005,52,absolute Pearson r across 29696 matched cortical vertices,descriptive ceiling; candidate reuse allowed
sub-24,left,647,0.014128264971077442,654,0.08841123431921005,7,0.16204174802963603,0.08085782079759715,0.08192828622175294,52,absolute Pearson r across 29696 matched cortical vertices,descriptive ceiling; candidate reuse allowed
sub-24,left,648,0.02127906307578087,691,0.10152165591716766,43,0.16219168961397928,0.0810608288492801,0.08678009153384456,52,absolute Pearson r across 29696 matched cortical vertices,descriptive ceiling; candidate reuse allowed
sub-24,left,649,0.03861364722251892,618,0.10113030672073364,-31,0.16261304037568863,0.08141021372007498,0.07726466271523616,52,absolute Pearson r across 29696 matched cortical vertices,descriptive ceiling; candidate reuse allowed
sub-24,left,650,0.0180283822119236,699,0.09767618030309677,49,0.16268264280340006,0.08149647290182888,0.08775887948574322,52,absolute Pearson r across 29696 matched cortical vertices,descriptive ceiling; candidate reuse allowed
sub-24,left,651,0.030503299087285995,650,0.10606499761343002,-1,0.16292241146697928,0.08151332268253572,0.08149647290182888,53,absolute Pearson r across 29696 matched cortical vertices,descriptive ceiling; candidate reuse allowed
sub-24,left,652,0.028757696971297264,670,0.08094920963048935,18,0.1632300979718568,0.08164319073662,0.08403828644660077,53,absolute Pearson r across 29696 matched cortical vertices,descriptive ceiling; candidate reuse allowed
sub-24,left,653,0.030327685177326202,647,0.12013094127178192,-6,0.16337104420249896,0.08172866746926412,0.08085782079759715,53,absolute Pearson r across 29696 matched cortical vertices,descriptive ceiling; candidate reuse allowed
sub-24,left,654,0.007438077591359615,672,0.06753986328840256,18,0.16365031524565632,0.08192828622175294,0.08433317413563497,53,absolute Pearson r across 29696 matched cortical vertices,descriptive ceiling; candidate reuse allowed
sub-24,left,655,0.02429080940783024,640,0.09891953319311142,-15,0.1639402697970595,0.08206545329058106,0.08013845511051562,53,absolute Pearson r across 29696 matched cortical vertices,descriptive ceiling; candidate reuse allowed
sub-24,left,656,0.0010974151082336903,603,0.08302618563175201,-53,0.1640999408442816,0.08216685716182055,0.07540458556651529,53,absolute Pearson r across 29696 matched cortical vertices,descriptive ceiling; candidate reuse allowed
sub-24,left,657,0.014656413346529007,696,0.13252192735671997,39,0.1642657214023726,0.08225161357376418,0.08755491416375052,53,absolute Pearson r across 29696 matched cortical vertices,descriptive ceiling; candidate reuse allowed
sub-24,left,658,0.00030354794580489397,611,0.07448205351829529,-47,0.16449797823286658,0.08255044255588508,0.0763729175200088,53,absolute Pearson r across 29696 matched cortical vertices,descriptive ceiling; candidate reuse allowed
sub-24,left,659,0.008114416152238846,702,0.09647615998983383,43,0.16493604394165776,0.08259994170251778,0.08823087694785743,53,absolute Pearson r across 29696 matched cortical vertices,descriptive ceiling; candidate reuse allowed
sub-24,left,660,0.03493902459740639,640,0.08627263456583023,-20,0.1651882507222672,0.08278499446528519,0.08013845511051562,53,absolute Pearson r across 29696 matched cortical vertices,descriptive ceiling; candidate reuse allowed
sub-24,left,661,0.0076144239865243435,714,0.11545848846435547,53,0.16535901710701253,0.08294209471901633,0.08972407135636945,53,absolute Pearson r across 29696 matched cortical vertices,descriptive ceiling; candidate reuse allowed
sub-24,left,662,0.0034497359301894903,630,0.1020084097981453,-32,0.165684779142389,0.08303661779099766,0.07872449847261226,53,absolute Pearson r across 29696 matched cortical vertices,descriptive ceiling; candidate reuse allowed
sub-24,left,663,0.0010177656076848507,643,0.07687819004058838,-20,0.16602129233007729,0.0831396052450005,0.08044995023635867,54,absolute Pearson r across 29696 matched cortical vertices,descriptive ceiling; candidate reuse allowed
sub-24,left,664,0.058117933571338654,635,0.08245965093374252,-29,0.1665774990368617,0.0832797127660857,0.07940242050522955,54,absolute Pearson r across 29696 matched cortical vertices,descriptive ceiling; candidate reuse allowed
sub-24,left,665,0.03825492784380913,616,0.08579639345407486,-49,0.16665855333137128,0.08330548048984024,0.07694794248642155,54,absolute Pearson r across 29696 matched cortical vertices,descriptive ceiling; candidate reuse allowed
sub-24,left,666,0.06464662402868271,717,0.1056632399559021,51,0.16690220132878236,0.0835955070816142,0.09019028146623377,54,absolute Pearson r across 29696 matched cortical vertices,descriptive ceiling; candidate reuse allowed
sub-24,left,667,0.08450301736593246,698,0.12604421377182007,31,0.1674004329675172,0.08372528646425277,0.08775087662143422,54,absolute Pearson r across 29696 matched cortical vertices,descriptive ceiling; candidate reuse allowed
sub-24,left,668,0.04616505652666092,706,0.09972924739122391,38,0.16761727303279572,0.08383303004633523,0.08872826835525688,54,absolute Pearson r across 29696 matched cortical vertices,descriptive ceiling; candidate reuse allowed
sub-24,left,669,0.0033981360029429197,697,0.09520165622234344,28,0.16787650474047675,0.08400007455239462,0.08765781017550164,54,absolute Pearson r across 29696 matched cortical vertices,descriptive ceiling; candidate reuse allowed
sub-24,left,670,0.011195726692676544,651,0.07616481930017471,-19,0.16804637816628828,0.08403828644660077,0.08151332268253572,54,absolute Pearson r across 29696 matched cortical vertices,descriptive ceiling; candidate reuse allowed
sub-24,left,671,0.0643109530210495,720,0.10481137037277222,49,0.16817274816101233,0.08426045765905478,0.09044122400268073,54,absolute Pearson r across 29696 matched cortical vertices,descriptive ceiling; candidate reuse allowed
sub-24,left,672,0.002600578125566244,656,0.06238517537713051,-16,0.1683603299555466,0.08433317413563497,0.08216685716182055,54,absolute Pearson r across 29696 matched cortical vertices,descriptive ceiling; candidate reuse allowed
sub-24,left,673,0.011368650943040848,628,0.08370159566402435,-45,0.16864121921527228,0.08435923702514557,0.07843989365150779,54,absolute Pearson r across 29696 matched cortical vertices,descriptive ceiling; candidate reuse allowed
sub-24,left,674,0.04098832979798317,721,0.08105587214231491,47,0.1689581365638748,0.0845661506771707,0.0906290391698084,54,absolute Pearson r across 29696 matched cortical vertices,descriptive ceiling; candidate reuse allowed
sub-24,left,675,0.008871921338140965,696,0.09376553446054459,21,0.16916418391698715,0.08479302147836257,0.08755491416375052,54,absolute Pearson r across 29696 matched cortical vertices,descriptive ceiling; candidate reuse allowed
sub-24,left,676,0.03142596408724785,724,0.11131998151540756,48,0.1692455242995212,0.08493411572610177,0.0912292294891192,55,absolute Pearson r across 29696 matched cortical vertices,descriptive ceiling; candidate reuse allowed
sub-24,left,677,0.02226618491113186,668,0.0865815207362175,-9,0.16984549536595125,0.08502525003193917,0.08383303004633523,55,absolute Pearson r across 29696 matched cortical vertices,descriptive ceiling; candidate reuse allowed
sub-24,left,678,0.06941013783216476,673,0.09712136536836624,-5,0.17000653143212932,0.0851166809937957,0.08435923702514557,55,absolute Pearson r across 29696 matched cortical vertices,descriptive ceiling; candidate reuse allowed
sub-24,left,679,0.009025292471051216,680,0.08858829736709595,1,0.17048122605732624,0.08533797311236649,0.08538035811528893,55,absolute Pearson r across 29696 matched cortical vertices,descriptive ceiling; candidate reuse allowed
sub-24,left,680,0.01862150803208351,630,0.1243065893650055,-50,0.1705635225282312,0.08538035811528893,0.07872449847261226,55,absolute Pearson r across 29696 matched cortical vertices,descriptive ceiling; candidate reuse allowed
sub-24,left,681,0.066792331635952,628,0.08399923890829086,-53,0.17089996560905654,0.0854629666983906,0.07843989365150779,55,absolute Pearson r across 29696 matched cortical vertices,descriptive ceiling; candidate reuse allowed
sub-24,left,682,0.003986077848821878,692,0.11247336119413376,10,0.17098759418909262,0.08568038013975249,0.0869688496468388,55,absolute Pearson r across 29696 matched cortical vertices,descriptive ceiling; candidate reuse allowed
sub-24,left,683,0.0012813101056963205,675,0.08401796966791153,-8,0.17146023906439345,0.08581184728843674,0.08479302147836257,55,absolute Pearson r across 29696 matched cortical vertices,descriptive ceiling; candidate reuse allowed
sub-24,left,684,0.016832513734698296,691,0.0909484252333641,7,0.17182933099840586,0.08591877482980419,0.08678009153384456,55,absolute Pearson r across 29696 matched cortical vertices,descriptive ceiling; candidate reuse allowed
sub-24,left,685,0.013716531917452812,739,0.08636017888784409,54,0.17202837149270475,0.08606919123671421,0.09302503896805038,55,absolute Pearson r across 29696 matched cortical vertices,descriptive ceiling; candidate reuse allowed
sub-24,left,686,0.06189350038766861,701,0.0892336443066597,15,0.17230097853937928,0.08620359083063456,0.08814510024333852,55,absolute Pearson r across 29696 matched cortical vertices,descriptive ceiling; candidate reuse allowed
sub-24,left,687,0.029073957353830338,658,0.12043144553899765,-29,0.1724028527003023,0.08638145126527016,0.08255044255588508,55,absolute Pearson r across 29696 matched cortical vertices,descriptive ceiling; candidate reuse allowed
sub-24,left,688,0.05531877651810646,726,0.1107301190495491,38,0.17288774847806315,0.08642243487522937,0.0915657930515326,56,absolute Pearson r across 29696 matched cortical vertices,descriptive ceiling; candidate reuse allowed
sub-24,left,689,0.024867553263902664,672,0.08667921274900436,-17,0.1729672492852065,0.0866086084487249,0.08433317413563497,56,absolute Pearson r across 29696 matched cortical vertices,descriptive ceiling; candidate reuse allowed
sub-24,left,690,0.010918211191892624,730,0.068586565554142,40,0.17315116050310295,0.08670869716131809,0.09182832416938301,56,absolute Pearson r across 29696 matched cortical vertices,descriptive ceiling; candidate reuse allowed
sub-24,left,691,0.0600857213139534,705,0.09158755093812943,14,0.17353099637447505,0.08678009153384456,0.08866880287203649,56,absolute Pearson r across 29696 matched cortical vertices,descriptive ceiling; candidate reuse allowed
sub-24,left,692,0.03330959379673004,642,0.07963164895772934,-50,0.17364411871315283,0.0869688496468388,0.08038244364950038,56,absolute Pearson r across 29696 matched cortical vertices,descriptive ceiling; candidate reuse allowed
sub-24,left,693,0.022037137299776077,664,0.07837167382240295,-29,0.17388089096984283,0.08708784225897162,0.0832797127660857,56,absolute Pearson r across 29696 matched cortical vertices,descriptive ceiling; candidate reuse allowed
sub-24,left,694,0.0024353095795959234,668,0.07775833457708359,-26,0.17410497282994772,0.0873333399233473,0.08383303004633523,56,absolute Pearson r across 29696 matched cortical vertices,descriptive ceiling; candidate reuse allowed
sub-24,left,695,0.019377734512090683,653,0.09662219136953354,-42,0.17432412617544443,0.08734721898828342,0.08172866746926412,56,absolute Pearson r across 29696 matched cortical vertices,descriptive ceiling; candidate reuse allowed
sub-24,left,696,0.04101628437638283,748,0.09457330405712128,52,0.17444834831594913,0.08755491416375052,0.09433626735765101,56,absolute Pearson r across 29696 matched cortical vertices,descriptive ceiling; candidate reuse allowed
sub-24,left,697,0.0026836476754397154,646,0.07837305963039398,-51,0.17487442331539985,0.08765781017550164,0.08069546229202976,56,absolute Pearson r across 29696 matched cortical vertices,descriptive ceiling; candidate reuse allowed
sub-24,left,698,0.0078024412505328655,658,0.07796749472618103,-40,0.17500704539793124,0.08775087662143422,0.08255044255588508,56,absolute Pearson r across 29696 matched cortical vertices,descriptive ceiling; candidate reuse allowed
sub-24,left,699,0.007970716804265976,692,0.07490410655736923,-7,0.17533430957166918,0.08775887948574322,0.0869688496468388,56,absolute Pearson r across 29696 matched cortical vertices,descriptive ceiling; candidate reuse allowed
sub-24,left,700,0.03085632435977459,731,0.08110412955284119,31,0.17548584502248019,0.08802594545338262,0.09214881761342122,56,absolute Pearson r across 29696 matched cortical vertices,descriptive ceiling; candidate reuse allowed
sub-24,left,701,0.04827435314655304,690,0.07979211211204529,-11,0.17560608984349899,0.08814510024333852,0.08670869716131809,57,absolute Pearson r across 29696 matched cortical vertices,descriptive ceiling; candidate reuse allowed
sub-24,left,702,0.03225558251142502,645,0.0971931517124176,-57,0.17614237151065282,0.08823087694785743,0.08066087248025533,57,absolute Pearson r across 29696 matched cortical vertices,descriptive ceiling; candidate reuse allowed
sub-24,left,703,0.01734841614961624,746,0.09430710971355438,43,0.17634617736108515,0.08839359453160772,0.09399784637578144,57,absolute Pearson r across 29696 matched cortical vertices,descriptive ceiling; candidate reuse allowed
sub-24,left,704,0.07021209597587585,705,0.11113135516643524,1,0.1767999130054527,0.08846946821369273,0.08866880287203649,57,absolute Pearson r across 29696 matched cortical vertices,descriptive ceiling; candidate reuse allowed
sub-24,left,705,0.009102880023419857,727,0.07856730371713638,22,0.17713941988184778,0.08866880287203649,0.09164303247803177,57,absolute Pearson r across 29696 matched cortical vertices,descriptive ceiling; candidate reuse allowed
sub-24,left,706,0.030822571367025375,694,0.0821252092719078,-12,0.17729501225778796,0.08872826835525688,0.0873333399233473,57,absolute Pearson r across 29696 matched cortical vertices,descriptive ceiling; candidate reuse allowed
sub-24,left,707,0.022764846682548523,737,0.0927850604057312,30,0.1777666775480371,0.08876839413173704,0.09284652160244387,57,absolute Pearson r across 29696 matched cortical vertices,descriptive ceiling; candidate reuse allowed
sub-24,left,708,0.039888765662908554,672,0.08680276572704315,-36,0.17788226543446073,0.08893826139246964,0.08433317413563497,57,absolute Pearson r across 29696 matched cortical vertices,descriptive ceiling; candidate reuse allowed
sub-24,left,709,0.010496597737073898,726,0.10000830888748169,17,0.17796208596203603,0.08912584053972604,0.0915657930515326,57,absolute Pearson r across 29696 matched cortical vertices,descriptive ceiling; candidate reuse allowed
sub-24,left,710,0.003229436231777072,719,0.0910300463438034,9,0.17848121130273698,0.08922559719025754,0.09037430667645847,57,absolute Pearson r across 29696 matched cortical vertices,descriptive ceiling; candidate reuse allowed
sub-24,left,711,0.02379147708415985,743,0.08423971384763718,32,0.1787841333760943,0.0893326494277434,0.09359147355609904,57,absolute Pearson r across 29696 matched cortical vertices,descriptive ceiling; candidate reuse allowed
sub-24,left,712,0.04995148256421089,668,0.0813252329826355,-44,0.17899307915517107,0.08939507249483147,0.08383303004633523,57,absolute Pearson r across 29696 matched cortical vertices,descriptive ceiling; candidate reuse allowed
sub-24,left,713,0.006796475034207106,678,0.099225714802742,-35,0.17926138943023218,0.08960464667088666,0.0851166809937957,58,absolute Pearson r across 29696 matched cortical vertices,descriptive ceiling; candidate reuse allowed
sub-24,left,714,0.0422358438372612,742,0.06970053911209106,28,0.1795753306653359,0.08972407135636945,0.09355280896948208,58,absolute Pearson r across 29696 matched cortical vertices,descriptive ceiling; candidate reuse allowed
sub-24,left,715,0.018255483359098434,682,0.10585290193557739,-33,0.17977620139422562,0.08979781556026208,0.08568038013975249,58,absolute Pearson r across 29696 matched cortical vertices,descriptive ceiling; candidate reuse allowed
sub-24,left,716,0.0029370037373155355,673,0.11281400173902512,-43,0.17995119256708347,0.09003056331770334,0.08435923702514557,58,absolute Pearson r across 29696 matched cortical vertices,descriptive ceiling; candidate reuse allowed
sub-24,left,717,0.013515000231564045,666,0.07291940599679947,-51,0.18025275505743887,0.09019028146623377,0.0835955070816142,58,absolute Pearson r across 29696 matched cortical vertices,descriptive ceiling; candidate reuse allowed
sub-24,left,718,0.00825838278979063,705,0.08525697141885757,-13,0.18029023231892893,0.0902699761020613,0.08866880287203649,58,absolute Pearson r across 29696 matched cortical vertices,descriptive ceiling; candidate reuse allowed
sub-24,left,719,0.04894449934363365,765,0.08435551822185516,46,0.18053859019555768,0.09037430667645847,0.09654431761365564,58,absolute Pearson r across 29696 matched cortical vertices,descriptive ceiling; candidate reuse allowed
sub-24,left,720,0.027439270168542862,668,0.1004226878285408,-52,0.18068441774027882,0.09044122400268073,0.08383303004633523,58,absolute Pearson r across 29696 matched cortical vertices,descriptive ceiling; candidate reuse allowed
sub-24,left,721,0.04557374119758606,709,0.08700118958950043,-12,0.18132431768217536,0.0906290391698084,0.08912584053972604,58,absolute Pearson r across 29696 matched cortical vertices,descriptive ceiling; candidate reuse allowed
sub-24,left,722,0.017870435491204262,678,0.09305747598409653,-44,0.18138515435552507,0.09076041104249295,0.0851166809937957,58,absolute Pearson r across 29696 matched cortical vertices,descriptive ceiling; candidate reuse allowed
sub-24,left,723,0.020321223884820938,755,0.09946834295988083,32,0.1817713125317382,0.09087090264646859,0.09508188977749102,58,absolute Pearson r across 29696 matched cortical vertices,descriptive ceiling; candidate reuse allowed
sub-24,left,724,0.03562483564019203,671,0.09137214720249176,-53,0.18181537718245785,0.0912292294891192,0.08426045765905478,58,absolute Pearson r across 29696 matched cortical vertices,descriptive ceiling; candidate reuse allowed
sub-24,left,725,0.004780930932611227,706,0.1281994879245758,-19,0.1820531834521148,0.0913527313324634,0.08872826835525688,58,absolute Pearson r across 29696 matched cortical vertices,descriptive ceiling; candidate reuse allowed
sub-24,left,726,0.0506313256919384,779,0.0888616219162941,53,0.1822754327836916,0.0915657930515326,0.09825442935568925,59,absolute Pearson r across 29696 matched cortical vertices,descriptive ceiling; candidate reuse allowed
sub-24,left,727,0.035208724439144135,778,0.07516779750585556,51,0.1825477998787113,0.09164303247803177,0.09816462806722284,59,absolute Pearson r across 29696 matched cortical vertices,descriptive ceiling; candidate reuse allowed
sub-24,left,728,0.030909502878785133,700,0.07264486700296402,-28,0.18289827857513907,0.09169781152197272,0.08802594545338262,59,absolute Pearson r across 29696 matched cortical vertices,descriptive ceiling; candidate reuse allowed
sub-24,left,729,0.009057508781552315,743,0.0808108001947403,14,0.1832688958750731,0.09176802854453701,0.09359147355609904,59,absolute Pearson r across 29696 matched cortical vertices,descriptive ceiling; candidate reuse allowed
sub-24,left,730,0.03790735453367233,700,0.07688236236572266,-30,0.18360461088493246,0.09182832416938301,0.08802594545338262,59,absolute Pearson r across 29696 matched cortical vertices,descriptive ceiling; candidate reuse allowed
sub-24,left,731,0.027581220492720604,760,0.08348823338747025,29,0.18392801219844646,0.09214881761342122,0.09586333001759915,59,absolute Pearson r across 29696 matched cortical vertices,descriptive ceiling; candidate reuse allowed
sub-24,left,732,0.02621092088520527,715,0.07858870923519135,-17,0.1839490970427389,0.09219612204630834,0.08979781556026208,59,absolute Pearson r across 29696 matched cortical vertices,descriptive ceiling; candidate reuse allowed
sub-24,left,733,0.010633078403770924,719,0.094943568110466,-14,0.18414578370265067,0.09234279658110142,0.09037430667645847,59,absolute Pearson r across 29696 matched cortical vertices,descriptive ceiling; candidate reuse allowed
sub-24,left,734,0.0076085468754172325,727,0.07453639060258865,-7,0.18475610387734012,0.09242553184464317,0.09164303247803177,59,absolute Pearson r across 29696 matched cortical vertices,descriptive ceiling; candidate reuse allowed
sub-24,left,735,0.02523234114050865,788,0.10518546402454376,53,0.1850082093756315,0.09253625099572357,0.09962330887212453,59,absolute Pearson r across 29696 matched cortical vertices,descriptive ceiling; candidate reuse allowed
sub-24,left,736,0.03632313013076782,764,0.07861732691526413,28,0.18506960549408197,0.09270825547385243,0.09641005854250378,59,absolute Pearson r across 29696 matched cortical vertices,descriptive ceiling; candidate reuse allowed
sub-24,left,737,0.021445993334054947,796,0.09022129327058792,59,0.18522195617246623,0.09284652160244387,0.10071078337408788,59,absolute Pearson r across 29696 matched cortical vertices,descriptive ceiling; candidate reuse allowed
sub-24,left,738,0.008948026224970818,732,0.0750993862748146,-6,0.18545791839848402,0.0930059227660556,0.09219612204630834,60,absolute Pearson r across 29696 matched cortical vertices,descriptive ceiling; candidate reuse allowed
sub-24,left,739,0.01946420781314373,723,0.07929970324039459,-16,0.18598406453000063,0.09302503896805038,0.09087090264646859,60,absolute Pearson r across 29696 matched cortical vertices,descriptive ceiling; candidate reuse allowed
sub-24,left,740,0.012378577142953873,777,0.09538548439741135,37,0.1860287208921321,0.09322598974859572,0.09801955408230975,60,absolute Pearson r across 29696 matched cortical vertices,descriptive ceiling; candidate reuse allowed
sub-24,left,741,0.030070791020989418,698,0.07195809483528137,-43,0.18639980054671407,0.09345819872321635,0.08775087662143422,60,absolute Pearson r across 29696 matched cortical vertices,descriptive ceiling; candidate reuse allowed
sub-24,left,742,0.024798547849059105,785,0.07694490253925323,43,0.1867412147038899,0.09355280896948208,0.09919276423913267,60,absolute Pearson r across 29696 matched cortical vertices,descriptive ceiling; candidate reuse allowed
sub-24,left,743,0.022462956607341766,694,0.12533673644065857,-49,0.18682840911846565,0.09359147355609904,0.0873333399233473,60,absolute Pearson r across 29696 matched cortical vertices,descriptive ceiling; candidate reuse allowed
sub-24,left,744,0.0012652265140786767,772,0.0852164700627327,28,0.18702531614064416,0.0937840630251927,0.09743719936684131,60,absolute Pearson r across 29696 matched cortical vertices,descriptive ceiling; candidate reuse allowed
sub-24,left,745,0.009037736803293228,746,0.06917460262775421,1,0.18742145091292767,0.09388030834649158,0.09399784637578144,60,absolute Pearson r across 29696 matched cortical vertices,descriptive ceiling; candidate reuse allowed
sub-24,left,746,0.08448953926563263,723,0.08867131918668747,-23,0.1877141754031475,0.09399784637578144,0.09087090264646859,60,absolute Pearson r across 29696 matched cortical vertices,descriptive ceiling; candidate reuse allowed
sub-24,left,747,0.01758696883916855,690,0.09657946974039078,-57,0.18793670233528953,0.09407408360183148,0.08670869716131809,60,absolute Pearson r across 29696 matched cortical vertices,descriptive ceiling; candidate reuse allowed
sub-24,left,748,0.022123489528894424,789,0.11397038400173187,41,0.18832539836809262,0.09433626735765101,0.09980144433369602,60,absolute Pearson r across 29696 matched cortical vertices,descriptive ceiling; candidate reuse allowed
sub-24,left,749,0.013424231670796871,780,0.09770517796278,31,0.1885211800953627,0.0944933817507313,0.09833113587305772,60,absolute Pearson r across 29696 matched cortical vertices,descriptive ceiling; candidate reuse allowed
sub-24,left,750,0.026153966784477234,737,0.07627182453870773,-13,0.18853791434606756,0.09451328157562759,0.09284652160244387,60,absolute Pearson r across 29696 matched cortical vertices,descriptive ceiling; candidate reuse allowed
sub-24,left,751,0.0032081776298582554,753,0.08291879296302795,2,0.18914654967752006,0.09466591538795406,0.0949889588169326,61,absolute Pearson r across 29696 matched cortical vertices,descriptive ceiling; candidate reuse allowed
sub-24,left,752,0.04741981625556946,776,0.09225628525018692,24,0.18935733429063856,0.09482183918702802,0.09787278711904006,61,absolute Pearson r across 29696 matched cortical vertices,descriptive ceiling; candidate reuse allowed
sub-24,left,753,0.021603861823678017,712,0.0729982852935791,-41,0.18953163454702948,0.0949889588169326,0.08939507249483147,61,absolute Pearson r across 29696 matched cortical vertices,descriptive ceiling; candidate reuse allowed
sub-24,left,754,0.00036719045601785183,792,0.09078279137611389,38,0.18987153463548836,0.09502777819110433,0.10016971971094132,61,absolute Pearson r across 29696 matched cortical vertices,descriptive ceiling; candidate reuse allowed
sub-24,left,755,0.019437618553638458,778,0.07543832063674927,23,0.19008191323733664,0.09508188977749102,0.09816462806722284,61,absolute Pearson r across 29696 matched cortical vertices,descriptive ceiling; candidate reuse allowed
sub-24,left,756,0.033963728696107864,816,0.09705403447151184,60,0.19029691311570374,0.09521661448879058,0.10322028859437483,61,absolute Pearson r across 29696 matched cortical vertices,descriptive ceiling; candidate reuse allowed
sub-24,left,757,0.009932702407240868,778,0.0862678587436676,21,0.19042054915874423,0.09554649154169279,0.09816462806722284,61,absolute Pearson r across 29696 matched cortical vertices,descriptive ceiling; candidate reuse allowed
sub-24,left,758,0.001996795879676938,804,0.07650136202573776,46,0.19097910191415005,0.09563944746439443,0.10163112366398604,61,absolute Pearson r across 29696 matched cortical vertices,descriptive ceiling; candidate reuse allowed
sub-24,left,759,0.01894580014050007,813,0.09209516644477844,54,0.19110069836918486,0.09567904784637349,0.10284955648625757,61,absolute Pearson r across 29696 matched cortical vertices,descriptive ceiling; candidate reuse allowed
sub-24,left,760,0.005925735924392939,779,0.09349741786718369,19,0.19123794851398587,0.09586333001759915,0.09825442935568925,61,absolute Pearson r across 29696 matched cortical vertices,descriptive ceiling; candidate reuse allowed
sub-24,left,761,0.04532322287559509,711,0.09348800778388977,-50,0.19146502684557226,0.09593187015140436,0.0893326494277434,61,absolute Pearson r across 29696 matched cortical vertices,descriptive ceiling; candidate reuse allowed
sub-24,left,762,0.020404638722538948,800,0.0713321641087532,38,0.19161559709514575,0.09610122826753645,0.1011110150699392,61,absolute Pearson r across 29696 matched cortical vertices,descriptive ceiling; candidate reuse allowed
sub-24,left,763,0.041821740567684174,728,0.08619925379753113,-35,0.19216627177136472,0.0962154833105865,0.09169781152197272,62,absolute Pearson r across 29696 matched cortical vertices,descriptive ceiling; candidate reuse allowed
sub-24,left,764,0.012463185004889965,799,0.09239321947097778,35,0.19237962307597614,0.09641005854250378,0.10094084157700757,62,absolute Pearson r across 29696 matched cortical vertices,descriptive ceiling; candidate reuse allowed
sub-24,left,765,0.04572123661637306,799,0.09477084875106812,34,0.19249699511405385,0.09654431761365564,0.10094084157700757,62,absolute Pearson r across 29696 matched cortical vertices,descriptive ceiling; candidate reuse allowed
sub-24,left,766,0.06630653142929077,763,0.08149803429841995,-3,0.19290722602117805,0.09665684201151506,0.0962154833105865,62,absolute Pearson r across 29696 matched cortical vertices,descriptive ceiling; candidate reuse allowed
sub-24,left,767,0.010923156514763832,761,0.08376158028841019,-6,0.19303912986160687,0.09686810779574925,0.09593187015140436,62,absolute Pearson r across 29696 matched cortical vertices,descriptive ceiling; candidate reuse allowed
sub-24,left,768,0.04520012438297272,748,0.09549054503440857,-20,0.1934665012920431,0.0969275435211134,0.09433626735765101,62,absolute Pearson r across 29696 matched cortical vertices,descriptive ceiling; candidate reuse allowed
sub-24,left,769,0.030703920871019363,755,0.07895749062299728,-14,0.19367954742287508,0.09714066191477681,0.09508188977749102,62,absolute Pearson r across 29696 matched cortical vertices,descriptive ceiling; candidate reuse allowed
sub-24,left,770,0.03257514163851738,716,0.07994512468576431,-54,0.19396658614865106,0.097165317606139,0.09003056331770334,62,absolute Pearson r across 29696 matched cortical vertices,descriptive ceiling; candidate reuse allowed
sub-24,left,771,0.006454575806856155,793,0.09053914994001389,22,0.19455599966449696,0.09727013331044379,0.10021090637459842,62,absolute Pearson r across 29696 matched cortical vertices,descriptive ceiling; candidate reuse allowed
sub-24,left,772,0.02171236090362072,778,0.10828309506177902,6,0.19483886248448112,0.09743719936684131,0.09816462806722284,62,absolute Pearson r across 29696 matched cortical vertices,descriptive ceiling; candidate reuse allowed
sub-24,left,773,0.013332238420844078,768,0.07949187606573105,-5,0.1949985344844922,0.09752006559971321,0.0969275435211134,62,absolute Pearson r across 29696 matched cortical vertices,descriptive ceiling; candidate reuse allowed
sub-24,left,774,0.004651485476642847,823,0.09036716818809509,49,0.19533386844191206,0.09764755987130735,0.10417575694977312,62,absolute Pearson r across 29696 matched cortical vertices,descriptive ceiling; candidate reuse allowed
sub-24,left,775,0.03501090779900551,768,0.08385932445526123,-7,0.19542870667385667,0.09780968795013009,0.0969275435211134,62,absolute Pearson r across 29696 matched cortical vertices,descriptive ceiling; candidate reuse allowed
sub-24,left,776,0.07065525650978088,794,0.0916995257139206,18,0.19580043198218,0.09787278711904006,0.10044136229980545,63,absolute Pearson r across 29696 matched cortical vertices,descriptive ceiling; candidate reuse allowed
sub-24,left,777,0.03605857118964195,775,0.06546003371477127,-2,0.19598918275618876,0.09801955408230975,0.09780968795013009,63,absolute Pearson r across 29696 matched cortical vertices,descriptive ceiling; candidate reuse allowed
sub-24,left,778,0.049080729484558105,833,0.0852607861161232,55,0.19621307792248235,0.09816462806722284,0.10562260448326988,63,absolute Pearson r across 29696 matched cortical vertices,descriptive ceiling; candidate reuse allowed
sub-24,left,779,0.023125160485506058,729,0.10943923890590668,-50,0.19668844993680204,0.09825442935568925,0.09176802854453701,63,absolute Pearson r across 29696 matched cortical vertices,descriptive ceiling; candidate reuse allowed
sub-24,left,780,0.00521570909768343,814,0.08098215609788895,34,0.19672217735062922,0.09833113587305772,0.10296488302099695,63,absolute Pearson r across 29696 matched cortical vertices,descriptive ceiling; candidate reuse allowed
sub-24,left,781,0.009855874814093113,834,0.12857398390769958,53,0.19697547310712255,0.0985384751205014,0.10584259103530923,63,absolute Pearson r across 29696 matched cortical vertices,descriptive ceiling; candidate reuse allowed
sub-24,left,782,0.003219462698325515,839,0.08130286633968353,57,0.19726441681965212,0.09859661473870157,0.1064964638790955,63,absolute Pearson r across 29696 matched cortical vertices,descriptive ceiling; candidate reuse allowed
sub-24,left,783,0.013220956549048424,723,0.07745378464460373,-60,0.19728024279410658,0.09895180662517114,0.09087090264646859,63,absolute Pearson r across 29696 matched cortical vertices,descriptive ceiling; candidate reuse allowed
sub-24,left,784,0.021372182294726372,823,0.10244470834732056,39,0.19762935011959082,0.09903316703624622,0.10417575694977312,63,absolute Pearson r across 29696 matched cortical vertices,descriptive ceiling; candidate reuse allowed
sub-24,left,785,0.038253024220466614,804,0.13452143967151642,19,0.19779609029078113,0.09919276423913267,0.10163112366398604,63,absolute Pearson r across 29696 matched cortical vertices,descriptive ceiling; candidate reuse allowed
sub-24,left,786,0.004781211260706186,801,0.08605606853961945,15,0.19815247906553007,0.09934943814239282,0.10122716052621937,63,absolute Pearson r across 29696 matched cortical vertices,descriptive ceiling; candidate reuse allowed
sub-24,left,787,0.003716833656653762,729,0.08734393119812012,-58,0.19844583314727055,0.09956495915571377,0.09176802854453701,63,absolute Pearson r across 29696 matched cortical vertices,descriptive ceiling; candidate reuse allowed
sub-24,left,788,0.003405124181881547,760,0.07640990614891052,-28,0.19904251413976165,0.09962330887212453,0.09586333001759915,64,absolute Pearson r across 29696 matched cortical vertices,descriptive ceiling; candidate reuse allowed
sub-24,left,789,0.005847553722560406,797,0.09503971040248871,8,0.1990867547615152,0.09980144433369602,0.10083529666446794,64,absolute Pearson r across 29696 matched cortical vertices,descriptive ceiling; candidate reuse allowed
sub-24,left,790,0.024775836616754532,841,0.08828442543745041,51,0.1993091685941924,0.09993111810593051,0.10660127717244039,64,absolute Pearson r across 29696 matched cortical vertices,descriptive ceiling; candidate reuse allowed
sub-24,left,791,0.051785971969366074,850,0.08203577995300293,59,0.19959777403563342,0.1000299441304757,0.10782841270840003,64,absolute Pearson r across 29696 matched cortical vertices,descriptive ceiling; candidate reuse allowed
sub-24,left,792,0.02021443471312523,785,0.06834357231855392,-7,0.1999769023664411,0.10016971971094132,0.09919276423913267,64,absolute Pearson r across 29696 matched cortical vertices,descriptive ceiling; candidate reuse allowed
sub-24,left,793,0.014955013059079647,757,0.08328701555728912,-36,0.20013090314082319,0.10021090637459842,0.09554649154169279,64,absolute Pearson r across 29696 matched cortical vertices,descriptive ceiling; candidate reuse allowed
sub-24,left,794,0.005115372594445944,762,0.08660310506820679,-32,0.20028601010059513,0.10044136229980545,0.09610122826753645,64,absolute Pearson r across 29696 matched cortical vertices,descriptive ceiling; candidate reuse allowed
sub-24,left,795,0.04645418003201485,784,0.07916267216205597,-11,0.20070346672587985,0.10064803105476561,0.09903316703624622,64,absolute Pearson r across 29696 matched cortical vertices,descriptive ceiling; candidate reuse allowed
sub-24,left,796,0.034079600125551224,765,0.09592927992343903,-31,0.20094528068817424,0.10071078337408788,0.09654431761365564,64,absolute Pearson r across 29696 matched cortical vertices,descriptive ceiling; candidate reuse allowed
sub-24,left,797,0.0049362266436219215,738,0.07094022631645203,-59,0.20103516366535268,0.10083529666446794,0.0930059227660556,64,absolute Pearson r across 29696 matched cortical vertices,descriptive ceiling; candidate reuse allowed
sub-24,left,798,0.012649199925363064,837,0.08797187358140945,39,0.20151790352737178,0.10093520566672723,0.10625285941411061,64,absolute Pearson r across 29696 matched cortical vertices,descriptive ceiling; candidate reuse allowed
sub-24,left,799,0.0011752257123589516,787,0.07752272486686707,-12,0.20174692936280642,0.10094084157700757,0.09956495915571377,64,absolute Pearson r across 29696 matched cortical vertices,descriptive ceiling; candidate reuse allowed
sub-24,left,800,0.04533849284052849,861,0.08494441211223602,61,0.20190471049362174,0.1011110150699392,0.10928255307670431,64,absolute Pearson r across 29696 matched cortical vertices,descriptive ceiling; candidate reuse allowed
sub-24,left,801,0.07798776030540466,814,0.08963095396757126,13,0.20199254430512378,0.10122716052621937,0.10296488302099695,65,absolute Pearson r across 29696 matched cortical vertices,descriptive ceiling; candidate reuse allowed
sub-24,left,802,0.04488483816385269,856,0.09581112861633301,54,0.2022205736645303,0.10138387481813749,0.10869175007497717,65,absolute Pearson r across 29696 matched cortical vertices,descriptive ceiling; candidate reuse allowed
sub-24,left,803,0.015326986089348793,845,0.10027723014354706,42,0.20250029434513708,0.10146176114599226,0.10705366159244861,65,absolute Pearson r across 29696 matched cortical vertices,descriptive ceiling; candidate reuse allowed
sub-24,left,804,0.019701676443219185,780,0.07596736401319504,-24,0.20266277018014953,0.10163112366398604,0.09833113587305772,65,absolute Pearson r across 29696 matched cortical vertices,descriptive ceiling; candidate reuse allowed
sub-24,left,805,0.03654537349939346,775,0.08769801259040833,-30,0.20321862560011392,0.1017685714581537,0.09780968795013009,65,absolute Pearson r across 29696 matched cortical vertices,descriptive ceiling; candidate reuse allowed
sub-24,left,806,0.01716967113316059,799,0.08532369136810303,-7,0.20370692425353923,0.10185862310914043,0.10094084157700757,65,absolute Pearson r across 29696 matched cortical vertices,descriptive ceiling; candidate reuse allowed
sub-24,left,807,0.037788841873407364,764,0.05879533663392067,-43,0.2039362875340618,0.10196242974225032,0.09641005854250378,65,absolute Pearson r across 29696 matched cortical vertices,descriptive ceiling; candidate reuse allowed
sub-24,left,808,0.014308173209428787,802,0.08955992758274078,-6,0.20400175955181227,0.10206237352669989,0.10138387481813749,65,absolute Pearson r across 29696 matched cortical vertices,descriptive ceiling; candidate reuse allowed
sub-24,left,809,0.026874054223299026,773,0.07521916180849075,-36,0.20426594147895802,0.10234705984402612,0.09752006559971321,65,absolute Pearson r across 29696 matched cortical vertices,descriptive ceiling; candidate reuse allowed
sub-24,left,810,0.03851397708058357,859,0.07763068377971649,49,0.20459434267213703,0.10248951094557587,0.10908607962403385,65,absolute Pearson r across 29696 matched cortical vertices,descriptive ceiling; candidate reuse allowed
sub-24,left,811,0.025691356509923935,852,0.0862073004245758,41,0.20513557613022296,0.10252435751522863,0.10805483597694157,65,absolute Pearson r across 29696 matched cortical vertices,descriptive ceiling; candidate reuse allowed
sub-24,left,812,0.02822859399020672,835,0.08573072403669357,23,0.20520331854807045,0.10266999735903148,0.10590712804213842,65,absolute Pearson r across 29696 matched cortical vertices,descriptive ceiling; candidate reuse allowed
sub-24,left,813,0.02795558236539364,857,0.07211136072874069,44,0.2053975043464283,0.10284955648625757,0.10884346883889065,66,absolute Pearson r across 29696 matched cortical vertices,descriptive ceiling; candidate reuse allowed
sub-24,left,814,0.025290874764323235,825,0.10048403590917587,11,0.2056048289228362,0.10296488302099695,0.10434955493291713,66,absolute Pearson r across 29696 matched cortical vertices,descriptive ceiling; candidate reuse allowed
sub-24,left,815,0.021083341911435127,758,0.08374175429344177,-57,0.20596888587101486,0.10317295021887014,0.09563944746439443,66,absolute Pearson r across 29696 matched cortical vertices,descriptive ceiling; candidate reuse allowed
sub-24,left,816,0.005194390658289194,761,0.09631986171007156,-55,0.20624534833716643,0.10322028859437483,0.09593187015140436,66,absolute Pearson r across 29696 matched cortical vertices,descriptive ceiling; candidate reuse allowed
sub-24,left,817,0.019928453490138054,784,0.08999896794557571,-33,0.20651996891682553,0.10349077709761527,0.09903316703624622,66,absolute Pearson r across 29696 matched cortical vertices,descriptive ceiling; candidate reuse allowed
sub-24,left,818,0.04931022599339485,848,0.08210240304470062,30,0.20669872731600733,0.1035927165565231,0.10765861200304955,66,absolute Pearson r across 29696 matched cortical vertices,descriptive ceiling; candidate reuse allowed
sub-24,left,819,0.0005331740248948336,767,0.07722761482000351,-52,0.2068313356705134,0.10364524415214924,0.09686810779574925,66,absolute Pearson r across 29696 matched cortical vertices,descriptive ceiling; candidate reuse allowed
sub-24,left,820,0.04067925736308098,864,0.08650529384613037,44,0.20694277576903314,0.10383075345335384,0.10969758473604774,66,absolute Pearson r across 29696 matched cortical vertices,descriptive ceiling; candidate reuse allowed
sub-24,left,821,0.013531068339943886,886,0.08813772350549698,65,0.2073226778610342,0.10387294862594905,0.11265807142536642,66,absolute Pearson r across 29696 matched cortical vertices,descriptive ceiling; candidate reuse allowed
sub-24,left,822,0.011010262183845043,833,0.09222075343132019,11,0.20738822220423273,0.10398890177992115,0.10562260448326988,66,absolute Pearson r across 29696 matched cortical vertices,descriptive ceiling; candidate reuse allowed
sub-24,left,823,0.024468664079904556,860,0.07848856598138809,37,0.2082215215177689,0.10417575694977312,0.1091918243926599,66,absolute Pearson r across 29696 matched cortical vertices,descriptive ceiling; candidate reuse allowed
sub-24,left,824,0.07545807212591171,871,0.07712608575820923,47,0.20837358153135233,0.10428529508370611,0.11073066807939654,66,absolute Pearson r across 29696 matched cortical vertices,descriptive ceiling; candidate reuse allowed
sub-24,left,825,0.014950532466173172,859,0.08325247466564178,34,0.20850383565691488,0.10434955493291713,0.10908607962403385,66,absolute Pearson r across 29696 matched cortical vertices,descriptive ceiling; candidate reuse allowed
sub-24,left,826,0.005074203480035067,882,0.0714346319437027,56,0.20872311106665314,0.1045634353990902,0.11213109621274968,67,absolute Pearson r across 29696 matched cortical vertices,descriptive ceiling; candidate reuse allowed
sub-24,left,827,0.029209019616246223,892,0.08099514245986938,65,0.2091890409107594,0.10467914868066834,0.11348984938629143,67,absolute Pearson r across 29696 matched cortical vertices,descriptive ceiling; candidate reuse allowed
sub-24,left,828,0.009609521366655827,800,0.07821048051118851,-28,0.20926475414551865,0.10477353110576221,0.1011110150699392,67,absolute Pearson r across 29696 matched cortical vertices,descriptive ceiling; candidate reuse allowed
sub-24,left,829,0.012716354802250862,870,0.06786856055259705,41,0.20938912712981267,0.10496975412799482,0.1105905744151853,67,absolute Pearson r across 29696 matched cortical vertices,descriptive ceiling; candidate reuse allowed
sub-24,left,830,0.0608636736869812,825,0.07525850087404251,-5,0.20967326210178797,0.10509780726130087,0.10434955493291713,67,absolute Pearson r across 29696 matched cortical vertices,descriptive ceiling; candidate reuse allowed
sub-24,left,831,0.06609228253364563,802,0.07468976080417633,-29,0.20989674867488245,0.10522846521853453,0.10138387481813749,67,absolute Pearson r across 29696 matched cortical vertices,descriptive ceiling; candidate reuse allowed
sub-24,left,832,0.061562541872262955,893,0.0868372917175293,61,0.21032145658993234,0.10548326138126538,0.11367703616798108,67,absolute Pearson r across 29696 matched cortical vertices,descriptive ceiling; candidate reuse allowed
sub-24,left,833,0.000702681252732873,870,0.09100162237882614,37,0.21051673823044573,0.10562260448326988,0.1105905744151853,67,absolute Pearson r across 29696 matched cortical vertices,descriptive ceiling; candidate reuse allowed
sub-24,left,834,0.036716312170028687,860,0.08809357136487961,26,0.21062434576229996,0.10584259103530923,0.1091918243926599,67,absolute Pearson r across 29696 matched cortical vertices,descriptive ceiling; candidate reuse allowed
sub-24,left,835,0.050518061965703964,784,0.07209786772727966,-51,0.21102851544709114,0.10590712804213842,0.09903316703624622,67,absolute Pearson r across 29696 matched cortical vertices,descriptive ceiling; candidate reuse allowed
sub-24,left,836,0.04679993912577629,806,0.07089406251907349,-30,0.21133548188858267,0.10593783083717881,0.10185862310914043,67,absolute Pearson r across 29696 matched cortical vertices,descriptive ceiling; candidate reuse allowed
sub-24,left,837,0.03060721419751644,881,0.06391874700784683,44,0.21146545042854112,0.10625285941411061,0.11211819231799863,67,absolute Pearson r across 29696 matched cortical vertices,descriptive ceiling; candidate reuse allowed
sub-24,left,838,0.01201770082116127,898,0.09412524104118347,60,0.21184418042106012,0.1064070088794955,0.1141612752871022,68,absolute Pearson r across 29696 matched cortical vertices,descriptive ceiling; candidate reuse allowed
sub-24,left,839,0.0017755173612385988,809,0.08796565234661102,-30,0.2121033745326951,0.1064964638790955,0.10234705984402612,68,absolute Pearson r across 29696 matched cortical vertices,descriptive ceiling; candidate reuse allowed
sub-24,left,840,0.020573774352669716,796,0.07665444910526276,-44,0.2126426864311679,0.10653828346117444,0.10071078337408788,68,absolute Pearson r across 29696 matched cortical vertices,descriptive ceiling; candidate reuse allowed
sub-24,left,841,0.02715601585805416,858,0.07487546652555466,17,0.2127119798712664,0.10660127717244039,0.10893324331015233,68,absolute Pearson r across 29696 matched cortical vertices,descriptive ceiling; candidate reuse allowed
sub-24,left,842,0.005660687573254108,882,0.09407486021518707,40,0.21326227575133963,0.10684782234445639,0.11213109621274968,68,absolute Pearson r across 29696 matched cortical vertices,descriptive ceiling; candidate reuse allowed
sub-24,left,843,0.039060208946466446,838,0.07355569303035736,-5,0.21352255478821958,0.10687327104375607,0.1064070088794955,68,absolute Pearson r across 29696 matched cortical vertices,descriptive ceiling; candidate reuse allowed
sub-24,left,844,0.0013920594938099384,876,0.08592015504837036,32,0.21376491426933833,0.10698784915515717,0.11141983919338577,68,absolute Pearson r across 29696 matched cortical vertices,descriptive ceiling; candidate reuse allowed
sub-24,left,845,0.022930271923542023,818,0.07884570211172104,-27,0.21392196057203405,0.10705366159244861,0.1035927165565231,68,absolute Pearson r across 29696 matched cortical vertices,descriptive ceiling; candidate reuse allowed
sub-24,left,846,0.02597181126475334,817,0.09061030298471451,-29,0.21404234393206042,0.10740808265016685,0.10349077709761527,68,absolute Pearson r across 29696 matched cortical vertices,descriptive ceiling; candidate reuse allowed
sub-24,left,847,0.019282380118966103,904,0.07969728857278824,57,0.21428907731947613,0.10743662730150744,0.11495369992014805,68,absolute Pearson r across 29696 matched cortical vertices,descriptive ceiling; candidate reuse allowed
sub-24,left,848,0.0122264688834548,789,0.08572407811880112,-59,0.21452448599192978,0.10765861200304955,0.09980144433369602,68,absolute Pearson r across 29696 matched cortical vertices,descriptive ceiling; candidate reuse allowed
sub-24,left,849,0.030926639214158058,899,0.07709949463605881,50,0.214788476641547,0.1076811486916572,0.11439809766153454,68,absolute Pearson r across 29696 matched cortical vertices,descriptive ceiling; candidate reuse allowed
sub-24,left,850,0.0019746890757232904,906,0.10699572414159775,56,0.21509361012133474,0.10782841270840003,0.11532701047726511,68,absolute Pearson r across 29696 matched cortical vertices,descriptive ceiling; candidate reuse allowed
sub-24,left,851,0.0077068316750228405,887,0.07286307960748672,36,0.21534307797889551,0.1079846753378571,0.11285933688407193,69,absolute Pearson r across 29696 matched cortical vertices,descriptive ceiling; candidate reuse allowed
sub-24,left,852,0.03285536170005798,784,0.08457166701555252,-68,0.21574090707133364,0.10805483597694157,0.09903316703624622,69,absolute Pearson r across 29696 matched cortical vertices,descriptive ceiling; candidate reuse allowed
sub-24,left,853,0.03819245845079422,878,0.08171504735946655,25,0.21601686307656853,0.10808652348576261,0.11173663202325863,69,absolute Pearson r across 29696 matched cortical vertices,descriptive ceiling; candidate reuse allowed
sub-24,left,854,0.018845640122890472,788,0.12725725769996643,-66,0.2162547060100778,0.10821574852870049,0.09962330887212453,69,absolute Pearson r across 29696 matched cortical vertices,descriptive ceiling; candidate reuse allowed
sub-24,left,855,0.002787434495985508,821,0.09260629117488861,-34,0.21642668512532506,0.10857633477681618,0.10387294862594905,69,absolute Pearson r across 29696 matched cortical vertices,descriptive ceiling; candidate reuse allowed
sub-24,left,856,0.03742532059550285,860,0.09034635126590729,4,0.2165722226714444,0.10869175007497717,0.1091918243926599,69,absolute Pearson r across 29696 matched cortical vertices,descriptive ceiling; candidate reuse allowed
sub-24,left,857,0.04570293799042702,925,0.09011268615722656,68,0.21684298351201722,0.10884346883889065,0.11779902481867514,69,absolute Pearson r across 29696 matched cortical vertices,descriptive ceiling; candidate reuse allowed
sub-24,left,858,0.014940349385142326,890,0.07564373314380646,32,0.21712609882865297,0.10893324331015233,0.11322447128127641,69,absolute Pearson r across 29696 matched cortical vertices,descriptive ceiling; candidate reuse allowed
sub-24,left,859,0.03885342553257942,889,0.08921883255243301,30,0.21740346290864995,0.10908607962403385,0.11309938991454754,69,absolute Pearson r across 29696 matched cortical vertices,descriptive ceiling; candidate reuse allowed
sub-24,left,860,0.03836480528116226,835,0.06950213015079498,-25,0.21772392278037314,0.1091918243926599,0.10590712804213842,69,absolute Pearson r across 29696 matched cortical vertices,descriptive ceiling; candidate reuse allowed
sub-24,left,861,0.004561594687402248,897,0.07478456944227219,36,0.21778982098440922,0.10928255307670431,0.11401733650210635,69,absolute Pearson r across 29696 matched cortical vertices,descriptive ceiling; candidate reuse allowed
sub-24,left,862,0.004815850406885147,808,0.09356622397899628,-54,0.21806989823195866,0.10940041764215716,0.10206237352669989,69,absolute Pearson r across 29696 matched cortical vertices,descriptive ceiling; candidate reuse allowed
sub-24,left,863,0.043935611844062805,864,0.09802587330341339,1,0.21811901781783694,0.10952995593757121,0.10969758473604774,70,absolute Pearson r across 29696 matched cortical vertices,descriptive ceiling; candidate reuse allowed
sub-24,left,864,0.0036925668828189373,905,0.09379373490810394,41,0.21841610306017364,0.10969758473604774,0.11521961903987328,70,absolute Pearson r across 29696 matched cortical vertices,descriptive ceiling; candidate reuse allowed
sub-24,left,865,0.0526285320520401,863,0.09284254908561707,-2,0.21844564210754186,0.10980539031433453,0.10952995593757121,70,absolute Pearson r across 29696 matched cortical vertices,descriptive ceiling; candidate reuse allowed
sub-24,left,866,0.07367990165948868,828,0.07737468928098679,-38,0.21933821502520362,0.10991678777782683,0.10477353110576221,70,absolute Pearson r across 29696 matched cortical vertices,descriptive ceiling; candidate reuse allowed
sub-24,left,867,0.04435465484857559,837,0.08349309116601944,-30,0.21960429482880542,0.11012140376559121,0.10625285941411061,70,absolute Pearson r across 29696 matched cortical vertices,descriptive ceiling; candidate reuse allowed
sub-24,left,868,0.009077819995582104,935,0.07453200221061707,67,0.2199273248918531,0.11017884276327136,0.11920497709348434,70,absolute Pearson r across 29696 matched cortical vertices,descriptive ceiling; candidate reuse allowed
sub-24,left,869,0.010484025813639164,817,0.07522759586572647,-52,0.22003706849300775,0.11025739289770319,0.10349077709761527,70,absolute Pearson r across 29696 matched cortical vertices,descriptive ceiling; candidate reuse allowed
sub-24,left,870,0.03873072937130928,909,0.1203652173280716,39,0.2201456238762572,0.1105905744151853,0.11580760584476209,70,absolute Pearson r across 29696 matched cortical vertices,descriptive ceiling; candidate reuse allowed
sub-24,left,871,0.020322656258940697,923,0.07961753010749817,52,0.22070516430603465,0.11073066807939654,0.1175711043746809,70,absolute Pearson r across 29696 matched cortical vertices,descriptive ceiling; candidate reuse allowed
sub-24,left,872,0.008308473974466324,870,0.0811680257320404,-2,0.22080063741796754,0.11086060599523596,0.1105905744151853,70,absolute Pearson r across 29696 matched cortical vertices,descriptive ceiling; candidate reuse allowed
sub-24,left,873,0.0961444303393364,873,0.0961444303393364,0,0.22108422492219362,0.11098485813218227,0.11098485813218227,70,absolute Pearson r across 29696 matched cortical vertices,descriptive ceiling; candidate reuse allowed
sub-24,left,874,0.007224497850984335,885,0.08402618765830994,11,0.22139227994892055,0.11106564892612818,0.11252580682937538,70,absolute Pearson r across 29696 matched cortical vertices,descriptive ceiling; candidate reuse allowed
sub-24,left,875,0.029007116332650185,922,0.0909390076994896,47,0.22171909525952155,0.11120995083071801,0.11749079619108684,70,absolute Pearson r across 29696 matched cortical vertices,descriptive ceiling; candidate reuse allowed
sub-24,left,876,0.018751803785562515,937,0.0816943570971489,61,0.22197315616794033,0.11141983919338577,0.11946553531893085,71,absolute Pearson r across 29696 matched cortical vertices,descriptive ceiling; candidate reuse allowed
sub-24,left,877,0.03385332599282265,855,0.09060389548540115,-22,0.2223937922491217,0.1115779473517793,0.10857633477681618,71,absolute Pearson r across 29696 matched cortical vertices,descriptive ceiling; candidate reuse allowed
sub-24,left,878,0.0388982817530632,821,0.09802050143480301,-57,0.22243092728141314,0.11173663202325863,0.10387294862594905,71,absolute Pearson r across 29696 matched cortical vertices,descriptive ceiling; candidate reuse allowed
sub-24,left,879,0.06047996133565903,946,0.08238030225038528,67,0.22253790158602615,0.11177490359330332,0.12063854573595818,71,absolute Pearson r across 29696 matched cortical vertices,descriptive ceiling; candidate reuse allowed
sub-24,left,880,0.011780088767409325,946,0.08010207116603851,66,0.22308557381833352,0.11188931348385465,0.12063854573595818,71,absolute Pearson r across 29696 matched cortical vertices,descriptive ceiling; candidate reuse allowed
sub-24,left,881,0.021317658945918083,836,0.08057356625795364,-45,0.2233971455851245,0.11211819231799863,0.10593783083717881,71,absolute Pearson r across 29696 matched cortical vertices,descriptive ceiling; candidate reuse allowed
sub-24,left,882,0.04249332472681999,941,0.08121917396783829,59,0.2236103898638147,0.11213109621274968,0.11997088706185198,71,absolute Pearson r across 29696 matched cortical vertices,descriptive ceiling; candidate reuse allowed
sub-24,left,883,0.0014095366932451725,829,0.0794408991932869,-54,0.223740711689079,0.11221185271464848,0.10496975412799482,71,absolute Pearson r across 29696 matched cortical vertices,descriptive ceiling; candidate reuse allowed
sub-24,left,884,0.03641352429986,841,0.05829320102930069,-43,0.22422498377160002,0.11235008887231826,0.10660127717244039,71,absolute Pearson r across 29696 matched cortical vertices,descriptive ceiling; candidate reuse allowed
sub-24,left,885,0.03142903372645378,910,0.08643593639135361,25,0.22447868498274312,0.11252580682937538,0.11601776179172678,71,absolute Pearson r across 29696 matched cortical vertices,descriptive ceiling; candidate reuse allowed
sub-24,left,886,0.048343904316425323,928,0.08916786313056946,42,0.2247706275528214,0.11265807142536642,0.11820886734386742,71,absolute Pearson r across 29696 matched cortical vertices,descriptive ceiling; candidate reuse allowed
sub-24,left,887,0.01931612938642502,932,0.07058465480804443,45,0.22509702541472967,0.11285933688407193,0.11871074641877406,71,absolute Pearson r across 29696 matched cortical vertices,descriptive ceiling; candidate reuse allowed
sub-24,left,888,0.012572100386023521,955,0.07477480918169022,67,0.2252418913459503,0.1129094159856836,0.1217883601628539,72,absolute Pearson r across 29696 matched cortical vertices,descriptive ceiling; candidate reuse allowed
sub-24,left,889,0.0069468943402171135,903,0.07538288086652756,14,0.22546048381247857,0.11309938991454754,0.11491229324060998,72,absolute Pearson r across 29696 matched cortical vertices,descriptive ceiling; candidate reuse allowed
sub-24,left,890,0.015712589025497437,942,0.07313505560159683,52,0.22592094469091026,0.11322447128127641,0.1201504169467064,72,absolute Pearson r across 29696 matched cortical vertices,descriptive ceiling; candidate reuse allowed
sub-24,left,891,0.05655035004019737,857,0.10001569241285324,-34,0.22598710470556121,0.11327430136806967,0.10884346883889065,72,absolute Pearson r across 29696 matched cortical vertices,descriptive ceiling; candidate reuse allowed
sub-24,left,892,0.009003457613289356,907,0.07179292291402817,15,0.22604572948942966,0.11348984938629143,0.1154781068592808,72,absolute Pearson r across 29696 matched cortical vertices,descriptive ceiling; candidate reuse allowed
sub-24,left,893,0.0010856951121240854,915,0.09436273574829102,22,0.2266173900362581,0.11367703616798108,0.11649981028943805,72,absolute Pearson r across 29696 matched cortical vertices,descriptive ceiling; candidate reuse allowed
sub-24,left,894,0.05619196593761444,850,0.06416644155979156,-44,0.22664010660889672,0.11374874440457614,0.10782841270840003,72,absolute Pearson r across 29696 matched cortical vertices,descriptive ceiling; candidate reuse allowed
sub-24,left,895,0.05471044406294823,927,0.08278007805347443,32,0.22732009819314297,0.11381435026626359,0.11810203765927581,72,absolute Pearson r across 29696 matched cortical vertices,descriptive ceiling; candidate reuse allowed
sub-24,left,896,0.0029265983030200005,885,0.07548703253269196,-11,0.2273748640065785,0.11394791827119063,0.11252580682937538,72,absolute Pearson r across 29696 matched cortical vertices,descriptive ceiling; candidate reuse allowed
sub-24,left,897,0.022045765072107315,884,0.06158340349793434,-13,0.22750897944155143,0.11401733650210635,0.11235008887231826,72,absolute Pearson r across 29696 matched cortical vertices,descriptive ceiling; candidate reuse allowed
sub-24,left,898,0.0067231133580207825,830,0.07337511330842972,-68,0.22793802808319746,0.1141612752871022,0.10509780726130087,72,absolute Pearson r across 29696 matched cortical vertices,descriptive ceiling; candidate reuse allowed
sub-24,left,899,0.00750223733484745,929,0.08554086834192276,30,0.22806436399994431,0.11439809766153454,0.11831731917515699,72,absolute Pearson r across 29696 matched cortical vertices,descriptive ceiling; candidate reuse allowed
sub-24,left,900,0.022598672658205032,873,0.079047292470932,-27,0.22846246708808107,0.11450966692391087,0.11098485813218227,72,absolute Pearson r across 29696 matched cortical vertices,descriptive ceiling; candidate reuse allowed
sub-24,left,901,0.0044968146830797195,913,0.07034154236316681,12,0.22872004905686572,0.11464079642875709,0.11627420578637508,73,absolute Pearson r across 29696 matched cortical vertices,descriptive ceiling; candidate reuse allowed
sub-24,left,902,0.017100244760513306,962,0.06394081562757492,60,0.2290081878283309,0.11471994602531653,0.1227768791843143,73,absolute Pearson r across 29696 matched cortical vertices,descriptive ceiling; candidate reuse allowed
sub-24,left,903,0.011918801814317703,917,0.07205585390329361,14,0.22906512406052354,0.11491229324060998,0.11681010428672746,73,absolute Pearson r across 29696 matched cortical vertices,descriptive ceiling; candidate reuse allowed
sub-24,left,904,0.05136463791131973,870,0.08523713052272797,-34,0.22919048145550758,0.11495369992014805,0.1105905744151853,73,absolute Pearson r across 29696 matched cortical vertices,descriptive ceiling; candidate reuse allowed
sub-24,left,905,0.018756985664367676,950,0.08979993313550949,45,0.22945296324573888,0.11521961903987328,0.12115653684587059,73,absolute Pearson r across 29696 matched cortical vertices,descriptive ceiling; candidate reuse allowed
sub-24,left,906,0.011854141019284725,871,0.08387269079685211,-35,0.23033876149442753,0.11532701047726511,0.11073066807939654,73,absolute Pearson r across 29696 matched cortical vertices,descriptive ceiling; candidate reuse allowed
sub-24,left,907,0.011603623628616333,875,0.07071398943662643,-32,0.23050413614556367,0.1154781068592808,0.11120995083071801,73,absolute Pearson r across 29696 matched cortical vertices,descriptive ceiling; candidate reuse allowed
sub-24,left,908,0.003921389114111662,928,0.0835416167974472,20,0.23057626058168276,0.11563160243336619,0.11820886734386742,73,absolute Pearson r across 29696 matched cortical vertices,descriptive ceiling; candidate reuse allowed
sub-24,left,909,0.03158465027809143,904,0.07196121662855148,-5,0.23102376337986272,0.11580760584476209,0.11495369992014805,73,absolute Pearson r across 29696 matched cortical vertices,descriptive ceiling; candidate reuse allowed
sub-24,left,910,0.01597220078110695,844,0.08500257134437561,-66,0.23123276786749525,0.11601776179172678,0.10698784915515717,73,absolute Pearson r across 29696 matched cortical vertices,descriptive ceiling; candidate reuse allowed
sub-24,left,911,0.007190578617155552,939,0.08395460247993469,28,0.23133536220837858,0.11615780628718193,0.11965312049184136,73,absolute Pearson r across 29696 matched cortical vertices,descriptive ceiling; candidate reuse allowed
sub-24,left,912,0.038763631135225296,953,0.07471150904893875,41,0.23155685855876004,0.1162261800767926,0.12157703296350074,73,absolute Pearson r across 29696 matched cortical vertices,descriptive ceiling; candidate reuse allowed
sub-24,left,913,0.019057855010032654,887,0.08321744203567505,-26,0.2317760829881652,0.11627420578637508,0.11285933688407193,74,absolute Pearson r across 29696 matched cortical vertices,descriptive ceiling; candidate reuse allowed
sub-24,left,914,0.0343460850417614,844,0.11190201342105865,-70,0.23227982178537748,0.11641516737408934,0.10698784915515717,74,absolute Pearson r across 29696 matched cortical vertices,descriptive ceiling; candidate reuse allowed
sub-24,left,915,0.05716308578848839,938,0.06399628520011902,23,0.2323176994987677,0.11649981028943805,0.11963817702724595,74,absolute Pearson r across 29696 matched cortical vertices,descriptive ceiling; candidate reuse allowed
sub-24,left,916,0.02019781805574894,949,0.07737493515014648,33,0.23266754049599447,0.11663898685581407,0.12110595693642832,74,absolute Pearson r across 29696 matched cortical vertices,descriptive ceiling; candidate reuse allowed
sub-24,left,917,0.0031045526266098022,902,0.10073047876358032,-15,0.2328320321678982,0.11681010428672746,0.11471994602531653,74,absolute Pearson r across 29696 matched cortical vertices,descriptive ceiling; candidate reuse allowed
sub-24,left,918,0.005781244952231646,944,0.06844866275787354,26,0.2330710082629594,0.1169735234797442,0.12039742495713683,74,absolute Pearson r across 29696 matched cortical vertices,descriptive ceiling; candidate reuse allowed
sub-24,left,919,0.0030058398842811584,915,0.1139628067612648,-4,0.2334998481734184,0.11713494408713974,0.11649981028943805,74,absolute Pearson r across 29696 matched cortical vertices,descriptive ceiling; candidate reuse allowed
sub-24,left,920,0.03416886553168297,889,0.07623240351676941,-31,0.23367143999141038,0.1172141983139544,0.11309938991454754,74,absolute Pearson r across 29696 matched cortical vertices,descriptive ceiling; candidate reuse allowed
sub-24,left,921,0.04621624946594238,849,0.07346858084201813,-72,0.23397786775424906,0.11727694225542325,0.1076811486916572,74,absolute Pearson r across 29696 matched cortical vertices,descriptive ceiling; candidate reuse allowed
sub-24,left,922,0.039902638643980026,916,0.07859315723180771,-6,0.2340959803997872,0.11749079619108684,0.11663898685581407,74,absolute Pearson r across 29696 matched cortical vertices,descriptive ceiling; candidate reuse allowed
sub-24,left,923,0.007895780727267265,971,0.08378805220127106,48,0.23448027426504095,0.1175711043746809,0.12404164700485328,74,absolute Pearson r across 29696 matched cortical vertices,descriptive ceiling; candidate reuse allowed
sub-24,left,924,0.0037707302253693342,868,0.06605365127325058,-56,0.23482916482230431,0.1176259153795413,0.11017884276327136,74,absolute Pearson r across 29696 matched cortical vertices,descriptive ceiling; candidate reuse allowed
sub-24,left,925,0.010095312260091305,934,0.08117270469665527,9,0.2349690634159347,0.11779902481867514,0.11888973446194011,74,absolute Pearson r across 29696 matched cortical vertices,descriptive ceiling; candidate reuse allowed
sub-24,left,926,0.0028936322778463364,884,0.07989431172609329,-42,0.2351462470937405,0.11789662280471146,0.11235008887231826,75,absolute Pearson r across 29696 matched cortical vertices,descriptive ceiling; candidate reuse allowed
sub-24,left,927,0.043338555842638016,912,0.07787921279668808,-15,0.2353060763264887,0.11810203765927581,0.1162261800767926,75,absolute Pearson r across 29696 matched cortical vertices,descriptive ceiling; candidate reuse allowed
sub-24,left,928,0.014176351949572563,859,0.06313633918762207,-69,0.23591646758326354,0.11820886734386742,0.10908607962403385,75,absolute Pearson r across 29696 matched cortical vertices,descriptive ceiling; candidate reuse allowed
sub-24,left,929,0.03426415100693703,978,0.07365246117115021,49,0.23615802768655678,0.11831731917515699,0.1248764324965377,75,absolute Pearson r across 29696 matched cortical vertices,descriptive ceiling; candidate reuse allowed
sub-24,left,930,0.01700195111334324,920,0.07998140156269073,-10,0.2363979472189752,0.11833977865130883,0.1172141983139544,75,absolute Pearson r across 29696 matched cortical vertices,descriptive ceiling; candidate reuse allowed
sub-24,left,931,0.037947725504636765,908,0.07437067478895187,-23,0.2364912657520459,0.11844122799183472,0.11563160243336619,75,absolute Pearson r across 29696 matched cortical vertices,descriptive ceiling; candidate reuse allowed
sub-24,left,932,0.01127079501748085,990,0.07691863924264908,58,0.23666148011834856,0.11871074641877406,0.12658780003346287,75,absolute Pearson r across 29696 matched cortical vertices,descriptive ceiling; candidate reuse allowed
sub-24,left,933,0.04074491560459137,866,0.1127067282795906,-67,0.23701574577145637,0.11879319416506683,0.10991678777782683,75,absolute Pearson r across 29696 matched cortical vertices,descriptive ceiling; candidate reuse allowed
sub-24,left,934,0.0055815065279603004,917,0.10251644253730774,-17,0.23723139240942526,0.11888973446194011,0.11681010428672746,75,absolute Pearson r across 29696 matched cortical vertices,descriptive ceiling; candidate reuse allowed
sub-24,left,935,0.06356623023748398,982,0.07773084938526154,47,0.2373162455024225,0.11920497709348434,0.1255377224059753,75,absolute Pearson r across 29696 matched cortical vertices,descriptive ceiling; candidate reuse allowed
sub-24,left,936,0.028089066967368126,881,0.07318873703479767,-55,0.23753201291509665,0.11935191775120481,0.11211819231799863,75,absolute Pearson r across 29696 matched cortical vertices,descriptive ceiling; candidate reuse allowed
sub-24,left,937,0.025026405230164528,960,0.08716270327568054,23,0.23778592814262686,0.11946553531893085,0.12251070892086839,75,absolute Pearson r across 29696 matched cortical vertices,descriptive ceiling; candidate reuse allowed
sub-24,left,938,0.021285945549607277,876,0.07709931582212448,-62,0.23799342395799652,0.11963817702724595,0.11141983919338577,76,absolute Pearson r across 29696 matched cortical vertices,descriptive ceiling; candidate reuse allowed
sub-24,left,939,0.030919617041945457,864,0.09709742665290833,-75,0.23838376122997032,0.11965312049184136,0.10969758473604774,76,absolute Pearson r across 29696 matched cortical vertices,descriptive ceiling; candidate reuse allowed
sub-24,left,940,0.005305415019392967,881,0.06396391987800598,-59,0.23896359635424416,0.11980029992895098,0.11211819231799863,76,absolute Pearson r across 29696 matched cortical vertices,descriptive ceiling; candidate reuse allowed
sub-24,left,941,0.05432828143239021,977,0.09008509665727615,36,0.23934059557917628,0.11997088706185198,0.12474914555003615,76,absolute Pearson r across 29696 matched cortical vertices,descriptive ceiling; candidate reuse allowed
sub-24,left,942,0.031248636543750763,976,0.08882663398981094,34,0.2393865493973163,0.1201504169467064,0.12471980505950413,76,absolute Pearson r across 29696 matched cortical vertices,descriptive ceiling; candidate reuse allowed
sub-24,left,943,0.011228757910430431,959,0.07767898589372635,16,0.2396480317148081,0.12023572005221779,0.12234479845707914,76,absolute Pearson r across 29696 matched cortical vertices,descriptive ceiling; candidate reuse allowed
sub-24,left,944,0.018657788634300232,966,0.0672009140253067,22,0.23986496142956898,0.12039742495713683,0.12335664203310541,76,absolute Pearson r across 29696 matched cortical vertices,descriptive ceiling; candidate reuse allowed
sub-24,left,945,0.011634347960352898,959,0.07139770686626434,14,0.24026146942171323,0.12054719683635647,0.12234479845707914,76,absolute Pearson r across 29696 matched cortical vertices,descriptive ceiling; candidate reuse allowed
sub-24,left,946,0.015818145126104355,888,0.07372504472732544,-58,0.24065869255497196,0.12063854573595818,0.1129094159856836,76,absolute Pearson r across 29696 matched cortical vertices,descriptive ceiling; candidate reuse allowed
sub-24,left,947,0.013939653523266315,973,0.07417215406894684,26,0.24076846083504982,0.12072807361831676,0.12425366201108858,76,absolute Pearson r across 29696 matched cortical vertices,descriptive ceiling; candidate reuse allowed
sub-24,left,948,0.01382536068558693,872,0.07187288254499435,-76,0.24114916101481454,0.12091738857200286,0.11086060599523596,76,absolute Pearson r across 29696 matched cortical vertices,descriptive ceiling; candidate reuse allowed
sub-24,left,949,0.06502550840377808,933,0.07090525329113007,-16,0.24142513436091145,0.12110595693642832,0.11879319416506683,76,absolute Pearson r across 29696 matched cortical vertices,descriptive ceiling; candidate reuse allowed
sub-24,left,950,0.025641173124313354,915,0.08083255589008331,-35,0.24189709684802346,0.12115653684587059,0.11649981028943805,76,absolute Pearson r across 29696 matched cortical vertices,descriptive ceiling; candidate reuse allowed
sub-24,left,951,0.02880166471004486,945,0.08219597488641739,-6,0.24191616677914524,0.12138330125039117,0.12054719683635647,77,absolute Pearson r across 29696 matched cortical vertices,descriptive ceiling; candidate reuse allowed
sub-24,left,952,0.00035905069671571255,909,0.07251852005720139,-43,0.24237487924592416,0.12147493028016894,0.11580760584476209,77,absolute Pearson r across 29696 matched cortical vertices,descriptive ceiling; candidate reuse allowed
sub-24,left,953,0.03625006228685379,940,0.08643191307783127,-13,0.24266996232257115,0.12157703296350074,0.11980029992895098,77,absolute Pearson r across 29696 matched cortical vertices,descriptive ceiling; candidate reuse allowed
sub-24,left,954,0.003973160870373249,997,0.08838102966547012,43,0.24288329641806222,0.12168294251752833,0.12745569585957472,77,absolute Pearson r across 29696 matched cortical vertices,descriptive ceiling; candidate reuse allowed
sub-24,left,955,0.012795040383934975,923,0.07628334313631058,-32,0.24318109092195161,0.1217883601628539,0.1175711043746809,77,absolute Pearson r across 29696 matched cortical vertices,descriptive ceiling; candidate reuse allowed
sub-24,left,956,0.013823499903082848,990,0.07632248848676682,34,0.24347967430742762,0.12184759886440312,0.12658780003346287,77,absolute Pearson r across 29696 matched cortical vertices,descriptive ceiling; candidate reuse allowed
sub-24,left,957,0.023778719827532768,929,0.115086629986763,-28,0.24361495708394154,0.1220872831426187,0.11831731917515699,77,absolute Pearson r across 29696 matched cortical vertices,descriptive ceiling; candidate reuse allowed
sub-24,left,958,0.030884848907589912,921,0.07530227303504944,-37,0.24392517779207362,0.12214069573006799,0.11727694225542325,77,absolute Pearson r across 29696 matched cortical vertices,descriptive ceiling; candidate reuse allowed
sub-24,left,959,0.008224794641137123,894,0.08241524547338486,-65,0.24411100930412427,0.12234479845707914,0.11374874440457614,77,absolute Pearson r across 29696 matched cortical vertices,descriptive ceiling; candidate reuse allowed
sub-24,left,960,0.006411881186068058,973,0.07236770540475845,13,0.24420293448350233,0.12251070892086839,0.12425366201108858,77,absolute Pearson r across 29696 matched cortical vertices,descriptive ceiling; candidate reuse allowed
sub-24,left,961,0.04292682930827141,925,0.07173599302768707,-36,0.24459566540279742,0.12264185346779145,0.11779902481867514,77,absolute Pearson r across 29696 matched cortical vertices,descriptive ceiling; candidate reuse allowed
sub-24,left,962,0.03225730359554291,984,0.07151474803686142,22,0.24510884400241711,0.1227768791843143,0.1257690496835488,77,absolute Pearson r across 29696 matched cortical vertices,descriptive ceiling; candidate reuse allowed
sub-24,left,963,0.002831333316862583,905,0.09386303275823593,-58,0.24541989604817466,0.1228349587623863,0.11521961903987328,78,absolute Pearson r across 29696 matched cortical vertices,descriptive ceiling; candidate reuse allowed
sub-24,left,964,0.02175820618867874,953,0.07483968883752823,-11,0.24558583330584632,0.12294109794259266,0.12157703296350074,78,absolute Pearson r across 29696 matched cortical vertices,descriptive ceiling; candidate reuse allowed
sub-24,left,965,0.04647025465965271,918,0.06721147149801254,-47,0.24598244997224455,0.123204610199014,0.1169735234797442,78,absolute Pearson r across 29696 matched cortical vertices,descriptive ceiling; candidate reuse allowed
sub-24,left,966,0.020862121134996414,995,0.062008555978536606,29,0.2461261977974576,0.12335664203310541,0.12721412579672817,78,absolute Pearson r across 29696 matched cortical vertices,descriptive ceiling; candidate reuse allowed
sub-24,left,967,0.04480466991662979,988,0.07522300630807877,21,0.2466545621051064,0.12343265415509615,0.12625515677354082,78,absolute Pearson r across 29696 matched cortical vertices,descriptive ceiling; candidate reuse allowed
sub-24,left,968,0.0055021983571350574,930,0.07539191842079163,-38,0.24685359480746888,0.12358903353774282,0.11833977865130883,78,absolute Pearson r across 29696 matched cortical vertices,descriptive ceiling; candidate reuse allowed
sub-24,left,969,0.03256967291235924,904,0.06843412667512894,-65,0.24699528639926527,0.12389836264196634,0.11495369992014805,78,absolute Pearson r across 29696 matched cortical vertices,descriptive ceiling; candidate reuse allowed
sub-24,left,970,0.003507361514493823,902,0.07328055799007416,-68,0.24719808146962824,0.1239170703689418,0.11471994602531653,78,absolute Pearson r across 29696 matched cortical vertices,descriptive ceiling; candidate reuse allowed
sub-24,left,971,0.02001330628991127,929,0.08040649443864822,-42,0.247400528986922,0.12404164700485328,0.11831731917515699,78,absolute Pearson r across 29696 matched cortical vertices,descriptive ceiling; candidate reuse allowed
sub-24,left,972,0.019587300717830658,970,0.0879683643579483,-2,0.24751857323753912,0.12409160699666434,0.1239170703689418,78,absolute Pearson r across 29696 matched cortical vertices,descriptive ceiling; candidate reuse allowed
sub-24,left,973,0.02835049293935299,970,0.07952193170785904,-3,0.24759098734462492,0.12425366201108858,0.1239170703689418,78,absolute Pearson r across 29696 matched cortical vertices,descriptive ceiling; candidate reuse allowed
sub-24,left,974,0.07555301487445831,903,0.08672752231359482,-71,0.24784612655687938,0.1243600248829881,0.11491229324060998,78,absolute Pearson r across 29696 matched cortical vertices,descriptive ceiling; candidate reuse allowed
sub-24,left,975,0.0009461729787290096,916,0.08029976487159729,-59,0.24826220103798435,0.12464564484901376,0.11663898685581407,78,absolute Pearson r across 29696 matched cortical vertices,descriptive ceiling; candidate reuse allowed
sub-24,left,976,0.043077483773231506,989,0.07799001038074493,13,0.24843311307062388,0.12471980505950413,0.1265537529421763,79,absolute Pearson r across 29696 matched cortical vertices,descriptive ceiling; candidate reuse allowed
sub-24,left,977,0.007984517142176628,980,0.08013062924146652,3,0.24849593448354168,0.12474914555003615,0.12515068375277807,79,absolute Pearson r across 29696 matched cortical vertices,descriptive ceiling; candidate reuse allowed
sub-24,left,978,0.040534213185310364,907,0.07273176312446594,-71,0.2489119236858061,0.1248764324965377,0.1154781068592808,79,absolute Pearson r across 29696 matched cortical vertices,descriptive ceiling; candidate reuse allowed
sub-24,left,979,0.017902031540870667,904,0.0678233802318573,-75,0.2493605243128545,0.1250873579732893,0.11495369992014805,79,absolute Pearson r across 29696 matched cortical vertices,descriptive ceiling; candidate reuse allowed
sub-24,left,980,0.01217740960419178,976,0.08108440041542053,-4,0.24962114694260773,0.12515068375277807,0.12471980505950413,79,absolute Pearson r across 29696 matched cortical vertices,descriptive ceiling; candidate reuse allowed
sub-24,left,981,0.037420228123664856,936,0.06626205146312714,-45,0.24968162174439534,0.1253062635453675,0.11935191775120481,79,absolute Pearson r across 29696 matched cortical vertices,descriptive ceiling; candidate reuse allowed
sub-24,left,982,0.0027077498380094767,932,0.06990348547697067,-50,0.2501997004948057,0.1255377224059753,0.11871074641877406,79,absolute Pearson r across 29696 matched cortical vertices,descriptive ceiling; candidate reuse allowed
sub-24,left,983,0.042518481612205505,954,0.08433572202920914,-29,0.25034706986601957,0.12569344302890306,0.12168294251752833,79,absolute Pearson r across 29696 matched cortical vertices,descriptive ceiling; candidate reuse allowed
sub-24,left,984,0.011570186354219913,986,0.06081382557749748,2,0.25053159944428566,0.1257690496835488,0.12606292428077334,79,absolute Pearson r across 29696 matched cortical vertices,descriptive ceiling; candidate reuse allowed
sub-24,left,985,0.035262685269117355,943,0.05941036343574524,-42,0.2509770746050616,0.1259732348619824,0.12023572005221779,79,absolute Pearson r across 29696 matched cortical vertices,descriptive ceiling; candidate reuse allowed
sub-24,left,986,0.008083969354629517,948,0.07778852432966232,-38,0.2511009446572504,0.12606292428077334,0.12091738857200286,79,absolute Pearson r across 29696 matched cortical vertices,descriptive ceiling; candidate reuse allowed
sub-24,left,987,0.01450404804199934,995,0.09063416719436646,8,0.2513824796784892,0.12614800224326408,0.12721412579672817,79,absolute Pearson r across 29696 matched cortical vertices,descriptive ceiling; candidate reuse allowed
sub-24,left,988,0.024628782644867897,959,0.07051435112953186,-29,0.25156953527703757,0.12625515677354082,0.12234479845707914,80,absolute Pearson r across 29696 matched cortical vertices,descriptive ceiling; candidate reuse allowed
sub-24,left,989,0.039905987679958344,932,0.061355605721473694,-57,0.251889614124258,0.1265537529421763,0.11871074641877406,80,absolute Pearson r across 29696 matched cortical vertices,descriptive ceiling; candidate reuse allowed
sub-24,left,990,0.03083234652876854,973,0.0771082416176796,-17,0.25212078687308814,0.12658780003346287,0.12425366201108858,80,absolute Pearson r across 29696 matched cortical vertices,descriptive ceiling; candidate reuse allowed
sub-24,left,991,0.033153433352708817,922,0.07318620383739471,-69,0.25235927421410054,0.12672272258389047,0.11749079619108684,80,absolute Pearson r across 29696 matched cortical vertices,descriptive ceiling; candidate reuse allowed
sub-24,left,992,0.007561283651739359,940,0.10087494552135468,-52,0.2526482821927185,0.12681909222731222,0.11980029992895098,80,absolute Pearson r across 29696 matched cortical vertices,descriptive ceiling; candidate reuse allowed
sub-24,left,993,0.025916358456015587,945,0.07306491583585739,-48,0.25300723592115887,0.12703082659800602,0.12054719683635647,80,absolute Pearson r across 29696 matched cortical vertices,descriptive ceiling; candidate reuse allowed
sub-24,left,994,0.01636679098010063,993,0.07826045155525208,-1,0.25330959348114285,0.1271823273578339,0.12703082659800602,80,absolute Pearson r across 29696 matched cortical vertices,descriptive ceiling; candidate reuse allowed
sub-24,left,995,0.024090489372611046,922,0.07981151342391968,-73,0.25371335416529855,0.12721412579672817,0.11749079619108684,80,absolute Pearson r across 29696 matched cortical vertices,descriptive ceiling; candidate reuse allowed
sub-24,left,996,0.0002885498106479645,980,0.07093776762485504,-16,0.25391213921058065,0.1273538713014446,0.12515068375277807,80,absolute Pearson r across 29696 matched cortical vertices,descriptive ceiling; candidate reuse allowed
sub-24,left,997,0.007549218833446503,978,0.06822798401117325,-19,0.2541803126393274,0.12745569585957472,0.1248764324965377,80,absolute Pearson r across 29696 matched cortical vertices,descriptive ceiling; candidate reuse allowed
sub-24,left,998,0.016064759343862534,993,0.062331151217222214,-5,0.2545669497163372,0.12763450483384745,0.12703082659800602,80,absolute Pearson r across 29696 matched cortical vertices,descriptive ceiling; candidate reuse allowed
sub-24,left,999,0.007259739562869072,957,0.07310711592435837,-42,0.2547927229589862,0.12772370232963284,0.1220872831426187,80,absolute Pearson r across 29696 matched cortical vertices,descriptive ceiling; candidate reuse allowed
